timestamp_ms,balance,equity
1704153600000,100000.0,100000.0
1706288400000,99993.77,99986.17
1706288400000,99993.77,99984.0
1706288400000,99993.77,99980.74
1706288400000,99993.77,99977.48
1706288400000,99993.77,99975.31
1706288400000,99993.77,99972.05
1706288400000,99993.77,99968.79
1706288400000,99993.77,99969.88
1706288400000,99993.77,99968.79
1706288400000,99993.77,99969.88
1706288400000,99993.77,99968.79
1706288400000,99993.77,99969.88
1706288400000,99993.77,99968.79
1706288400000,99993.77,99969.87
1706288400000,99993.77,99968.79
1706288400000,99993.77,99969.87
1706288400000,99993.77,99968.79
1706288400000,99993.77,99969.87
1706288400000,99993.77,99968.79
1706288400000,99993.77,99969.87
1706288400000,99993.77,99968.79
1706288400000,99993.77,99969.87
1706288400000,99993.77,99968.79
1706288400000,99993.77,99969.87
1706288400000,99993.77,99968.79
1706288400000,99993.77,99969.88
1706288400000,99993.77,99968.79
1706288400000,99993.77,99969.87
1706288400000,99993.77,99968.79
1706288400000,99993.77,99969.87
1706288400000,99993.77,99968.79
1706288400000,99993.77,99969.87
1706288400000,99993.77,99968.79
1706288400000,99993.77,99969.87
1706288400000,99993.77,99968.79
1706288400000,99993.77,99969.87
1706288400000,99993.77,99968.79
1706288400000,99993.77,99969.87
1706288400000,99993.77,99968.79
1706288400000,99993.77,99969.87
1706288400000,99993.77,99968.79
1706288400000,99993.77,99969.87
1706288400000,99993.77,99968.79
1706288400000,99993.77,99969.87
1706288400000,99993.77,99968.79
1706288400000,99993.77,99969.87
1706288400000,99993.77,99968.79
1706288400000,99993.77,99970.96
1706288400000,99993.77,99967.7
1706288400000,99993.77,99968.78
1706288400000,99993.77,99967.7
1706288400000,99993.77,99968.78
1706288400000,99993.77,99967.7
1706288400000,99993.77,99968.78
1706288400000,99993.77,99967.7
1706288400000,99993.77,99968.78
1706288400000,99993.77,99967.7
1706288400000,99993.77,99968.78
1706288400000,99993.77,99967.7
1706288400000,99993.77,99968.78
1706288400000,99993.77,99967.7
1706288400000,99993.77,99968.78
1706288400000,99993.77,99967.7
1706288400000,99993.77,99968.78
1706288400000,99993.77,99967.7
1706288400000,99993.77,99968.78
1706288400000,99993.77,99967.7
1706288400000,99993.77,99968.78
1706288400000,99993.77,99967.7
1706288400000,99993.77,99968.78
1706288400000,99993.77,99966.61
1706288400000,99993.77,99964.44
1706288400000,99993.77,99962.26
1706288400000,99993.77,99960.09
1706288400000,99993.77,99957.92
1706288400000,99993.77,99955.74
1706288400000,99993.77,99953.57
1706288400000,99993.77,99954.66
1706288400000,99993.77,99953.57
1706288400000,99993.77,99954.66
1706288400000,99993.77,99953.57
1706288400000,99993.77,99954.66
1706288400000,99993.77,99953.57
1706288400000,99993.77,99954.66
1706288400000,99993.77,99952.48
1706288400000,99993.77,99950.31
1706288400000,99993.77,99948.14
1706288400000,99993.77,99945.96
1706288400000,99993.77,99943.79
1706288400000,99993.77,99941.62
1706288400000,99993.77,99939.44
1706288400000,99993.77,99940.53
1706288400000,99993.77,99939.44
1706288400000,99993.77,99940.53
1706288400000,99993.77,99939.44
1706288400000,99993.77,99940.53
1706288400000,99993.77,99939.44
1706288400000,99993.77,99940.53
1706288400000,99993.77,99938.36
1706288400000,99993.77,99936.18
1706288400000,99993.77,99934.01
1706288400000,99993.77,99931.83
1706288400000,99993.77,99929.66
1706288400000,99993.77,99927.49
1706288400000,99993.77,99925.31
1706288400000,99993.77,99926.4
1706288400000,99993.77,99927.49
1706288400000,99993.77,99928.58
1706288400000,99993.77,99930.75
1706288400000,99993.77,99931.84
1706288400000,99993.77,99932.93
1706288400000,99993.77,99935.1
1706288400000,99993.77,99934.01
1706288400000,99993.77,99935.1
1706288400000,99993.77,99934.01
1706288400000,99993.77,99935.1
1706288400000,99993.77,99932.93
1706288400000,99993.77,99934.01
1706288400000,99993.77,99931.84
1706288400000,99993.77,99930.75
1706288400000,99993.77,99931.84
1706288400000,99993.77,99930.75
1706288400000,99993.77,99931.84
1706288400000,99993.77,99930.75
1706288400000,99993.77,99932.93
1706288400000,99993.77,99931.84
1706288400000,99993.77,99932.92
1706288400000,99993.77,99931.84
1706288400000,99993.77,99934.01
1706288400000,99993.77,99932.93
1706288400000,99993.77,99934.01
1706288400000,99993.77,99932.92
1706288400000,99993.77,99938.36
1706288400000,99993.77,99936.19
1706288400000,99993.77,99937.27
1706288400000,99993.77,99936.19
1706288400000,99993.77,99937.27
1706288400000,99993.77,99936.19
1706288400000,99993.77,99937.28
1706288400000,99993.77,99936.19
1706288400000,99993.77,99937.28
1706288400000,99993.77,99936.19
1706288400000,99993.77,99937.28
1706288400000,99993.77,99934.02
1706288400000,99993.77,99935.11
1706288400000,99993.77,99934.02
1706288400000,99993.77,99935.11
1706288400000,99993.77,99934.02
1706288400000,99993.77,99935.11
1706288400000,99993.77,99934.02
1706288400000,99993.77,99935.11
1706288400000,99993.77,99934.02
1706288400000,99993.77,99935.11
1706288400000,99993.77,99936.2
1706288400000,99993.77,99935.11
1706288400000,99993.77,99936.19
1706288400000,99993.77,99935.11
1706288400000,99993.77,99936.2
1706288400000,99993.77,99935.11
1706288400000,99993.77,99936.2
1706288400000,99993.77,99935.11
1706288400000,99993.77,99936.2
1706288400000,99993.77,99934.03
1706288400000,99993.77,99935.12
1706288400000,99993.77,99937.29
1706288400000,99993.77,99939.46
1706288400000,99993.77,99941.64
1706288400000,99993.77,99943.81
1706288400000,99993.77,99944.89
1706288400000,99993.77,99947.07
1706288400000,99993.77,99949.24
1706288400000,99993.77,99951.41
1706288400000,99993.77,99953.58
1706288400000,99993.77,99954.67
1706288400000,99993.77,99953.58
1706288400000,99993.77,99954.67
1706288400000,99993.77,99953.58
1706288400000,99993.77,99954.67
1706288400000,99993.77,99953.58
1706288400000,99993.77,99954.67
1706288400000,99993.77,99953.58
1706288400000,99993.77,99954.67
1706288400000,99993.77,99952.5
1706288400000,99993.77,99953.59
1706288400000,99993.77,99955.76
1706288400000,99993.77,99957.93
1706288400000,99993.77,99960.1
1706288400000,99993.77,99962.28
1706288400000,99993.77,99963.36
1706288400000,99993.77,99965.53
1706288400000,99993.77,99967.71
1706288400000,99993.77,99969.88
1706288400000,99993.77,99972.05
1706288400000,99993.77,99973.14
1706288400000,99993.77,99972.05
1706288400000,99993.77,99973.14
1706288400000,99993.77,99972.05
1706288400000,99993.77,99973.14
1706288400000,99993.77,99972.05
1706288400000,99993.77,99973.14
1706288400000,99993.77,99972.05
1706288400000,99993.77,99973.14
1706288400000,99993.77,99970.97
1706288400000,99993.77,99972.05
1706288400000,99993.77,99974.22
1706288400000,99993.77,99976.4
1706288400000,99993.77,99978.57
1706288400000,99993.77,99980.74
1706288400000,99993.77,99982.91
1706288400000,99993.77,99985.08
1706288400000,99993.77,99987.25
1706288400000,99993.77,99989.43
1706288400000,99993.77,99991.6
1706288400000,99993.77,99990.51
1706288400000,99993.77,99988.34
1706288400000,99993.77,99987.25
1706288400000,99993.77,99985.08
1706288400000,99993.77,99982.91
1706288400000,99993.77,99981.82
1706288400000,99993.77,99979.65
1706288400000,99993.77,99978.57
1706288400000,99993.77,99976.39
1706288400000,99993.77,99974.22
1706288400000,99993.77,99973.14
1706288400000,99993.77,99974.22
1706288400000,99993.77,99973.14
1706288400000,99993.77,99975.31
1706288400000,99993.77,99974.22
1706288400000,99993.77,99975.31
1706288400000,99993.77,99974.22
1706288400000,99993.77,99976.4
1706288400000,99993.77,99975.31
1706288400000,99993.77,99979.65
1706288400000,99993.77,99978.57
1706288400000,99993.77,99979.65
1706288400000,99993.77,99977.48
1706288400000,99993.77,99978.57
1706288400000,99993.77,99977.48
1706288400000,99993.77,99978.57
1706288400000,99993.77,99976.39
1706288400000,99993.77,99977.48
1706288400000,99993.77,99976.39
1706288400000,99993.77,99977.48
1706288400000,99993.77,99975.31
1706288400000,99993.77,99976.39
1706288400000,99993.77,99974.22
1706288400000,99993.77,99975.31
1706288400000,99993.77,99974.22
1706288400000,99993.77,99975.31
1706288400000,99993.77,99968.79
1706288400000,99993.77,99967.7
1706288400000,99993.77,99968.79
1706288400000,99993.77,99967.7
1706288400000,99993.77,99969.88
1706288400000,99993.77,99968.79
1706288400000,99993.77,99970.96
1706288400000,99993.77,99969.88
1706288400000,99993.77,99970.96
1706288400000,99993.77,99969.88
1706288400000,99993.77,99976.39
1706288400000,99993.77,99977.48
1706288400000,99993.77,99976.39
1706288400000,99993.77,99977.48
1706288400000,99993.77,99976.39
1706288400000,99993.77,99977.48
1706288400000,99993.77,99976.39
1706288400000,99993.77,99977.48
1706288400000,99993.77,99976.39
1706288400000,99993.77,99977.48
1706288400000,99993.77,99974.22
1706288400000,99993.77,99973.14
1706288400000,99993.77,99974.22
1706288400000,99993.77,99973.14
1706288400000,99993.77,99975.31
1706288400000,99993.77,99974.22
1706288400000,99993.77,99975.31
1706288400000,99993.77,99974.22
1706288400000,99993.77,99976.39
1706288400000,99993.77,99975.31
1706288400000,99993.77,99979.65
1706288400000,99993.77,99978.57
1706288400000,99993.77,99977.48
1706288400000,99993.77,99975.31
1706288400000,99993.77,99974.22
1706288400000,99993.77,99972.05
1706288400000,99993.77,99970.96
1706288400000,99993.77,99969.88
1706288400000,99993.77,99967.7
1706288400000,99993.77,99966.62
1706288400000,99993.77,99964.44
1706288400000,99993.77,99963.36
1706288400000,99993.77,99964.44
1706288400000,99993.77,99963.36
1706288400000,99993.77,99964.44
1706288400000,99993.77,99963.36
1706288400000,99993.77,99964.44
1706288400000,99993.77,99963.36
1706288400000,99993.77,99964.44
1706288400000,99993.77,99963.36
1706288400000,99993.77,99965.53
1706288400000,99993.77,99964.44
1706288400000,99993.77,99963.36
1706288400000,99993.77,99961.18
1706288400000,99993.77,99960.1
1706288400000,99993.77,99957.93
1706288400000,99993.77,99956.84
1706288400000,99993.77,99955.75
1706288400000,99993.77,99953.58
1706288400000,99993.77,99952.49
1706288400000,99993.77,99950.32
1706288400000,99993.77,99949.23
1706288400000,99993.77,99950.32
1706288400000,99993.77,99949.23
1706288400000,99993.77,99950.32
1706288400000,99993.77,99949.23
1706288400000,99993.77,99950.32
1706288400000,99993.77,99949.23
1706288400000,99993.77,99950.32
1706288400000,99993.77,99949.23
1706288400000,99993.77,99951.41
1706288400000,99993.77,99950.32
1706288400000,99993.77,99949.23
1706288400000,99993.77,99947.06
1706288400000,99993.77,99945.97
1706288400000,99993.77,99943.8
1706288400000,99993.77,99942.71
1706288400000,99993.77,99941.62
1706288400000,99993.77,99939.45
1706288400000,99993.77,99938.36
1706288400000,99993.77,99936.19
1706288400000,99993.77,99938.37
1706288400000,99993.77,99940.54
1706288400000,99993.77,99942.71
1706288400000,99993.77,99944.89
1706288400000,99993.77,99947.06
1706288400000,99993.77,99949.23
1706288400000,99993.77,99951.41
1706288400000,99993.77,99953.58
1706288400000,99993.77,99955.75
1706288400000,99993.77,99957.93
1706288400000,99993.77,99959.01
1706288400000,99993.77,99957.92
1706288400000,99993.77,99959.01
1706288400000,99993.77,99956.84
1706288400000,99993.77,99957.92
1706288400000,99993.77,99955.75
1706288400000,99993.77,99956.84
1706288400000,99993.77,99955.75
1706288400000,99993.77,99956.84
1706288400000,99993.77,99950.32
1706288400000,99993.77,99949.23
1706288400000,99993.77,99950.32
1706288400000,99993.77,99949.23
1706288400000,99993.77,99951.41
1706288400000,99993.77,99950.32
1706288400000,99993.77,99952.49
1706288400000,99993.77,99951.41
1706288400000,99993.77,99953.58
1706288400000,99993.77,99952.49
1706288400000,99993.77,99954.67
1706288400000,99993.77,99953.58
1706288400000,99993.77,99955.75
1706288400000,99993.77,99954.67
1706288400000,99993.77,99956.84
1706288400000,99993.77,99955.75
1706288400000,99993.77,99965.53
1706288400000,99993.77,99964.44
1706288400000,99993.77,99962.27
1706288400000,99993.77,99960.1
1706288400000,99993.77,99957.93
1706288400000,99993.77,99956.84
1706288400000,99993.77,99954.67
1706288400000,99993.77,99952.5
1706288400000,99993.77,99950.33
1706288400000,99993.77,99949.24
1706288400000,99993.77,99950.33
1706288400000,99993.77,99949.24
1706288400000,99993.77,99950.33
1706288400000,99993.77,99949.24
1706288400000,99993.77,99950.33
1706288400000,99993.77,99949.24
1706288400000,99993.77,99951.41
1706288400000,99993.77,99950.33
1706288400000,99993.77,99948.16
1706288400000,99993.77,99945.98
1706288400000,99993.77,99943.81
1706288400000,99993.77,99942.72
1706288400000,99993.77,99940.55
1706288400000,99993.77,99938.38
1706288400000,99993.77,99936.2
1706288400000,99993.77,99935.12
1706288400000,99993.77,99936.2
1706288400000,99993.77,99935.11
1706288400000,99993.77,99936.2
1706288400000,99993.77,99935.11
1706288400000,99993.77,99936.2
1706288400000,99993.77,99935.11
1706288400000,99993.77,99937.29
1706288400000,99993.77,99936.2
1706288400000,99993.77,99934.03
1706288400000,99993.77,99931.86
1706288400000,99993.77,99929.68
1706288400000,99993.77,99928.59
1706288400000,99993.77,99926.42
1706288400000,99993.77,99924.24
1706288400000,99993.77,99922.07
1706288400000,99993.77,99920.98
1706288400000,99993.77,99922.07
1706288400000,99993.77,99920.98
1706288400000,99993.77,99922.07
1706288400000,99993.77,99920.98
1706288400000,99993.77,99922.07
1706288400000,99993.77,99920.98
1706288400000,99993.77,99923.15
1706288400000,99993.77,99920.98
1706288400000,99993.77,99918.81
1706288400000,99993.77,99916.63
1706288400000,99993.77,99914.46
1706288400000,99993.77,99912.28
1706288400000,99993.77,99910.11
1706288400000,99993.77,99907.93
1706288400000,99993.77,99904.67
1706288400000,99993.77,99905.76
1706288400000,99993.77,99906.84
1706288400000,99993.77,99907.93
1706288400000,99993.77,99910.11
1706288400000,99993.77,99911.19
1706288400000,99993.77,99912.28
1706288400000,99993.77,99913.37
1706288400000,99993.77,99915.54
1706288400000,99993.77,99916.63
1706288400000,99993.77,99915.54
1706288400000,99993.77,99916.63
1706288400000,99993.77,99915.54
1706288400000,99993.77,99916.63
1706288400000,99993.77,99914.45
1706288400000,99993.77,99915.54
1706288400000,99993.77,99912.28
1706288400000,99993.77,99911.19
1706288400000,99993.77,99912.28
1706288400000,99993.77,99911.19
1706288400000,99993.77,99913.36
1706288400000,99993.77,99912.28
1706288400000,99993.77,99913.37
1706288400000,99993.77,99912.28
1706288400000,99993.77,99914.45
1706288400000,99993.77,99913.37
1706288400000,99993.77,99914.45
1706288400000,99993.77,99913.37
1706288400000,99993.77,99915.54
1706288400000,99993.77,99914.45
1706288400000,99993.77,99919.89
1706288400000,99993.77,99920.97
1706288400000,99993.77,99922.06
1706288400000,99993.77,99920.97
1706288400000,99993.77,99922.06
1706288400000,99993.77,99920.98
1706288400000,99993.77,99923.15
1706288400000,99993.77,99922.06
1706288400000,99993.77,99924.24
1706288400000,99993.77,99923.15
1706288400000,99993.77,99924.24
1706288400000,99993.77,99923.15
1706288400000,99993.77,99924.24
1706288400000,99993.77,99923.15
1706288400000,99993.77,99924.24
1706288400000,99993.77,99923.15
1706288400000,99993.77,99924.24
1706288400000,99993.77,99923.15
1706288400000,99993.77,99924.24
1706288400000,99993.77,99923.15
1706288400000,99993.77,99924.24
1706288400000,99993.77,99923.15
1706288400000,99993.77,99925.32
1706288400000,99993.77,99923.15
1706288400000,99993.77,99920.98
1706288400000,99993.77,99917.72
1706288400000,99993.77,99915.55
1706288400000,99993.77,99912.29
1706288400000,99993.77,99910.11
1706288400000,99993.77,99906.85
1706288400000,99993.77,99907.94
1706288400000,99993.77,99906.85
1706288400000,99993.77,99907.94
1706288400000,99993.77,99906.85
1706288400000,99993.77,99907.94
1706288400000,99993.77,99906.85
1706288400000,99993.77,99907.93
1706288400000,99993.77,99905.76
1706288400000,99993.77,99903.59
1706288400000,99993.77,99900.33
1706288400000,99993.77,99898.15
1706288400000,99993.77,99894.89
1706288400000,99993.77,99892.72
1706288400000,99993.77,99889.46
1706288400000,99993.77,99890.54
1706288400000,99993.77,99889.45
1706288400000,99993.77,99890.54
1706288400000,99993.77,99889.45
1706288400000,99993.77,99890.54
1706288400000,99993.77,99889.45
1706288400000,99993.77,99890.54
1706288400000,99993.77,99888.37
1706288400000,99993.77,99885.11
1706288400000,99993.77,99881.85
1706288400000,99993.77,99879.67
1706288400000,99993.77,99876.41
1706288400000,99993.77,99873.15
1706288400000,99993.77,99869.89
1706288400000,99993.77,99870.97
1706288400000,99993.77,99869.88
1706288400000,99993.77,99870.97
1706288400000,99993.77,99869.88
1706288400000,99993.77,99870.97
1706288400000,99993.77,99869.89
1706288400000,99993.77,99870.97
1706288400000,99993.77,99869.89
1706288400000,99993.77,99870.97
1706288400000,99993.77,99869.89
1706288400000,99993.77,99870.97
1706288400000,99993.77,99869.89
1706288400000,99993.77,99870.97
1706288400000,99993.77,99869.88
1706288400000,99993.77,99870.97
1706288400000,99993.77,99869.88
1706288400000,99993.77,99870.97
1706288400000,99993.77,99869.88
1706288400000,99993.77,99870.97
1706288400000,99993.77,99869.88
1706288400000,99993.77,99870.97
1706288400000,99993.77,99869.88
1706288400000,99993.77,99870.97
1706288400000,99993.77,99869.88
1706288400000,99993.77,99872.06
1706288400000,99993.77,99870.97
1706288400000,99993.77,99869.88
1706288400000,99993.77,99868.79
1706288400000,99993.77,99867.71
1706288400000,99993.77,99866.62
1706288400000,99993.77,99865.53
1706288400000,99993.77,99864.44
1706288400000,99993.77,99863.36
1706288400000,99993.77,99864.44
1706288400000,99993.77,99863.36
1706288400000,99993.77,99864.45
1706288400000,99993.77,99863.36
1706288400000,99993.77,99866.62
1706288400000,99993.77,99867.7
1706288400000,99993.77,99866.62
1706288400000,99993.77,99867.7
1706288400000,99993.77,99865.53
1706288400000,99993.77,99866.62
1706288400000,99993.77,99862.27
1706288400000,99993.77,99863.36
1706288400000,99993.77,99865.53
1706288400000,99993.77,99867.71
1706288400000,99993.77,99868.8
1706288400000,99993.77,99870.98
1706288400000,99993.77,99873.15
1706288400000,99993.77,99874.24
1706288400000,99993.77,99873.15
1706288400000,99993.77,99874.24
1706288400000,99993.77,99873.15
1706288400000,99993.77,99874.24
1706288400000,99993.77,99872.07
1706288400000,99993.77,99873.16
1706288400000,99993.77,99875.34
1706288400000,99993.77,99877.51
1706288400000,99993.77,99878.6
1706288400000,99993.77,99880.78
1706288400000,99993.77,99882.95
1706288400000,99993.77,99884.04
1706288400000,99993.77,99882.95
1706288400000,99993.77,99884.04
1706288400000,99993.77,99882.95
1706288400000,99993.77,99884.04
1706288400000,99993.77,99881.87
1706288400000,99993.77,99882.95
1706288400000,99993.77,99885.13
1706288400000,99993.77,99887.31
1706288400000,99993.77,99888.4
1706288400000,99993.77,99890.57
1706288400000,99993.77,99892.74
1706288400000,99993.77,99893.82
1706288400000,99993.77,99892.73
1706288400000,99993.77,99893.82
1706288400000,99993.77,99892.73
1706288400000,99993.77,99893.82
1706288400000,99993.77,99891.64
1706288400000,99993.77,99890.56
1706288400000,99993.77,99891.64
1706288400000,99993.77,99890.56
1706288400000,99993.77,99892.73
1706288400000,99993.77,99891.65
1706288400000,99993.77,99893.82
1706288400000,99993.77,99892.73
1706288400000,99993.77,99894.91
1706288400000,99993.77,99893.82
1706288400000,99993.77,99895.99
1706288400000,99993.77,99894.9
1706288400000,99993.77,99903.59
1706288400000,99993.77,99901.42
1706288400000,99993.77,99899.25
1706288400000,99993.77,99898.16
1706288400000,99993.77,99900.34
1706288400000,99993.77,99898.16
1706288400000,99993.77,99895.99
1706288400000,99993.77,99897.08
1706288400000,99993.77,99895.99
1706288400000,99993.77,99897.08
1706288400000,99993.77,99895.99
1706288400000,99993.77,99894.9
1706288400000,99993.77,99892.72
1706288400000,99993.77,99893.81
1706288400000,99993.77,99892.72
1706288400000,99993.77,99893.81
1706288400000,99993.77,99892.72
1706288400000,99993.77,99891.63
1706288400000,99993.77,99889.46
1706288400000,99993.77,99890.55
1706288400000,99993.77,99889.46
1706288400000,99993.77,99890.54
1706288400000,99993.77,99889.46
1706288400000,99993.77,99888.37
1706288400000,99993.77,99886.2
1706288400000,99993.77,99887.28
1706288400000,99993.77,99886.2
1706288400000,99993.77,99887.28
1706288400000,99993.77,99886.2
1706288400000,99993.77,99885.11
1706288400000,99993.77,99884.02
1706288400000,99993.77,99881.85
1706288400000,99993.77,99892.72
1706288400000,99993.77,99891.63
1706288400000,99993.77,99889.46
1706288400000,99993.77,99888.38
1706288400000,99993.77,99886.21
1706288400000,99993.77,99884.04
1706288400000,99993.77,99885.12
1706288400000,99993.77,99884.04
1706288400000,99993.77,99886.21
1706288400000,99993.77,99885.12
1706288400000,99993.77,99887.3
1706288400000,99993.77,99886.21
1706288400000,99993.77,99885.12
1706288400000,99993.77,99884.04
1706288400000,99993.77,99882.95
1706288400000,99993.77,99881.87
1706288400000,99993.77,99885.13
1706288400000,99993.77,99888.39
1706288400000,99993.77,99891.65
1706288400000,99993.77,99894.91
1706288400000,99993.77,99898.17
1706288400000,99993.77,99897.09
1706288400000,99993.77,99898.17
1706288400000,99993.77,99897.08
1706288400000,99993.77,99898.17
1706288400000,99993.77,99897.09
1706288400000,99993.77,99900.35
1706288400000,99993.77,99903.61
1706288400000,99993.77,99906.87
1706288400000,99993.77,99910.13
1706288400000,99993.77,99913.39
1706288400000,99993.77,99912.3
1706288400000,99993.77,99913.39
1706288400000,99993.77,99912.3
1706288400000,99993.77,99913.39
1706288400000,99993.77,99912.3
1706288400000,99993.77,99915.56
1706288400000,99993.77,99918.82
1706288400000,99993.77,99922.08
1706288400000,99993.77,99925.34
1706288400000,99993.77,99928.6
1706288400000,99993.77,99927.52
1706288400000,99993.77,99928.6
1706288400000,99993.77,99926.43
1706288400000,99993.77,99927.51
1706288400000,99993.77,99925.34
1706288400000,99993.77,99926.43
1706288400000,99993.77,99925.34
1706288400000,99993.77,99926.43
1706288400000,99993.77,99925.34
1706288400000,99993.77,99926.43
1706288400000,99993.77,99927.52
1706288400000,99993.77,99926.43
1706288400000,99993.77,99927.52
1706288400000,99993.77,99926.43
1706288400000,99993.77,99927.52
1706288400000,99993.77,99926.43
1706288400000,99993.77,99927.51
1706288400000,99993.77,99926.43
1706288400000,99993.77,99927.51
1706288400000,99993.77,99926.43
1706288400000,99993.77,99927.51
1706288400000,99993.77,99926.43
1706288400000,99993.77,99927.51
1706288400000,99993.77,99926.43
1706288400000,99993.77,99927.51
1706288400000,99993.77,99925.34
1706288400000,99993.77,99926.42
1706288400000,99993.77,99925.34
1706288400000,99993.77,99927.51
1706288400000,99993.77,99926.43
1706288400000,99993.77,99928.6
1706288400000,99993.77,99927.51
1706288400000,99993.77,99929.68
1706288400000,99993.77,99928.6
1706288400000,99993.77,99932.94
1706288400000,99993.77,99931.86
1706288400000,99993.77,99932.95
1706288400000,99993.77,99931.86
1706288400000,99993.77,99932.95
1706288400000,99993.77,99931.86
1706288400000,99993.77,99932.94
1706288400000,99993.77,99931.86
1706288400000,99993.77,99932.95
1706288400000,99993.77,99930.77
1706288400000,99993.77,99931.86
1706288400000,99993.77,99930.77
1706288400000,99993.77,99932.95
1706288400000,99993.77,99931.86
1706288400000,99993.77,99932.95
1706288400000,99993.77,99931.86
1706288400000,99993.77,99934.03
1706288400000,99993.77,99932.95
1706288400000,99993.77,99936.21
1706288400000,99993.77,99935.12
1706288400000,99993.77,99934.04
1706288400000,99993.77,99932.95
1706288400000,99993.77,99931.86
1706288400000,99993.77,99930.78
1706288400000,99993.77,99929.69
1706288400000,99993.77,99928.6
1706288400000,99993.77,99927.52
1706288400000,99993.77,99926.43
1706288400000,99993.77,99927.52
1706288400000,99993.77,99926.43
1706288400000,99993.77,99927.52
1706288400000,99993.77,99926.43
1706288400000,99993.77,99927.52
1706288400000,99993.77,99926.43
1706288400000,99993.77,99927.52
1706288400000,99993.77,99926.43
1706288400000,99993.77,99927.52
1706288400000,99993.77,99926.44
1706288400000,99993.77,99925.35
1706288400000,99993.77,99924.27
1706288400000,99993.77,99923.18
1706288400000,99993.77,99922.09
1706288400000,99993.77,99921.01
1706288400000,99993.77,99919.92
1706288400000,99993.77,99918.83
1706288400000,99993.77,99917.75
1706288400000,99993.77,99918.84
1706288400000,99993.77,99917.75
1706288400000,99993.77,99918.83
1706288400000,99993.77,99917.75
1706288400000,99993.77,99918.84
1706288400000,99993.77,99917.75
1706288400000,99993.77,99918.84
1706288400000,99993.77,99917.75
1706288400000,99993.77,99918.84
1706288400000,99993.77,99917.75
1706288400000,99993.77,99916.67
1706288400000,99993.77,99915.58
1706288400000,99993.77,99914.5
1706288400000,99993.77,99912.33
1706288400000,99993.77,99911.24
1706288400000,99993.77,99910.15
1706288400000,99993.77,99909.06
1706288400000,99993.77,99906.89
1706288400000,99993.77,99907.97
1706288400000,99993.77,99906.89
1706288400000,99993.77,99907.97
1706288400000,99993.77,99906.89
1706288400000,99993.77,99907.97
1706288400000,99993.77,99906.88
1706288400000,99993.77,99909.06
1706288400000,99993.77,99907.97
1706288400000,99993.77,99910.15
1706288400000,99993.77,99909.06
1706288400000,99993.77,99910.14
1706288400000,99993.77,99909.06
1706288400000,99993.77,99910.15
1706288400000,99993.77,99909.06
1706288400000,99993.77,99910.15
1706288400000,99993.77,99909.06
1706288400000,99993.77,99910.15
1706288400000,99993.77,99909.06
1706288400000,99993.77,99910.15
1706288400000,99993.77,99909.06
1706288400000,99993.77,99910.15
1706288400000,99993.77,99909.06
1706288400000,99993.77,99910.15
1706288400000,99993.77,99909.06
1706288400000,99993.77,99910.15
1706288400000,99993.77,99909.06
1706288400000,99993.77,99910.14
1706288400000,99993.77,99909.06
1706288400000,99993.77,99910.15
1706288400000,99993.77,99909.06
1706288400000,99993.77,99910.14
1706288400000,99993.77,99909.06
1706288400000,99993.77,99910.15
1706288400000,99993.77,99909.06
1706288400000,99993.77,99910.15
1706288400000,99993.77,99909.06
1706288400000,99993.77,99911.22
1706288400000,99993.77,99910.14
1706288400000,99993.77,99909.06
1706288400000,99993.77,99907.97
1706288400000,99993.77,99906.88
1706288400000,99993.77,99905.8
1706288400000,99993.77,99904.72
1706288400000,99993.77,99903.64
1706288400000,99993.77,99902.55
1706288400000,99993.77,99901.46
1706288400000,99993.77,99902.55
1706288400000,99993.77,99901.46
1706288400000,99993.77,99902.55
1706288400000,99993.77,99901.46
1706288400000,99993.77,99903.64
1706288400000,99993.77,99902.55
1706288400000,99993.77,99905.81
1706288400000,99993.77,99906.89
1706288400000,99993.77,99905.81
1706288400000,99993.77,99906.89
1706288400000,99993.77,99904.73
1706288400000,99993.77,99905.82
1706288400000,99993.77,99904.73
1706288400000,99993.77,99905.82
1706288400000,99993.77,99900.39
1706288400000,99993.77,99901.47
1706288400000,99993.77,99903.65
1706288400000,99993.77,99905.82
1706288400000,99993.77,99907.99
1706288400000,99993.77,99909.07
1706288400000,99993.77,99911.25
1706288400000,99993.77,99913.42
1706288400000,99993.77,99915.59
1706288400000,99993.77,99916.68
1706288400000,99993.77,99915.59
1706288400000,99993.77,99916.68
1706288400000,99993.77,99915.59
1706288400000,99993.77,99916.68
1706288400000,99993.77,99915.6
1706288400000,99993.77,99916.68
1706288400000,99993.77,99914.51
1706288400000,99993.77,99915.6
1706288400000,99993.77,99917.77
1706288400000,99993.77,99919.94
1706288400000,99993.77,99922.11
1706288400000,99993.77,99923.2
1706288400000,99993.77,99925.37
1706288400000,99993.77,99927.54
1706288400000,99993.77,99929.72
1706288400000,99993.77,99930.8
1706288400000,99993.77,99929.72
1706288400000,99993.77,99930.81
1706288400000,99993.77,99929.72
1706288400000,99993.77,99930.81
1706288400000,99993.77,99929.72
1706288400000,99993.77,99930.81
1706288400000,99993.77,99928.64
1706288400000,99993.77,99929.72
1706288400000,99993.77,99931.89
1706288400000,99993.77,99934.06
1706288400000,99993.77,99936.23
1706288400000,99993.77,99938.41
1706288400000,99993.77,99940.58
1706288400000,99993.77,99942.75
1706288400000,99993.77,99944.92
1706288400000,99993.77,99943.83
1706288400000,99993.77,99944.92
1706288400000,99993.77,99943.83
1706288400000,99993.77,99944.92
1706288400000,99993.77,99942.75
1706288400000,99993.77,99943.83
1706288400000,99993.77,99941.66
1706288400000,99993.77,99940.58
1706288400000,99993.77,99941.66
1706288400000,99993.77,99940.58
1706288400000,99993.77,99941.66
1706288400000,99993.77,99940.58
1706288400000,99993.77,99941.66
1706288400000,99993.77,99940.58
1706288400000,99993.77,99942.75
1706288400000,99993.77,99943.83
1706288400000,99993.77,99942.75
1706288400000,99993.77,99943.83
1706288400000,99993.77,99942.75
1706288400000,99993.77,99943.83
1706288400000,99993.77,99942.75
1706288400000,99993.77,99943.83
1706288400000,99993.77,99942.75
1706288400000,99993.77,99943.84
1706288400000,99993.77,99942.75
1706288400000,99993.77,99943.84
1706288400000,99993.77,99942.75
1706288400000,99993.77,99943.84
1706288400000,99993.77,99940.58
1706288400000,99993.77,99943.83
1706288400000,99993.77,99948.18
1706288400000,99993.77,99952.52
1706288400000,99993.77,99956.86
1706288400000,99993.77,99961.2
1706288400000,99993.77,99960.12
1706288400000,99993.77,99959.03
1706288400000,99993.77,99957.95
1706288400000,99993.77,99956.86
1706288400000,99993.77,99954.69
1706288400000,99993.77,99956.86
1706288400000,99993.77,99960.12
1706288400000,99993.77,99962.29
1706288400000,99993.77,99965.55
1706288400000,99993.77,99968.8
1706288400000,99993.77,99966.63
1706288400000,99993.77,99964.46
1706288400000,99993.77,99962.29
1706288400000,99993.77,99960.12
1706288400000,99993.77,99957.95
1706288400000,99993.77,99959.03
1706288400000,99993.77,99957.95
1706288400000,99993.77,99959.03
1706288400000,99993.77,99957.95
1706288400000,99993.77,99959.03
1706288400000,99993.77,99956.86
1706288400000,99993.77,99954.69
1706288400000,99993.77,99952.52
1706288400000,99993.77,99950.35
1706288400000,99993.77,99948.18
1706288400000,99993.77,99949.27
1706288400000,99993.77,99948.18
1706288400000,99993.77,99949.27
1706288400000,99993.77,99948.18
1706288400000,99993.77,99949.26
1706288400000,99993.77,99947.09
1706288400000,99993.77,99944.92
1706288400000,99993.77,99941.67
1706288400000,99993.77,99939.5
1706288400000,99993.77,99936.24
1706288400000,99993.77,99937.33
1706288400000,99993.77,99936.24
1706288400000,99993.77,99937.33
1706288400000,99993.77,99936.24
1706288400000,99993.77,99937.32
1706288400000,99993.77,99936.24
1706288400000,99993.77,99937.32
1706288400000,99993.77,99936.24
1706288400000,99993.77,99937.32
1706288400000,99993.77,99936.24
1706288400000,99993.77,99937.32
1706288400000,99993.77,99936.24
1706288400000,99993.77,99937.33
1706288400000,99993.77,99936.24
1706288400000,99993.77,99937.33
1706288400000,99993.77,99936.24
1706288400000,99993.77,99937.33
1706288400000,99993.77,99936.24
1706288400000,99993.77,99937.33
1706288400000,99993.77,99936.24
1706288400000,99993.77,99937.33
1706288400000,99993.77,99936.24
1706288400000,99993.77,99937.33
1706288400000,99993.77,99936.24
1706288400000,99993.77,99937.32
1706288400000,99993.77,99938.41
1706288400000,99993.77,99939.49
1706288400000,99993.77,99938.41
1706288400000,99993.77,99940.58
1706288400000,99993.77,99939.49
1706288400000,99993.77,99940.58
1706288400000,99993.77,99939.49
1706288400000,99993.77,99941.66
1706288400000,99993.77,99940.57
1706288400000,99993.77,99944.92
1706288400000,99993.77,99943.83
1706288400000,99993.77,99944.92
1706288400000,99993.77,99943.83
1706288400000,99993.77,99944.92
1706288400000,99993.77,99943.83
1706288400000,99993.77,99944.92
1706288400000,99993.77,99943.83
1706288400000,99993.77,99944.92
1706288400000,99993.77,99942.75
1706288400000,99993.77,99943.83
1706288400000,99993.77,99942.75
1706288400000,99993.77,99943.83
1706288400000,99993.77,99942.75
1706288400000,99993.77,99944.92
1706288400000,99993.77,99943.83
1706288400000,99993.77,99944.91
1706288400000,99993.77,99943.83
1706288400000,99993.77,99947.09
1706288400000,99993.77,99946.0
1706288400000,99993.77,99947.09
1706288400000,99993.77,99944.91
1706288400000,99993.77,99946.0
1706288400000,99993.77,99943.83
1706288400000,99993.77,99944.92
1706288400000,99993.77,99942.75
1706288400000,99993.77,99943.83
1706288400000,99993.77,99939.49
1706288400000,99993.77,99940.57
1706288400000,99993.77,99939.49
1706288400000,99993.77,99940.57
1706288400000,99993.77,99939.49
1706288400000,99993.77,99940.57
1706288400000,99993.77,99939.49
1706288400000,99993.77,99940.57
1706288400000,99993.77,99939.49
1706288400000,99993.77,99940.57
1706288400000,99993.77,99939.48
1706288400000,99993.77,99940.57
1706288400000,99993.77,99938.4
1706288400000,99993.77,99939.49
1706288400000,99993.77,99937.31
1706288400000,99993.77,99938.4
1706288400000,99993.77,99936.23
1706288400000,99993.77,99937.31
1706288400000,99993.77,99932.97
1706288400000,99993.77,99934.05
1706288400000,99993.77,99932.97
1706288400000,99993.77,99934.05
1706288400000,99993.77,99932.97
1706288400000,99993.77,99934.05
1706288400000,99993.77,99932.97
1706288400000,99993.77,99934.05
1706288400000,99993.77,99932.97
1706288400000,99993.77,99934.05
1706288400000,99993.77,99932.97
1706288400000,99993.77,99934.06
1706288400000,99993.77,99931.89
1706288400000,99993.77,99932.97
1706288400000,99993.77,99930.8
1706288400000,99993.77,99931.89
1706288400000,99993.77,99929.71
1706288400000,99993.77,99930.8
1706288400000,99993.77,99925.37
1706288400000,99993.77,99926.46
1706288400000,99993.77,99925.37
1706288400000,99993.77,99926.45
1706288400000,99993.77,99925.37
1706288400000,99993.77,99926.46
1706288400000,99993.77,99925.37
1706288400000,99993.77,99927.54
1706288400000,99993.77,99926.46
1706288400000,99993.77,99928.63
1706288400000,99993.77,99927.54
1706288400000,99993.77,99928.63
1706288400000,99993.77,99927.54
1706288400000,99993.77,99928.63
1706288400000,99993.77,99927.54
1706288400000,99993.77,99928.63
1706288400000,99993.77,99927.54
1706288400000,99993.77,99928.63
1706288400000,99993.77,99927.54
1706288400000,99993.77,99928.63
1706288400000,99993.77,99927.54
1706288400000,99993.77,99928.63
1706288400000,99993.77,99927.54
1706288400000,99993.77,99928.63
1706288400000,99993.77,99927.54
1706288400000,99993.77,99928.63
1706288400000,99993.77,99927.54
1706288400000,99993.77,99929.71
1706288400000,99993.77,99928.63
1706288400000,99993.77,99929.71
1706288400000,99993.77,99928.63
1706288400000,99993.77,99930.8
1706288400000,99993.77,99929.72
1706288400000,99993.77,99930.8
1706288400000,99993.77,99928.63
1706288400000,99993.77,99929.72
1706288400000,99993.77,99926.46
1706288400000,99993.77,99927.54
1706288400000,99993.77,99926.46
1706288400000,99993.77,99927.54
1706288400000,99993.77,99926.46
1706288400000,99993.77,99927.54
1706288400000,99993.77,99926.46
1706288400000,99993.77,99927.54
1706288400000,99993.77,99926.46
1706288400000,99993.77,99927.54
1706288400000,99993.77,99925.37
1706288400000,99993.77,99927.54
1706288400000,99993.77,99929.72
1706288400000,99993.77,99931.89
1706288400000,99993.77,99934.06
1706288400000,99993.77,99936.23
1706288400000,99993.77,99935.14
1706288400000,99993.77,99936.23
1706288400000,99993.77,99935.14
1706288400000,99993.77,99936.23
1706288400000,99993.77,99935.15
1706288400000,99993.77,99937.32
1706288400000,99993.77,99939.49
1706288400000,99993.77,99941.66
1706288400000,99993.77,99943.83
1706288400000,99993.77,99946.0
1706288400000,99993.77,99944.92
1706288400000,99993.77,99946.0
1706288400000,99993.77,99944.92
1706288400000,99993.77,99946.0
1706288400000,99993.77,99944.92
1706288400000,99993.77,99947.09
1706288400000,99993.77,99949.26
1706288400000,99993.77,99952.52
1706288400000,99993.77,99954.69
1706288400000,99993.77,99957.95
1706288400000,99993.77,99954.69
1706288400000,99993.77,99951.43
1706288400000,99993.77,99948.18
1706288400000,99993.77,99944.92
1706288400000,99993.77,99941.66
1706288400000,99993.77,99942.75
1706288400000,99993.77,99943.84
1706288400000,99993.77,99944.92
1706288400000,99993.77,99946.01
1706288400000,99993.77,99947.09
1706288400000,99993.77,99946.01
1706288400000,99993.77,99944.92
1706288400000,99993.77,99943.84
1706288400000,99993.77,99942.75
1706288400000,99993.77,99941.67
1706288400000,99993.77,99940.58
1706288400000,99993.77,99939.49
1706288400000,99993.77,99938.41
1706288400000,99993.77,99937.32
1706288400000,99993.77,99936.23
1706288400000,99993.77,99935.15
1706288400000,99993.77,99934.06
1706288400000,99993.77,99932.98
1706288400000,99993.77,99931.89
1706288400000,99993.77,99930.8
1706288400000,99993.77,99929.72
1706288400000,99993.77,99928.63
1706288400000,99993.77,99927.54
1706288400000,99993.77,99926.46
1706288400000,99993.77,99925.37
1706288400000,99993.77,99924.28
1706288400000,99993.77,99925.37
1706288400000,99993.77,99924.28
1706288400000,99993.77,99925.37
1706288400000,99993.77,99924.28
1706288400000,99993.77,99925.37
1706288400000,99993.77,99924.28
1706288400000,99993.77,99925.37
1706288400000,99993.77,99924.28
1706288400000,99993.77,99925.37
1706288400000,99993.77,99924.28
1706288400000,99993.77,99925.37
1706288400000,99993.77,99924.28
1706288400000,99993.77,99923.2
1706288400000,99993.77,99922.11
1706288400000,99993.77,99921.02
1706288400000,99993.77,99919.93
1706288400000,99993.77,99918.85
1706288400000,99993.77,99917.76
1706288400000,99993.77,99916.68
1706288400000,99993.77,99915.59
1706288400000,99993.77,99914.5
1706288400000,99993.77,99913.41
1706288400000,99993.77,99914.5
1706288400000,99993.77,99913.42
1706288400000,99993.77,99914.5
1706288400000,99993.77,99913.42
1706288400000,99993.77,99914.5
1706288400000,99993.77,99913.41
1706288400000,99993.77,99914.5
1706288400000,99993.77,99913.42
1706288400000,99993.77,99914.5
1706288400000,99993.77,99913.42
1706288400000,99993.77,99914.5
1706288400000,99993.77,99913.41
1706288400000,99993.77,99912.33
1706288400000,99993.77,99911.24
1706288400000,99993.77,99910.15
1706288400000,99993.77,99909.06
1706288400000,99993.77,99907.98
1706288400000,99993.77,99906.89
1706288400000,99993.77,99905.8
1706288400000,99993.77,99904.72
1706288400000,99993.77,99903.63
1706288400000,99993.77,99902.54
1706288400000,99993.77,99903.63
1706288400000,99993.77,99902.54
1706288400000,99993.77,99903.63
1706288400000,99993.77,99902.54
1706288400000,99993.77,99903.63
1706288400000,99993.77,99902.55
1706288400000,99993.77,99903.63
1706288400000,99993.77,99902.54
1706288400000,99993.77,99903.63
1706288400000,99993.77,99902.54
1706288400000,99993.77,99903.62
1706288400000,99993.77,99902.54
1706288400000,99993.77,99901.45
1706288400000,99993.77,99900.36
1706288400000,99993.77,99899.27
1706288400000,99993.77,99898.19
1706288400000,99993.77,99897.1
1706288400000,99993.77,99896.01
1706288400000,99993.77,99894.93
1706288400000,99993.77,99893.84
1706288400000,99993.77,99892.76
1706288400000,99993.77,99890.58
1706288400000,99993.77,99891.67
1706288400000,99993.77,99890.59
1706288400000,99993.77,99892.76
1706288400000,99993.77,99891.67
1706288400000,99993.77,99893.85
1706288400000,99993.77,99892.76
1706288400000,99993.77,99894.93
1706288400000,99993.77,99893.85
1706288400000,99993.77,99896.02
1706288400000,99993.77,99894.93
1706288400000,99993.77,99900.36
1706288400000,99993.77,99899.27
1706288400000,99993.77,99900.36
1706288400000,99993.77,99899.28
1706288400000,99993.77,99900.36
1706288400000,99993.77,99899.27
1706288400000,99993.77,99900.36
1706288400000,99993.77,99898.19
1706288400000,99993.77,99899.27
1706288400000,99993.77,99898.19
1706288400000,99993.77,99899.28
1706288400000,99993.77,99897.1
1706288400000,99993.77,99896.02
1706288400000,99993.77,99897.1
1706288400000,99993.77,99896.02
1706288400000,99993.77,99897.1
1706288400000,99993.77,99896.02
1706288400000,99993.77,99898.19
1706288400000,99993.77,99897.1
1706288400000,99993.77,99898.19
1706288400000,99993.77,99897.1
1706288400000,99993.77,99898.19
1706288400000,99993.77,99897.1
1706288400000,99993.77,99899.28
1706288400000,99993.77,99898.19
1706288400000,99993.77,99899.27
1706288400000,99993.77,99898.19
1706288400000,99993.77,99903.62
1706288400000,99993.77,99900.36
1706288400000,99993.77,99899.27
1706288400000,99993.77,99898.19
1706288400000,99993.77,99896.01
1706288400000,99993.77,99894.93
1706288400000,99993.77,99893.84
1706288400000,99993.77,99891.67
1706288400000,99993.77,99890.58
1706288400000,99993.77,99889.49
1706288400000,99993.77,99887.32
1706288400000,99993.77,99886.23
1706288400000,99993.77,99884.06
1706288400000,99993.77,99885.14
1706288400000,99993.77,99884.05
1706288400000,99993.77,99885.14
1706288400000,99993.77,99884.05
1706288400000,99993.77,99886.22
1706288400000,99993.77,99885.14
1706288400000,99993.77,99886.23
1706288400000,99993.77,99885.14
1706288400000,99993.77,99887.31
1706288400000,99993.77,99886.23
1706288400000,99993.77,99889.49
1706288400000,99993.77,99888.4
1706288400000,99993.77,99889.49
1706288400000,99993.77,99887.32
1706288400000,99993.77,99888.4
1706288400000,99993.77,99886.23
1706288400000,99993.77,99887.32
1706288400000,99993.77,99885.14
1706288400000,99993.77,99886.23
1706288400000,99993.77,99884.06
1706288400000,99993.77,99885.14
1706288400000,99993.77,99878.62
1706288400000,99993.77,99879.71
1706288400000,99993.77,99880.79
1706288400000,99993.77,99881.87
1706288400000,99993.77,99882.96
1706288400000,99993.77,99884.05
1706288400000,99993.77,99885.13
1706288400000,99993.77,99886.22
1706288400000,99993.77,99887.31
1706288400000,99993.77,99888.4
1706288400000,99993.77,99889.48
1706288400000,99993.77,99891.65
1706288400000,99993.77,99890.57
1706288400000,99993.77,99891.65
1706288400000,99993.77,99890.57
1706288400000,99993.77,99891.66
1706288400000,99993.77,99890.57
1706288400000,99993.77,99891.66
1706288400000,99993.77,99890.57
1706288400000,99993.77,99891.66
1706288400000,99993.77,99890.57
1706288400000,99993.77,99891.66
1706288400000,99993.77,99890.57
1706288400000,99993.77,99891.66
1706288400000,99993.77,99892.74
1706288400000,99993.77,99893.83
1706288400000,99993.77,99894.92
1706288400000,99993.77,99896.0
1706288400000,99993.77,99897.09
1706288400000,99993.77,99898.18
1706288400000,99993.77,99899.26
1706288400000,99993.77,99900.35
1706288400000,99993.77,99901.44
1706288400000,99993.77,99903.61
1706288400000,99993.77,99902.52
1706288400000,99993.77,99903.61
1706288400000,99993.77,99902.53
1706288400000,99993.77,99903.61
1706288400000,99993.77,99902.52
1706288400000,99993.77,99903.61
1706288400000,99993.77,99902.53
1706288400000,99993.77,99903.61
1706288400000,99993.77,99902.53
1706288400000,99993.77,99903.61
1706288400000,99993.77,99902.53
1706288400000,99993.77,99903.61
1706288400000,99993.77,99904.7
1706288400000,99993.77,99905.79
1706288400000,99993.77,99906.87
1706288400000,99993.77,99907.96
1706288400000,99993.77,99910.13
1706288400000,99993.77,99911.22
1706288400000,99993.77,99912.3
1706288400000,99993.77,99913.39
1706288400000,99993.77,99914.48
1706288400000,99993.77,99916.65
1706288400000,99993.77,99915.56
1706288400000,99993.77,99916.65
1706288400000,99993.77,99914.48
1706288400000,99993.77,99915.57
1706288400000,99993.77,99913.39
1706288400000,99993.77,99914.48
1706288400000,99993.77,99912.31
1706288400000,99993.77,99913.4
1706288400000,99993.77,99911.22
1706288400000,99993.77,99912.31
1706288400000,99993.77,99906.88
1706288400000,99993.77,99907.96
1706288400000,99993.77,99906.88
1706288400000,99993.77,99907.97
1706288400000,99993.77,99906.88
1706288400000,99993.77,99907.96
1706288400000,99993.77,99906.88
1706288400000,99993.77,99909.05
1706288400000,99993.77,99907.96
1706288400000,99993.77,99909.05
1706288400000,99993.77,99907.96
1706288400000,99993.77,99910.13
1706288400000,99993.77,99909.05
1706288400000,99993.77,99910.13
1706288400000,99993.77,99909.05
1706288400000,99993.77,99910.14
1706288400000,99993.77,99907.97
1706288400000,99993.77,99909.05
1706288400000,99993.77,99907.97
1706288400000,99993.77,99909.05
1706288400000,99993.77,99907.96
1706288400000,99993.77,99909.05
1706288400000,99993.77,99906.88
1706288400000,99993.77,99907.97
1706288400000,99993.77,99906.88
1706288400000,99993.77,99907.97
1706288400000,99993.77,99903.62
1706288400000,99993.77,99907.97
1706288400000,99993.77,99906.89
1706288400000,99993.77,99907.97
1706288400000,99993.77,99906.89
1706288400000,99993.77,99909.06
1706288400000,99993.77,99907.97
1706288400000,99993.77,99909.06
1706288400000,99993.77,99907.97
1706288400000,99993.77,99910.15
1706288400000,99993.77,99909.06
1706288400000,99993.77,99910.15
1706288400000,99993.77,99909.06
1706288400000,99993.77,99914.49
1706288400000,99993.77,99915.57
1706288400000,99993.77,99914.49
1706288400000,99993.77,99915.57
1706288400000,99993.77,99914.49
1706288400000,99993.77,99915.57
1706288400000,99993.77,99914.49
1706288400000,99993.77,99915.57
1706288400000,99993.77,99914.49
1706288400000,99993.77,99915.57
1706288400000,99993.77,99914.49
1706288400000,99993.77,99915.57
1706288400000,99993.77,99912.31
1706288400000,99993.77,99911.23
1706288400000,99993.77,99912.32
1706288400000,99993.77,99911.23
1706288400000,99993.77,99912.32
1706288400000,99993.77,99911.23
1706288400000,99993.77,99913.4
1706288400000,99993.77,99912.32
1706288400000,99993.77,99913.4
1706288400000,99993.77,99912.32
1706288400000,99993.77,99914.49
1706288400000,99993.77,99913.4
1706288400000,99993.77,99917.75
1706288400000,99993.77,99916.66
1706288400000,99993.77,99917.74
1706288400000,99993.77,99915.57
1706288400000,99993.77,99916.66
1706288400000,99993.77,99915.57
1706288400000,99993.77,99916.66
1706288400000,99993.77,99914.49
1706288400000,99993.77,99915.57
1706288400000,99993.77,99913.4
1706288400000,99993.77,99914.49
1706288400000,99993.77,99909.06
1706288400000,99993.77,99907.97
1706288400000,99993.77,99909.06
1706288400000,99993.77,99907.97
1706288400000,99993.77,99909.06
1706288400000,99993.77,99907.98
1706288400000,99993.77,99909.06
1706288400000,99993.77,99907.97
1706288400000,99993.77,99909.06
1706288400000,99993.77,99907.98
1706288400000,99993.77,99909.06
1706288400000,99993.77,99907.97
1706288400000,99993.77,99910.15
1706288400000,99993.77,99911.23
1706288400000,99993.77,99910.15
1706288400000,99993.77,99911.23
1706288400000,99993.77,99909.06
1706288400000,99993.77,99910.14
1706288400000,99993.77,99909.06
1706288400000,99993.77,99910.15
1706288400000,99993.77,99907.97
1706288400000,99993.77,99909.06
1706288400000,99993.77,99906.89
1706288400000,99993.77,99907.97
1706288400000,99993.77,99901.46
1706288400000,99993.77,99900.37
1706288400000,99993.77,99901.46
1706288400000,99993.77,99900.38
1706288400000,99993.77,99901.46
1706288400000,99993.77,99900.38
1706288400000,99993.77,99901.46
1706288400000,99993.77,99900.38
1706288400000,99993.77,99901.46
1706288400000,99993.77,99900.38
1706288400000,99993.77,99901.46
1706288400000,99993.77,99900.38
1706288400000,99993.77,99902.55
1706288400000,99993.77,99903.64
1706288400000,99993.77,99902.55
1706288400000,99993.77,99903.64
1706288400000,99993.77,99901.46
1706288400000,99993.77,99902.55
1706288400000,99993.77,99900.37
1706288400000,99993.77,99901.46
1706288400000,99993.77,99899.29
1706288400000,99993.77,99900.38
1706288400000,99993.77,99898.2
1706288400000,99993.77,99899.29
1706288400000,99993.77,99891.69
1706288400000,99993.77,99892.78
1706288400000,99993.77,99891.69
1706288400000,99993.77,99893.86
1706288400000,99993.77,99892.78
1706288400000,99993.77,99894.95
1706288400000,99993.77,99893.87
1706288400000,99993.77,99896.04
1706288400000,99993.77,99894.95
1706288400000,99993.77,99896.04
1706288400000,99993.77,99894.95
1706288400000,99993.77,99901.47
1706288400000,99993.77,99902.55
1706288400000,99993.77,99901.47
1706288400000,99993.77,99902.55
1706288400000,99993.77,99901.46
1706288400000,99993.77,99902.55
1706288400000,99993.77,99901.46
1706288400000,99993.77,99902.55
1706288400000,99993.77,99900.38
1706288400000,99993.77,99901.46
1706288400000,99993.77,99900.38
1706288400000,99993.77,99901.46
1706288400000,99993.77,99898.21
1706288400000,99993.77,99899.29
1706288400000,99993.77,99898.2
1706288400000,99993.77,99899.29
1706288400000,99993.77,99898.21
1706288400000,99993.77,99899.29
1706288400000,99993.77,99898.21
1706288400000,99993.77,99900.38
1706288400000,99993.77,99899.29
1706288400000,99993.77,99900.38
1706288400000,99993.77,99899.29
1706288400000,99993.77,99900.38
1706288400000,99993.77,99899.29
1706288400000,99993.77,99900.38
1706288400000,99993.77,99899.29
1706288400000,99993.77,99901.46
1706288400000,99993.77,99900.38
1706288400000,99993.77,99901.46
1706288400000,99993.77,99900.38
1706288400000,99993.77,99901.46
1706288400000,99993.77,99900.38
1706288400000,99993.77,99902.55
1706288400000,99993.77,99901.46
1706288400000,99993.77,99902.55
1706288400000,99993.77,99901.46
1706288400000,99993.77,99905.81
1706288400000,99993.77,99899.29
1706288400000,99993.77,99898.2
1706288400000,99993.77,99896.03
1706288400000,99993.77,99894.95
1706288400000,99993.77,99892.77
1706288400000,99993.77,99890.6
1706288400000,99993.77,99889.52
1706288400000,99993.77,99887.34
1706288400000,99993.77,99885.17
1706288400000,99993.77,99884.09
1706288400000,99993.77,99881.91
1706288400000,99993.77,99879.74
1706288400000,99993.77,99880.82
1706288400000,99993.77,99879.73
1706288400000,99993.77,99881.91
1706288400000,99993.77,99880.82
1706288400000,99993.77,99881.91
1706288400000,99993.77,99880.82
1706288400000,99993.77,99882.99
1706288400000,99993.77,99881.91
1706288400000,99993.77,99882.99
1706288400000,99993.77,99881.91
1706288400000,99993.77,99886.25
1706288400000,99993.77,99885.17
1706288400000,99993.77,99884.08
1706288400000,99993.77,99883.0
1706288400000,99993.77,99881.91
1706288400000,99993.77,99880.83
1706288400000,99993.77,99879.74
1706288400000,99993.77,99878.65
1706288400000,99993.77,99877.57
1706288400000,99993.77,99876.47
1706288400000,99993.77,99875.39
1706288400000,99993.77,99874.3
1706288400000,99993.77,99875.39
1706288400000,99993.77,99876.48
1706288400000,99993.77,99878.65
1706288400000,99993.77,99879.74
1706288400000,99993.77,99881.91
1706288400000,99993.77,99883.0
1706288400000,99993.77,99885.17
1706288400000,99993.77,99886.26
1706288400000,99993.77,99888.43
1706288400000,99993.77,99889.52
1706288400000,99993.77,99891.69
1706288400000,99993.77,99890.61
1706288400000,99993.77,99891.69
1706288400000,99993.77,99890.61
1706288400000,99993.77,99891.69
1706288400000,99993.77,99890.61
1706288400000,99993.77,99891.69
1706288400000,99993.77,99890.61
1706288400000,99993.77,99891.69
1706288400000,99993.77,99890.6
1706288400000,99993.77,99891.69
1706288400000,99993.77,99890.61
1706288400000,99993.77,99891.69
1706288400000,99993.77,99892.78
1706288400000,99993.77,99894.95
1706288400000,99993.77,99896.04
1706288400000,99993.77,99898.21
1706288400000,99993.77,99899.3
1706288400000,99993.77,99901.47
1706288400000,99993.77,99902.56
1706288400000,99993.77,99904.73
1706288400000,99993.77,99905.82
1706288400000,99993.77,99907.99
1706288400000,99993.77,99906.9
1706288400000,99993.77,99907.99
1706288400000,99993.77,99906.9
1706288400000,99993.77,99907.99
1706288400000,99993.77,99906.9
1706288400000,99993.77,99907.99
1706288400000,99993.77,99906.9
1706288400000,99993.77,99907.99
1706288400000,99993.77,99906.9
1706288400000,99993.77,99907.99
1706288400000,99993.77,99906.9
1706288400000,99993.77,99907.99
1706288400000,99993.77,99910.16
1706288400000,99993.77,99911.25
1706288400000,99993.77,99913.42
1706288400000,99993.77,99915.6
1706288400000,99993.77,99916.68
1706288400000,99993.77,99918.86
1706288400000,99993.77,99921.03
1706288400000,99993.77,99922.11
1706288400000,99993.77,99924.28
1706288400000,99993.77,99926.45
1706288400000,99993.77,99925.37
1706288400000,99993.77,99926.46
1706288400000,99993.77,99924.28
1706288400000,99993.77,99925.37
1706288400000,99993.77,99923.2
1706288400000,99993.77,99924.28
1706288400000,99993.77,99922.11
1706288400000,99993.77,99923.2
1706288400000,99993.77,99921.02
1706288400000,99993.77,99922.11
1706288400000,99993.77,99915.6
1706288400000,99993.77,99916.68
1706288400000,99993.77,99915.59
1706288400000,99993.77,99916.68
1706288400000,99993.77,99915.6
1706288400000,99993.77,99916.68
1706288400000,99993.77,99915.6
1706288400000,99993.77,99917.77
1706288400000,99993.77,99916.68
1706288400000,99993.77,99917.77
1706288400000,99993.77,99916.68
1706288400000,99993.77,99918.85
1706288400000,99993.77,99919.94
1706288400000,99993.77,99918.85
1706288400000,99993.77,99919.94
1706288400000,99993.77,99918.85
1706288400000,99993.77,99919.94
1706288400000,99993.77,99918.85
1706288400000,99993.77,99919.94
1706288400000,99993.77,99917.77
1706288400000,99993.77,99918.85
1706288400000,99993.77,99917.77
1706288400000,99993.77,99918.85
1706288400000,99993.77,99917.77
1706288400000,99993.77,99918.85
1706288400000,99993.77,99917.77
1706288400000,99993.77,99918.85
1706288400000,99993.77,99916.68
1706288400000,99993.77,99917.77
1706288400000,99993.77,99916.68
1706288400000,99993.77,99917.77
1706288400000,99993.77,99916.68
1706288400000,99993.77,99917.77
1706288400000,99993.77,99912.34
1706288400000,99993.77,99913.42
1706288400000,99993.77,99912.34
1706288400000,99993.77,99914.51
1706288400000,99993.77,99913.42
1706288400000,99993.77,99915.59
1706288400000,99993.77,99914.51
1706288400000,99993.77,99916.68
1706288400000,99993.77,99915.6
1706288400000,99993.77,99916.68
1706288400000,99993.77,99915.6
1706288400000,99993.77,99917.77
1706288400000,99993.77,99916.68
1706288400000,99993.77,99923.2
1706288400000,99993.77,99922.11
1706288400000,99993.77,99923.2
1706288400000,99993.77,99922.11
1706288400000,99993.77,99923.2
1706288400000,99993.77,99922.11
1706288400000,99993.77,99923.2
1706288400000,99993.77,99922.11
1706288400000,99993.77,99923.2
1706288400000,99993.77,99921.03
1706288400000,99993.77,99922.11
1706288400000,99993.77,99921.02
1706288400000,99993.77,99922.11
1706288400000,99993.77,99919.94
1706288400000,99993.77,99921.03
1706288400000,99993.77,99919.94
1706288400000,99993.77,99922.11
1706288400000,99993.77,99921.03
1706288400000,99993.77,99922.11
1706288400000,99993.77,99921.02
1706288400000,99993.77,99923.2
1706288400000,99993.77,99922.11
1706288400000,99993.77,99923.2
1706288400000,99993.77,99922.11
1706288400000,99993.77,99924.28
1706288400000,99993.77,99923.2
1706288400000,99993.77,99927.54
1706288400000,99993.77,99926.45
1706288400000,99993.77,99925.36
1706288400000,99993.77,99924.28
1706288400000,99993.77,99923.19
1706288400000,99993.77,99922.11
1706288400000,99993.77,99921.02
1706288400000,99993.77,99919.93
1706288400000,99993.77,99918.85
1706288400000,99993.77,99917.76
1706288400000,99993.77,99916.68
1706288400000,99993.77,99915.59
1706288400000,99993.77,99914.51
1706288400000,99993.77,99913.42
1706288400000,99993.77,99914.51
1706288400000,99993.77,99913.42
1706288400000,99993.77,99914.5
1706288400000,99993.77,99913.42
1706288400000,99993.77,99914.5
1706288400000,99993.77,99913.42
1706288400000,99993.77,99914.51
1706288400000,99993.77,99913.42
1706288400000,99993.77,99914.51
1706288400000,99993.77,99913.42
1706288400000,99993.77,99914.5
1706288400000,99993.77,99913.42
1706288400000,99993.77,99914.5
1706288400000,99993.77,99913.42
1706288400000,99993.77,99912.33
1706288400000,99993.77,99911.24
1706288400000,99993.77,99910.15
1706288400000,99993.77,99909.07
1706288400000,99993.77,99907.98
1706288400000,99993.77,99906.9
1706288400000,99993.77,99905.81
1706288400000,99993.77,99904.73
1706288400000,99993.77,99903.64
1706288400000,99993.77,99902.55
1706288400000,99993.77,99901.47
1706288400000,99993.77,99900.38
1706288400000,99993.77,99901.47
1706288400000,99993.77,99900.38
1706288400000,99993.77,99901.47
1706288400000,99993.77,99900.38
1706288400000,99993.77,99901.47
1706288400000,99993.77,99900.38
1706288400000,99993.77,99901.46
1706288400000,99993.77,99900.38
1706288400000,99993.77,99901.46
1706288400000,99993.77,99900.38
1706288400000,99993.77,99901.46
1706288400000,99993.77,99900.38
1706288400000,99993.77,99901.46
1706288400000,99993.77,99900.37
1706288400000,99993.77,99899.29
1706288400000,99993.77,99898.2
1706288400000,99993.77,99897.11
1706288400000,99993.77,99896.03
1706288400000,99993.77,99894.94
1706288400000,99993.77,99892.77
1706288400000,99993.77,99891.69
1706288400000,99993.77,99890.6
1706288400000,99993.77,99889.52
1706288400000,99993.77,99888.43
1706288400000,99993.77,99887.35
1706288400000,99993.77,99885.17
1706288400000,99993.77,99886.26
1706288400000,99993.77,99887.35
1706288400000,99993.77,99888.44
1706288400000,99993.77,99889.52
1706288400000,99993.77,99890.61
1706288400000,99993.77,99891.69
1706288400000,99993.77,99892.78
1706288400000,99993.77,99893.86
1706288400000,99993.77,99894.95
1706288400000,99993.77,99896.04
1706288400000,99993.77,99897.12
1706288400000,99993.77,99898.21
1706288400000,99993.77,99900.38
1706288400000,99993.77,99899.29
1706288400000,99993.77,99900.38
1706288400000,99993.77,99899.29
1706288400000,99993.77,99900.38
1706288400000,99993.77,99898.21
1706288400000,99993.77,99899.29
1706288400000,99993.77,99898.21
1706288400000,99993.77,99899.29
1706288400000,99993.77,99898.21
1706288400000,99993.77,99899.29
1706288400000,99993.77,99897.12
1706288400000,99993.77,99898.21
1706288400000,99993.77,99894.95
1706288400000,99993.77,99896.04
1706288400000,99993.77,99894.95
1706288400000,99993.77,99896.03
1706288400000,99993.77,99894.95
1706288400000,99993.77,99897.12
1706288400000,99993.77,99896.04
1706288400000,99993.77,99897.12
1706288400000,99993.77,99896.04
1706288400000,99993.77,99898.21
1706288400000,99993.77,99897.12
1706288400000,99993.77,99898.21
1706288400000,99993.77,99897.12
1706288400000,99993.77,99899.29
1706288400000,99993.77,99898.21
1706288400000,99993.77,99899.29
1706288400000,99993.77,99898.21
1706288400000,99993.77,99900.38
1706288400000,99993.77,99899.29
1706288400000,99993.77,99900.38
1706288400000,99993.77,99899.29
1706288400000,99993.77,99905.81
1706288400000,99993.77,99906.9
1706288400000,99993.77,99905.81
1706288400000,99993.77,99906.9
1706288400000,99993.77,99905.81
1706288400000,99993.77,99907.98
1706288400000,99993.77,99906.89
1706288400000,99993.77,99907.98
1706288400000,99993.77,99906.89
1706288400000,99993.77,99909.06
1706288400000,99993.77,99907.98
1706288400000,99993.77,99909.06
1706288400000,99993.77,99907.98
1706288400000,99993.77,99913.4
1706288400000,99993.77,99914.49
1706288400000,99993.77,99913.4
1706288400000,99993.77,99914.49
1706288400000,99993.77,99913.4
1706288400000,99993.77,99914.49
1706288400000,99993.77,99913.4
1706288400000,99993.77,99914.49
1706288400000,99993.77,99913.4
1706288400000,99993.77,99914.49
1706288400000,99993.77,99913.4
1706288400000,99993.77,99914.49
1706288400000,99993.77,99911.23
1706288400000,99993.77,99910.15
1706288400000,99993.77,99911.23
1706288400000,99993.77,99910.15
1706288400000,99993.77,99911.23
1706288400000,99993.77,99910.15
1706288400000,99993.77,99912.31
1706288400000,99993.77,99911.23
1706288400000,99993.77,99912.31
1706288400000,99993.77,99911.23
1706288400000,99993.77,99913.4
1706288400000,99993.77,99912.31
1706288400000,99993.77,99916.66
1706288400000,99993.77,99915.57
1706288400000,99993.77,99914.48
1706288400000,99993.77,99913.4
1706288400000,99993.77,99912.31
1706288400000,99993.77,99911.22
1706288400000,99993.77,99910.14
1706288400000,99993.77,99909.05
1706288400000,99993.77,99907.97
1706288400000,99993.77,99906.88
1706288400000,99993.77,99905.79
1706288400000,99993.77,99904.71
1706288400000,99993.77,99902.53
1706288400000,99993.77,99901.45
1706288400000,99993.77,99902.54
1706288400000,99993.77,99901.45
1706288400000,99993.77,99902.54
1706288400000,99993.77,99901.45
1706288400000,99993.77,99902.54
1706288400000,99993.77,99901.45
1706288400000,99993.77,99902.54
1706288400000,99993.77,99901.45
1706288400000,99993.77,99902.53
1706288400000,99993.77,99901.45
1706288400000,99993.77,99903.62
1706288400000,99993.77,99902.53
1706288400000,99993.77,99901.44
1706288400000,99993.77,99900.36
1706288400000,99993.77,99899.27
1706288400000,99993.77,99898.18
1706288400000,99993.77,99897.1
1706288400000,99993.77,99896.01
1706288400000,99993.77,99894.92
1706288400000,99993.77,99893.84
1706288400000,99993.77,99892.75
1706288400000,99993.77,99891.67
1706288400000,99993.77,99889.49
1706288400000,99993.77,99888.41
1706288400000,99993.77,99889.49
1706288400000,99993.77,99888.41
1706288400000,99993.77,99889.5
1706288400000,99993.77,99888.41
1706288400000,99993.77,99889.49
1706288400000,99993.77,99888.41
1706288400000,99993.77,99889.49
1706288400000,99993.77,99888.41
1706288400000,99993.77,99889.49
1706288400000,99993.77,99888.4
1706288400000,99993.77,99890.57
1706288400000,99993.77,99889.49
1706288400000,99993.77,99888.4
1706288400000,99993.77,99887.31
1706288400000,99993.77,99885.14
1706288400000,99993.77,99884.05
1706288400000,99993.77,99882.97
1706288400000,99993.77,99881.88
1706288400000,99993.77,99879.71
1706288400000,99993.77,99878.62
1706288400000,99993.77,99877.53
1706288400000,99993.77,99876.45
1706288400000,99993.77,99874.28
1706288400000,99993.77,99875.36
1706288400000,99993.77,99874.28
1706288400000,99993.77,99876.45
1706288400000,99993.77,99875.37
1706288400000,99993.77,99876.45
1706288400000,99993.77,99875.37
1706288400000,99993.77,99877.54
1706288400000,99993.77,99876.45
1706288400000,99993.77,99877.54
1706288400000,99993.77,99876.45
1706288400000,99993.77,99880.8
1706288400000,99993.77,99881.88
1706288400000,99993.77,99880.79
1706288400000,99993.77,99881.88
1706288400000,99993.77,99880.79
1706288400000,99993.77,99881.88
1706288400000,99993.77,99880.79
1706288400000,99993.77,99881.88
1706288400000,99993.77,99880.79
1706288400000,99993.77,99881.88
1706288400000,99993.77,99880.79
1706288400000,99993.77,99881.88
1706288400000,99993.77,99878.62
1706288400000,99993.77,99879.71
1706288400000,99993.77,99878.62
1706288400000,99993.77,99879.71
1706288400000,99993.77,99878.62
1706288400000,99993.77,99879.71
1706288400000,99993.77,99878.62
1706288400000,99993.77,99880.79
1706288400000,99993.77,99879.71
1706288400000,99993.77,99880.79
1706288400000,99993.77,99879.71
1706288400000,99993.77,99880.79
1706288400000,99993.77,99879.71
1706288400000,99993.77,99880.79
1706288400000,99993.77,99879.71
1706288400000,99993.77,99882.97
1706288400000,99993.77,99880.8
1706288400000,99993.77,99879.71
1706288400000,99993.77,99880.8
1706288400000,99993.77,99879.71
1706288400000,99993.77,99880.8
1706288400000,99993.77,99878.63
1706288400000,99993.77,99879.71
1706288400000,99993.77,99878.62
1706288400000,99993.77,99879.71
1706288400000,99993.77,99878.63
1706288400000,99993.77,99879.71
1706288400000,99993.77,99877.53
1706288400000,99993.77,99878.62
1706288400000,99993.77,99875.36
1706288400000,99993.77,99876.44
1706288400000,99993.77,99875.36
1706288400000,99993.77,99876.45
1706288400000,99993.77,99875.36
1706288400000,99993.77,99876.45
1706288400000,99993.77,99875.36
1706288400000,99993.77,99876.44
1706288400000,99993.77,99875.36
1706288400000,99993.77,99876.45
1706288400000,99993.77,99875.36
1706288400000,99993.77,99876.45
1706288400000,99993.77,99875.36
1706288400000,99993.77,99877.54
1706288400000,99993.77,99876.45
1706288400000,99993.77,99877.53
1706288400000,99993.77,99876.45
1706288400000,99993.77,99877.54
1706288400000,99993.77,99876.45
1706288400000,99993.77,99877.54
1706288400000,99993.77,99876.45
1706288400000,99993.77,99877.53
1706288400000,99993.77,99875.36
1706288400000,99993.77,99876.44
1706288400000,99993.77,99875.36
1706288400000,99993.77,99876.45
1706288400000,99993.77,99874.27
1706288400000,99993.77,99875.36
1706288400000,99993.77,99874.28
1706288400000,99993.77,99876.45
1706288400000,99993.77,99875.37
1706288400000,99993.77,99877.54
1706288400000,99993.77,99876.46
1706288400000,99993.77,99877.54
1706288400000,99993.77,99876.46
1706288400000,99993.77,99878.63
1706288400000,99993.77,99877.54
1706288400000,99993.77,99879.71
1706288400000,99993.77,99878.63
1706288400000,99993.77,99884.06
1706288400000,99993.77,99882.97
1706288400000,99993.77,99884.06
1706288400000,99993.77,99882.97
1706288400000,99993.77,99884.06
1706288400000,99993.77,99882.97
1706288400000,99993.77,99884.06
1706288400000,99993.77,99882.97
1706288400000,99993.77,99884.06
1706288400000,99993.77,99882.98
1706288400000,99993.77,99884.06
1706288400000,99993.77,99882.98
1706288400000,99993.77,99884.06
1706288400000,99993.77,99882.98
1706288400000,99993.77,99884.06
1706288400000,99993.77,99882.98
1706288400000,99993.77,99885.15
1706288400000,99993.77,99884.07
1706288400000,99993.77,99886.24
1706288400000,99993.77,99885.16
1706288400000,99993.77,99886.24
1706288400000,99993.77,99885.15
1706288400000,99993.77,99887.33
1706288400000,99993.77,99886.24
1706288400000,99993.77,99888.41
1706288400000,99993.77,99887.33
1706288400000,99993.77,99892.76
1706288400000,99993.77,99891.67
1706288400000,99993.77,99892.76
1706288400000,99993.77,99891.67
1706288400000,99993.77,99892.76
1706288400000,99993.77,99891.67
1706288400000,99993.77,99892.76
1706288400000,99993.77,99891.68
1706288400000,99993.77,99892.77
1706288400000,99993.77,99891.68
1706288400000,99993.77,99892.77
1706288400000,99993.77,99891.68
1706288400000,99993.77,99892.77
1706288400000,99993.77,99891.68
1706288400000,99993.77,99892.77
1706288400000,99993.77,99891.68
1706288400000,99993.77,99893.85
1706288400000,99993.77,99892.77
1706288400000,99993.77,99894.94
1706288400000,99993.77,99893.86
1706288400000,99993.77,99896.03
1706288400000,99993.77,99894.94
1706288400000,99993.77,99897.11
1706288400000,99993.77,99896.02
1706288400000,99993.77,99898.19
1706288400000,99993.77,99897.11
1706288400000,99993.77,99903.62
1706288400000,99993.77,99902.54
1706288400000,99993.77,99903.62
1706288400000,99993.77,99901.45
1706288400000,99993.77,99902.54
1706288400000,99993.77,99900.37
1706288400000,99993.77,99901.45
1706288400000,99993.77,99899.28
1706288400000,99993.77,99900.37
1706288400000,99993.77,99898.2
1706288400000,99993.77,99899.28
1706288400000,99993.77,99897.11
1706288400000,99993.77,99898.2
1706288400000,99993.77,99891.68
1706288400000,99993.77,99892.77
1706288400000,99993.77,99891.68
1706288400000,99993.77,99892.77
1706288400000,99993.77,99891.68
1706288400000,99993.77,99892.77
1706288400000,99993.77,99891.68
1706288400000,99993.77,99893.85
1706288400000,99993.77,99892.77
1706288400000,99993.77,99893.85
1706288400000,99993.77,99892.77
1706288400000,99993.77,99893.85
1706288400000,99993.77,99892.77
1706288400000,99993.77,99896.02
1706288400000,99993.77,99897.11
1706288400000,99993.77,99896.03
1706288400000,99993.77,99897.11
1706288400000,99993.77,99896.02
1706288400000,99993.77,99897.11
1706288400000,99993.77,99896.03
1706288400000,99993.77,99897.11
1706288400000,99993.77,99894.94
1706288400000,99993.77,99896.02
1706288400000,99993.77,99894.94
1706288400000,99993.77,99896.02
1706288400000,99993.77,99894.94
1706288400000,99993.77,99896.02
1706288400000,99993.77,99893.85
1706288400000,99993.77,99894.94
1706288400000,99993.77,99893.85
1706288400000,99993.77,99894.94
1706288400000,99993.77,99893.85
1706288400000,99993.77,99894.94
1706288400000,99993.77,99893.85
1706288400000,99993.77,99894.94
1706288400000,99993.77,99892.77
1706288400000,99993.77,99893.85
1706288400000,99993.77,99888.42
1706288400000,99993.77,99886.24
1706288400000,99993.77,99887.33
1706288400000,99993.77,99886.24
1706288400000,99993.77,99887.33
1706288400000,99993.77,99885.16
1706288400000,99993.77,99886.24
1706288400000,99993.77,99885.16
1706288400000,99993.77,99886.24
1706288400000,99993.77,99884.07
1706288400000,99993.77,99885.15
1706288400000,99993.77,99884.06
1706288400000,99993.77,99885.15
1706288400000,99993.77,99879.72
1706288400000,99993.77,99878.63
1706288400000,99993.77,99879.72
1706288400000,99993.77,99878.63
1706288400000,99993.77,99879.72
1706288400000,99993.77,99878.63
1706288400000,99993.77,99879.72
1706288400000,99993.77,99878.64
1706288400000,99993.77,99879.72
1706288400000,99993.77,99878.64
1706288400000,99993.77,99879.72
1706288400000,99993.77,99878.63
1706288400000,99993.77,99881.89
1706288400000,99993.77,99882.98
1706288400000,99993.77,99881.89
1706288400000,99993.77,99882.98
1706288400000,99993.77,99881.89
1706288400000,99993.77,99882.97
1706288400000,99993.77,99881.89
1706288400000,99993.77,99882.97
1706288400000,99993.77,99880.8
1706288400000,99993.77,99881.89
1706288400000,99993.77,99880.8
1706288400000,99993.77,99881.89
1706288400000,99993.77,99877.55
1706288400000,99993.77,99878.63
1706288400000,99993.77,99877.55
1706288400000,99993.77,99878.63
1706288400000,99993.77,99877.55
1706288400000,99993.77,99879.72
1706288400000,99993.77,99878.63
1706288400000,99993.77,99879.72
1706288400000,99993.77,99878.63
1706288400000,99993.77,99880.81
1706288400000,99993.77,99879.72
1706288400000,99993.77,99882.98
1706288400000,99993.77,99884.06
1706288400000,99993.77,99882.98
1706288400000,99993.77,99884.06
1706288400000,99993.77,99882.98
1706288400000,99993.77,99884.06
1706288400000,99993.77,99882.98
1706288400000,99993.77,99884.06
1706288400000,99993.77,99882.98
1706288400000,99993.77,99884.07
1706288400000,99993.77,99882.98
1706288400000,99993.77,99884.07
1706288400000,99993.77,99881.9
1706288400000,99993.77,99880.81
1706288400000,99993.77,99881.89
1706288400000,99993.77,99880.81
1706288400000,99993.77,99881.89
1706288400000,99993.77,99880.81
1706288400000,99993.77,99882.98
1706288400000,99993.77,99881.9
1706288400000,99993.77,99882.98
1706288400000,99993.77,99881.89
1706288400000,99993.77,99884.07
1706288400000,99993.77,99882.98
1706288400000,99993.77,99887.33
1706288400000,99993.77,99888.41
1706288400000,99993.77,99887.33
1706288400000,99993.77,99888.41
1706288400000,99993.77,99887.33
1706288400000,99993.77,99888.42
1706288400000,99993.77,99887.33
1706288400000,99993.77,99888.42
1706288400000,99993.77,99887.33
1706288400000,99993.77,99888.41
1706288400000,99993.77,99887.33
1706288400000,99993.77,99888.42
1706288400000,99993.77,99886.24
1706288400000,99993.77,99885.16
1706288400000,99993.77,99886.24
1706288400000,99993.77,99885.16
1706288400000,99993.77,99886.24
1706288400000,99993.77,99885.16
1706288400000,99993.77,99887.33
1706288400000,99993.77,99886.24
1706288400000,99993.77,99887.33
1706288400000,99993.77,99886.24
1706288400000,99993.77,99888.41
1706288400000,99993.77,99887.33
1706288400000,99993.77,99891.67
1706288400000,99993.77,99892.76
1706288400000,99993.77,99891.67
1706288400000,99993.77,99892.76
1706288400000,99993.77,99891.67
1706288400000,99993.77,99892.76
1706288400000,99993.77,99891.67
1706288400000,99993.77,99892.76
1706288400000,99993.77,99891.67
1706288400000,99993.77,99892.76
1706288400000,99993.77,99891.67
1706288400000,99993.77,99892.76
1706288400000,99993.77,99890.59
1706288400000,99993.77,99891.67
1706288400000,99993.77,99890.59
1706288400000,99993.77,99891.67
1706288400000,99993.77,99890.59
1706288400000,99993.77,99892.76
1706288400000,99993.77,99891.68
1706288400000,99993.77,99892.76
1706288400000,99993.77,99891.68
1706288400000,99993.77,99893.85
1706288400000,99993.77,99892.76
1706288400000,99993.77,99893.85
1706288400000,99993.77,99892.76
1706288400000,99993.77,99894.93
1706288400000,99993.77,99893.85
1706288400000,99993.77,99894.93
1706288400000,99993.77,99893.85
1706288400000,99993.77,99899.28
1706288400000,99993.77,99900.37
1706288400000,99993.77,99899.28
1706288400000,99993.77,99900.37
1706288400000,99993.77,99899.28
1706288400000,99993.77,99900.37
1706288400000,99993.77,99899.28
1706288400000,99993.77,99900.37
1706288400000,99993.77,99898.2
1706288400000,99993.77,99899.28
1706288400000,99993.77,99896.02
1706288400000,99993.77,99897.11
1706288400000,99993.77,99896.02
1706288400000,99993.77,99897.11
1706288400000,99993.77,99896.03
1706288400000,99993.77,99897.11
1706288400000,99993.77,99896.03
1706288400000,99993.77,99897.11
1706288400000,99993.77,99896.03
1706288400000,99993.77,99897.11
1706288400000,99993.77,99898.2
1706288400000,99993.77,99897.11
1706288400000,99993.77,99898.2
1706288400000,99993.77,99897.11
1706288400000,99993.77,99898.2
1706288400000,99993.77,99897.11
1706288400000,99993.77,99898.2
1706288400000,99993.77,99897.11
1706288400000,99993.77,99898.2
1706288400000,99993.77,99896.03
1706288400000,99993.77,99897.11
1706288400000,99993.77,99899.28
1706288400000,99993.77,99900.37
1706288400000,99993.77,99902.54
1706288400000,99993.77,99904.71
1706288400000,99993.77,99905.8
1706288400000,99993.77,99907.97
1706288400000,99993.77,99909.06
1706288400000,99993.77,99911.23
1706288400000,99993.77,99913.4
1706288400000,99993.77,99914.49
1706288400000,99993.77,99913.4
1706288400000,99993.77,99914.49
1706288400000,99993.77,99913.4
1706288400000,99993.77,99914.49
1706288400000,99993.77,99913.4
1706288400000,99993.77,99914.49
1706288400000,99993.77,99913.41
1706288400000,99993.77,99914.49
1706288400000,99993.77,99912.32
1706288400000,99993.77,99913.41
1706288400000,99993.77,99915.58
1706288400000,99993.77,99916.67
1706288400000,99993.77,99918.84
1706288400000,99993.77,99921.01
1706288400000,99993.77,99922.09
1706288400000,99993.77,99924.27
1706288400000,99993.77,99925.35
1706288400000,99993.77,99927.52
1706288400000,99993.77,99929.7
1706288400000,99993.77,99930.78
1706288400000,99993.77,99929.7
1706288400000,99993.77,99930.78
1706288400000,99993.77,99929.7
1706288400000,99993.77,99930.78
1706288400000,99993.77,99929.7
1706288400000,99993.77,99930.78
1706288400000,99993.77,99929.7
1706288400000,99993.77,99930.78
1706288400000,99993.77,99928.62
1706288400000,99993.77,99929.7
1706288400000,99993.77,99931.87
1706288400000,99993.77,99932.96
1706288400000,99993.77,99935.13
1706288400000,99993.77,99937.3
1706288400000,99993.77,99938.39
1706288400000,99993.77,99940.56
1706288400000,99993.77,99941.65
1706288400000,99993.77,99943.82
1706288400000,99993.77,99945.99
1706288400000,99993.77,99944.9
1706288400000,99993.77,99945.99
1706288400000,99993.77,99944.9
1706288400000,99993.77,99945.99
1706288400000,99993.77,99944.9
1706288400000,99993.77,99945.99
1706288400000,99993.77,99943.82
1706288400000,99993.77,99944.91
1706288400000,99993.77,99942.73
1706288400000,99993.77,99941.65
1706288400000,99993.77,99942.73
1706288400000,99993.77,99941.65
1706288400000,99993.77,99942.74
1706288400000,99993.77,99941.65
1706288400000,99993.77,99942.74
1706288400000,99993.77,99941.65
1706288400000,99993.77,99942.74
1706288400000,99993.77,99941.65
1706288400000,99993.77,99943.82
1706288400000,99993.77,99944.91
1706288400000,99993.77,99943.82
1706288400000,99993.77,99944.91
1706288400000,99993.77,99943.82
1706288400000,99993.77,99944.91
1706288400000,99993.77,99943.82
1706288400000,99993.77,99944.91
1706288400000,99993.77,99943.82
1706288400000,99993.77,99944.91
1706288400000,99993.77,99943.82
1706288400000,99993.77,99944.91
1706288400000,99993.77,99943.82
1706288400000,99993.77,99944.91
1706288400000,99993.77,99943.82
1706288400000,99993.77,99944.91
1706288400000,99993.77,99943.82
1706288400000,99993.77,99944.91
1706288400000,99993.77,99943.83
1706288400000,99993.77,99944.91
1706288400000,99993.77,99942.74
1706288400000,99993.77,99943.83
1706288400000,99993.77,99944.91
1706288400000,99993.77,99946.0
1706288400000,99993.77,99947.09
1706288400000,99993.77,99948.17
1706288400000,99993.77,99949.26
1706288400000,99993.77,99950.35
1706288400000,99993.77,99951.43
1706288400000,99993.77,99952.52
1706288400000,99993.77,99953.6
1706288400000,99993.77,99955.78
1706288400000,99993.77,99954.69
1706288400000,99993.77,99955.78
1706288400000,99993.77,99954.69
1706288400000,99993.77,99955.78
1706288400000,99993.77,99953.61
1706288400000,99993.77,99954.69
1706288400000,99993.77,99953.61
1706288400000,99993.77,99954.69
1706288400000,99993.77,99953.6
1706288400000,99993.77,99954.69
1706288400000,99993.77,99951.43
1706288400000,99993.77,99952.52
1706288400000,99993.77,99951.43
1706288400000,99993.77,99953.6
1706288400000,99993.77,99952.52
1706288400000,99993.77,99954.69
1706288400000,99993.77,99953.61
1706288400000,99993.77,99955.78
1706288400000,99993.77,99954.69
1706288400000,99993.77,99956.86
1706288400000,99993.77,99955.78
1706288400000,99993.77,99961.2
1706288400000,99993.77,99960.12
1706288400000,99993.77,99959.04
1706288400000,99993.77,99957.95
1706288400000,99993.77,99956.86
1706288400000,99993.77,99955.78
1706288400000,99993.77,99954.69
1706288400000,99993.77,99953.61
1706288400000,99993.77,99952.52
1706288400000,99993.77,99951.43
1706288400000,99993.77,99950.35
1706288400000,99993.77,99949.26
1706288400000,99993.77,99950.35
1706288400000,99993.77,99949.26
1706288400000,99993.77,99950.35
1706288400000,99993.77,99949.26
1706288400000,99993.77,99950.35
1706288400000,99993.77,99949.26
1706288400000,99993.77,99950.35
1706288400000,99993.77,99949.26
1706288400000,99993.77,99950.35
1706288400000,99993.77,99949.26
1706288400000,99993.77,99950.35
1706288400000,99993.77,99949.26
1706288400000,99993.77,99948.18
1706288400000,99993.77,99947.09
1706288400000,99993.77,99946.0
1706288400000,99993.77,99944.92
1706288400000,99993.77,99943.83
1706288400000,99993.77,99942.75
1706288400000,99993.77,99941.66
1706288400000,99993.77,99940.58
1706288400000,99993.77,99939.49
1706288400000,99993.77,99938.4
1706288400000,99993.77,99939.49
1706288400000,99993.77,99938.4
1706288400000,99993.77,99939.49
1706288400000,99993.77,99938.4
1706288400000,99993.77,99939.49
1706288400000,99993.77,99938.4
1706288400000,99993.77,99939.49
1706288400000,99993.77,99938.4
1706288400000,99993.77,99939.49
1706288400000,99993.77,99938.4
1706288400000,99993.77,99939.49
1706288400000,99993.77,99938.4
1706288400000,99993.77,99937.32
1706288400000,99993.77,99936.23
1706288400000,99993.77,99935.14
1706288400000,99993.77,99934.06
1706288400000,99993.77,99932.97
1706288400000,99993.77,99931.89
1706288400000,99993.77,99930.8
1706288400000,99993.77,99929.71
1706288400000,99993.77,99928.63
1706288400000,99993.77,99927.54
1706288400000,99993.77,99928.63
1706288400000,99993.77,99927.54
1706288400000,99993.77,99928.62
1706288400000,99993.77,99927.54
1706288400000,99993.77,99928.62
1706288400000,99993.77,99927.54
1706288400000,99993.77,99929.71
1706288400000,99993.77,99928.63
1706288400000,99993.77,99929.71
1706288400000,99993.77,99928.62
1706288400000,99993.77,99930.8
1706288400000,99993.77,99929.71
1706288400000,99993.77,99930.8
1706288400000,99993.77,99929.71
1706288400000,99993.77,99930.8
1706288400000,99993.77,99929.71
1706288400000,99993.77,99930.8
1706288400000,99993.77,99929.71
1706288400000,99993.77,99930.8
1706288400000,99993.77,99929.71
1706288400000,99993.77,99930.8
1706288400000,99993.77,99929.71
1706288400000,99993.77,99928.63
1706288400000,99993.77,99929.71
1706288400000,99993.77,99928.63
1706288400000,99993.77,99929.71
1706288400000,99993.77,99928.63
1706288400000,99993.77,99929.71
1706288400000,99993.77,99928.63
1706288400000,99993.77,99929.71
1706288400000,99993.77,99928.63
1706288400000,99993.77,99929.71
1706288400000,99993.77,99928.63
1706288400000,99993.77,99929.71
1706288400000,99993.77,99928.63
1706288400000,99993.77,99929.71
1706288400000,99993.77,99928.63
1706288400000,99993.77,99930.8
1706288400000,99993.77,99929.71
1706288400000,99993.77,99930.8
1706288400000,99993.77,99929.71
1706288400000,99993.77,99930.8
1706288400000,99993.77,99929.71
1706288400000,99993.77,99932.97
1706288400000,99993.77,99934.06
1706288400000,99993.77,99935.14
1706288400000,99993.77,99936.23
1706288400000,99993.77,99937.31
1706288400000,99993.77,99938.4
1706288400000,99993.77,99939.49
1706288400000,99993.77,99940.57
1706288400000,99993.77,99942.74
1706288400000,99993.77,99943.83
1706288400000,99993.77,99942.74
1706288400000,99993.77,99943.83
1706288400000,99993.77,99942.74
1706288400000,99993.77,99943.83
1706288400000,99993.77,99941.66
1706288400000,99993.77,99942.74
1706288400000,99993.77,99939.49
1706288400000,99993.77,99938.4
1706288400000,99993.77,99939.49
1706288400000,99993.77,99938.4
1706288400000,99993.77,99940.57
1706288400000,99993.77,99939.49
1706288400000,99993.77,99941.66
1706288400000,99993.77,99940.57
1706288400000,99993.77,99947.09
1706288400000,99993.77,99943.83
1706288400000,99993.77,99940.57
1706288400000,99993.77,99937.31
1706288400000,99993.77,99932.97
1706288400000,99993.77,99929.71
1706288400000,99993.77,99926.45
1706288400000,99993.77,99923.2
1706288400000,99993.77,99918.85
1706288400000,99993.77,99917.76
1706288400000,99993.77,99918.85
1706288400000,99993.77,99917.76
1706288400000,99993.77,99918.85
1706288400000,99993.77,99917.76
1706288400000,99993.77,99918.85
1706288400000,99993.77,99917.76
1706288400000,99993.77,99919.93
1706288400000,99993.77,99916.68
1706288400000,99993.77,99913.42
1706288400000,99993.77,99910.16
1706288400000,99993.77,99905.82
1706288400000,99993.77,99902.56
1706288400000,99993.77,99899.29
1706288400000,99993.77,99896.04
1706288400000,99993.77,99891.69
1706288400000,99993.77,99890.6
1706288400000,99993.77,99891.69
1706288400000,99993.77,99890.6
1706288400000,99993.77,99891.68
1706288400000,99993.77,99890.6
1706288400000,99993.77,99891.68
1706288400000,99993.77,99890.6
1706288400000,99993.77,99892.77
1706288400000,99993.77,99889.51
1706288400000,99993.77,99886.25
1706288400000,99993.77,99883.0
1706288400000,99993.77,99878.65
1706288400000,99993.77,99875.39
1706288400000,99993.77,99872.13
1706288400000,99993.77,99868.87
1706288400000,99993.77,99864.52
1706288400000,99993.77,99865.61
1706288400000,99993.77,99866.69
1706288400000,99993.77,99867.77
1706288400000,99993.77,99868.86
1706288400000,99993.77,99869.95
1706288400000,99993.77,99871.03
1706288400000,99993.77,99872.12
1706288400000,99993.77,99874.29
1706288400000,99993.77,99875.38
1706288400000,99993.77,99874.29
1706288400000,99993.77,99875.38
1706288400000,99993.77,99874.29
1706288400000,99993.77,99875.38
1706288400000,99993.77,99873.21
1706288400000,99993.77,99874.29
1706288400000,99993.77,99871.04
1706288400000,99993.77,99869.95
1706288400000,99993.77,99871.04
1706288400000,99993.77,99869.95
1706288400000,99993.77,99871.03
1706288400000,99993.77,99869.95
1706288400000,99993.77,99872.12
1706288400000,99993.77,99871.03
1706288400000,99993.77,99872.12
1706288400000,99993.77,99871.03
1706288400000,99993.77,99872.12
1706288400000,99993.77,99871.03
1706288400000,99993.77,99873.2
1706288400000,99993.77,99872.12
1706288400000,99993.77,99873.2
1706288400000,99993.77,99872.12
1706288400000,99993.77,99877.55
1706288400000,99993.77,99867.78
1706288400000,99993.77,99868.86
1706288400000,99993.77,99867.78
1706288400000,99993.77,99869.95
1706288400000,99993.77,99868.86
1706288400000,99993.77,99869.94
1706288400000,99993.77,99868.86
1706288400000,99993.77,99871.03
1706288400000,99993.77,99869.94
1706288400000,99993.77,99872.11
1706288400000,99993.77,99871.02
1706288400000,99993.77,99875.37
1706288400000,99993.77,99874.28
1706288400000,99993.77,99875.37
1706288400000,99993.77,99874.28
1706288400000,99993.77,99875.37
1706288400000,99993.77,99874.28
1706288400000,99993.77,99875.37
1706288400000,99993.77,99874.28
1706288400000,99993.77,99875.37
1706288400000,99993.77,99874.28
1706288400000,99993.77,99875.37
1706288400000,99993.77,99873.19
1706288400000,99993.77,99874.28
1706288400000,99993.77,99873.19
1706288400000,99993.77,99874.28
1706288400000,99993.77,99873.19
1706288400000,99993.77,99875.36
1706288400000,99993.77,99874.27
1706288400000,99993.77,99875.36
1706288400000,99993.77,99874.27
1706288400000,99993.77,99876.44
1706288400000,99993.77,99875.36
1706288400000,99993.77,99878.61
1706288400000,99993.77,99877.53
1706288400000,99993.77,99878.61
1706288400000,99993.77,99876.44
1706288400000,99993.77,99877.53
1706288400000,99993.77,99875.35
1706288400000,99993.77,99876.44
1706288400000,99993.77,99875.36
1706288400000,99993.77,99876.44
1706288400000,99993.77,99874.27
1706288400000,99993.77,99875.35
1706288400000,99993.77,99869.92
1706288400000,99993.77,99871.0
1706288400000,99993.77,99869.92
1706288400000,99993.77,99871.0
1706288400000,99993.77,99869.92
1706288400000,99993.77,99871.0
1706288400000,99993.77,99869.91
1706288400000,99993.77,99871.0
1706288400000,99993.77,99869.91
1706288400000,99993.77,99871.0
1706288400000,99993.77,99869.91
1706288400000,99993.77,99871.0
1706288400000,99993.77,99869.91
1706288400000,99993.77,99871.0
1706288400000,99993.77,99868.83
1706288400000,99993.77,99869.91
1706288400000,99993.77,99867.74
1706288400000,99993.77,99868.83
1706288400000,99993.77,99867.74
1706288400000,99993.77,99868.83
1706288400000,99993.77,99866.65
1706288400000,99993.77,99867.73
1706288400000,99993.77,99862.3
1706288400000,99993.77,99863.38
1706288400000,99993.77,99862.3
1706288400000,99993.77,99863.38
1706288400000,99993.77,99862.29
1706288400000,99993.77,99863.38
1706288400000,99993.77,99862.3
1706288400000,99993.77,99863.38
1706288400000,99993.77,99862.29
1706288400000,99993.77,99863.38
1706288400000,99993.77,99862.3
1706288400000,99993.77,99863.38
1706288400000,99993.77,99862.3
1706288400000,99993.77,99863.38
1706288400000,99993.77,99861.21
1706288400000,99993.77,99862.3
1706288400000,99993.77,99860.12
1706288400000,99993.77,99861.21
1706288400000,99993.77,99859.04
1706288400000,99993.77,99860.12
1706288400000,99993.77,99857.95
1706288400000,99993.77,99859.03
1706288400000,99993.77,99852.52
1706288400000,99993.77,99853.6
1706288400000,99993.77,99852.51
1706288400000,99993.77,99854.69
1706288400000,99993.77,99853.6
1706288400000,99993.77,99854.69
1706288400000,99993.77,99853.6
1706288400000,99993.77,99855.78
1706288400000,99993.77,99854.69
1706288400000,99993.77,99855.77
1706288400000,99993.77,99854.69
1706288400000,99993.77,99859.04
1706288400000,99993.77,99857.95
1706288400000,99993.77,99859.03
1706288400000,99993.77,99857.95
1706288400000,99993.77,99859.04
1706288400000,99993.77,99857.95
1706288400000,99993.77,99859.03
1706288400000,99993.77,99857.95
1706288400000,99993.77,99859.04
1706288400000,99993.77,99857.95
1706288400000,99993.77,99859.03
1706288400000,99993.77,99856.86
1706288400000,99993.77,99855.77
1706288400000,99993.77,99856.86
1706288400000,99993.77,99855.77
1706288400000,99993.77,99856.86
1706288400000,99993.77,99855.78
1706288400000,99993.77,99856.86
1706288400000,99993.77,99855.77
1706288400000,99993.77,99857.95
1706288400000,99993.77,99856.86
1706288400000,99993.77,99857.95
1706288400000,99993.77,99856.86
1706288400000,99993.77,99857.95
1706288400000,99993.77,99856.86
1706288400000,99993.77,99857.95
1706288400000,99993.77,99856.86
1706288400000,99993.77,99861.21
1706288400000,99993.77,99869.9
1706288400000,99993.77,99868.81
1706288400000,99993.77,99867.73
1706288400000,99993.77,99866.64
1706288400000,99993.77,99865.56
1706288400000,99993.77,99864.47
1706288400000,99993.77,99863.38
1706288400000,99993.77,99861.21
1706288400000,99993.77,99860.12
1706288400000,99993.77,99859.04
1706288400000,99993.77,99857.95
1706288400000,99993.77,99856.86
1706288400000,99993.77,99855.79
1706288400000,99993.77,99853.61
1706288400000,99993.77,99854.7
1706288400000,99993.77,99853.61
1706288400000,99993.77,99854.7
1706288400000,99993.77,99853.62
1706288400000,99993.77,99855.79
1706288400000,99993.77,99854.7
1706288400000,99993.77,99855.79
1706288400000,99993.77,99854.7
1706288400000,99993.77,99855.79
1706288400000,99993.77,99854.7
1706288400000,99993.77,99856.87
1706288400000,99993.77,99855.78
1706288400000,99993.77,99859.04
1706288400000,99993.77,99857.96
1706288400000,99993.77,99859.04
1706288400000,99993.77,99856.87
1706288400000,99993.77,99857.96
1706288400000,99993.77,99855.79
1706288400000,99993.77,99856.87
1706288400000,99993.77,99855.78
1706288400000,99993.77,99856.88
1706288400000,99993.77,99854.7
1706288400000,99993.77,99855.79
1706288400000,99993.77,99853.61
1706288400000,99993.77,99854.7
1706288400000,99993.77,99849.27
1706288400000,99993.77,99850.35
1706288400000,99993.77,99849.26
1706288400000,99993.77,99851.43
1706288400000,99993.77,99850.35
1706288400000,99993.77,99852.52
1706288400000,99993.77,99851.43
1706288400000,99993.77,99852.51
1706288400000,99993.77,99851.43
1706288400000,99993.77,99853.6
1706288400000,99993.77,99852.51
1706288400000,99993.77,99854.69
1706288400000,99993.77,99853.6
1706288400000,99993.77,99859.03
1706288400000,99993.77,99857.95
1706288400000,99993.77,99859.03
1706288400000,99993.77,99857.94
1706288400000,99993.77,99859.03
1706288400000,99993.77,99857.95
1706288400000,99993.77,99859.04
1706288400000,99993.77,99857.95
1706288400000,99993.77,99859.03
1706288400000,99993.77,99857.94
1706288400000,99993.77,99859.03
1706288400000,99993.77,99857.94
1706288400000,99993.77,99859.03
1706288400000,99993.77,99857.94
1706288400000,99993.77,99859.02
1706288400000,99993.77,99857.94
1706288400000,99993.77,99860.11
1706288400000,99993.77,99859.02
1706288400000,99993.77,99861.19
1706288400000,99993.77,99860.1
1706288400000,99993.77,99861.19
1706288400000,99993.77,99860.11
1706288400000,99993.77,99862.28
1706288400000,99993.77,99861.19
1706288400000,99993.77,99863.37
1706288400000,99993.77,99862.28
1706288400000,99993.77,99867.71
1706288400000,99993.77,99866.63
1706288400000,99993.77,99867.72
1706288400000,99993.77,99866.63
1706288400000,99993.77,99867.71
1706288400000,99993.77,99866.62
1706288400000,99993.77,99867.71
1706288400000,99993.77,99866.62
1706288400000,99993.77,99867.71
1706288400000,99993.77,99866.62
1706288400000,99993.77,99867.7
1706288400000,99993.77,99866.61
1706288400000,99993.77,99867.7
1706288400000,99993.77,99866.61
1706288400000,99993.77,99867.7
1706288400000,99993.77,99866.61
1706288400000,99993.77,99868.78
1706288400000,99993.77,99867.7
1706288400000,99993.77,99869.88
1706288400000,99993.77,99868.79
1706288400000,99993.77,99869.87
1706288400000,99993.77,99868.79
1706288400000,99993.77,99870.97
1706288400000,99993.77,99869.88
1706288400000,99993.77,99872.05
1706288400000,99993.77,99870.97
1706288400000,99993.77,99876.4
1706288400000,99993.77,99875.31
1706288400000,99993.77,99876.4
1706288400000,99993.77,99875.31
1706288400000,99993.77,99876.4
1706288400000,99993.77,99874.23
1706288400000,99993.77,99875.31
1706288400000,99993.77,99874.22
1706288400000,99993.77,99875.31
1706288400000,99993.77,99874.23
1706288400000,99993.77,99875.31
1706288400000,99993.77,99873.14
1706288400000,99993.77,99874.22
1706288400000,99993.77,99870.97
1706288400000,99993.77,99872.05
1706288400000,99993.77,99870.96
1706288400000,99993.77,99872.05
1706288400000,99993.77,99870.97
1706288400000,99993.77,99872.05
1706288400000,99993.77,99870.96
1706288400000,99993.77,99872.05
1706288400000,99993.77,99870.97
1706288400000,99993.77,99872.05
1706288400000,99993.77,99870.96
1706288400000,99993.77,99872.05
1706288400000,99993.77,99870.97
1706288400000,99993.77,99873.14
1706288400000,99993.77,99874.22
1706288400000,99993.77,99873.14
1706288400000,99993.77,99874.22
1706288400000,99993.77,99873.14
1706288400000,99993.77,99874.23
1706288400000,99993.77,99873.14
1706288400000,99993.77,99874.22
1706288400000,99993.77,99873.14
1706288400000,99993.77,99874.23
1706288400000,99993.77,99872.05
1706288400000,99993.77,99873.14
1706288400000,99993.77,99872.05
1706288400000,99993.77,99873.14
1706288400000,99993.77,99869.88
1706288400000,99993.77,99863.36
1706288400000,99993.77,99862.28
1706288400000,99993.77,99863.37
1706288400000,99993.77,99862.28
1706288400000,99993.77,99864.45
1706288400000,99993.77,99863.37
1706288400000,99993.77,99864.45
1706288400000,99993.77,99863.36
1706288400000,99993.77,99868.79
1706288400000,99993.77,99869.88
1706288400000,99993.77,99868.79
1706288400000,99993.77,99869.88
1706288400000,99993.77,99868.79
1706288400000,99993.77,99869.88
1706288400000,99993.77,99868.79
1706288400000,99993.77,99869.88
1706288400000,99993.77,99866.62
1706288400000,99993.77,99865.53
1706288400000,99993.77,99866.62
1706288400000,99993.77,99865.53
1706288400000,99993.77,99867.71
1706288400000,99993.77,99866.62
1706288400000,99993.77,99867.71
1706288400000,99993.77,99866.61
1706288400000,99993.77,99870.96
1706288400000,99993.77,99869.88
1706288400000,99993.77,99867.7
1706288400000,99993.77,99865.53
1706288400000,99993.77,99863.35
1706288400000,99993.77,99862.27
1706288400000,99993.77,99860.1
1706288400000,99993.77,99857.93
1706288400000,99993.77,99855.76
1706288400000,99993.77,99854.67
1706288400000,99993.77,99855.75
1706288400000,99993.77,99854.67
1706288400000,99993.77,99855.76
1706288400000,99993.77,99854.66
1706288400000,99993.77,99855.75
1706288400000,99993.77,99854.66
1706288400000,99993.77,99856.84
1706288400000,99993.77,99855.75
1706288400000,99993.77,99853.58
1706288400000,99993.77,99851.4
1706288400000,99993.77,99849.23
1706288400000,99993.77,99848.15
1706288400000,99993.77,99845.98
1706288400000,99993.77,99843.81
1706288400000,99993.77,99841.63
1706288400000,99993.77,99840.54
1706288400000,99993.77,99841.63
1706288400000,99993.77,99840.55
1706288400000,99993.77,99841.63
1706288400000,99993.77,99840.54
1706288400000,99993.77,99841.63
1706288400000,99993.77,99840.54
1706288400000,99993.77,99842.71
1706288400000,99993.77,99841.63
1706288400000,99993.77,99839.45
1706288400000,99993.77,99837.28
1706288400000,99993.77,99835.12
1706288400000,99993.77,99832.94
1706288400000,99993.77,99830.77
1706288400000,99993.77,99828.6
1706288400000,99993.77,99826.43
1706288400000,99993.77,99827.51
1706288400000,99993.77,99829.69
1706288400000,99993.77,99830.77
1706288400000,99993.77,99832.94
1706288400000,99993.77,99834.03
1706288400000,99993.77,99836.2
1706288400000,99993.77,99837.28
1706288400000,99993.77,99839.46
1706288400000,99993.77,99840.55
1706288400000,99993.77,99839.46
1706288400000,99993.77,99840.54
1706288400000,99993.77,99838.37
1706288400000,99993.77,99839.46
1706288400000,99993.77,99838.37
1706288400000,99993.77,99839.46
1706288400000,99993.77,99835.11
1706288400000,99993.77,99834.03
1706288400000,99993.77,99835.11
1706288400000,99993.77,99834.02
1706288400000,99993.77,99836.2
1706288400000,99993.77,99835.11
1706288400000,99993.77,99836.2
1706288400000,99993.77,99835.11
1706288400000,99993.77,99837.29
1706288400000,99993.77,99836.2
1706288400000,99993.77,99837.29
1706288400000,99993.77,99836.2
1706288400000,99993.77,99838.37
1706288400000,99993.77,99837.29
1706288400000,99993.77,99843.81
1706288400000,99993.77,99851.42
1706288400000,99993.77,99850.33
1706288400000,99993.77,99851.42
1706288400000,99993.77,99850.33
1706288400000,99993.77,99852.5
1706288400000,99993.77,99851.42
1706288400000,99993.77,99853.59
1706288400000,99993.77,99852.5
1706288400000,99993.77,99859.02
1706288400000,99993.77,99860.1
1706288400000,99993.77,99859.02
1706288400000,99993.77,99860.1
1706288400000,99993.77,99859.02
1706288400000,99993.77,99860.1
1706288400000,99993.77,99859.02
1706288400000,99993.77,99860.1
1706288400000,99993.77,99856.85
1706288400000,99993.77,99855.76
1706288400000,99993.77,99856.85
1706288400000,99993.77,99855.76
1706288400000,99993.77,99857.93
1706288400000,99993.77,99856.85
1706288400000,99993.77,99857.93
1706288400000,99993.77,99856.84
1706288400000,99993.77,99862.28
1706288400000,99993.77,99861.19
1706288400000,99993.77,99860.1
1706288400000,99993.77,99857.94
1706288400000,99993.77,99856.85
1706288400000,99993.77,99855.76
1706288400000,99993.77,99853.59
1706288400000,99993.77,99852.51
1706288400000,99993.77,99850.34
1706288400000,99993.77,99849.25
1706288400000,99993.77,99850.34
1706288400000,99993.77,99849.25
1706288400000,99993.77,99850.34
1706288400000,99993.77,99849.25
1706288400000,99993.77,99850.34
1706288400000,99993.77,99849.25
1706288400000,99993.77,99851.42
1706288400000,99993.77,99850.34
1706288400000,99993.77,99849.25
1706288400000,99993.77,99847.08
1706288400000,99993.77,99846.0
1706288400000,99993.77,99844.91
1706288400000,99993.77,99842.74
1706288400000,99993.77,99841.66
1706288400000,99993.77,99839.49
1706288400000,99993.77,99838.4
1706288400000,99993.77,99839.49
1706288400000,99993.77,99838.4
1706288400000,99993.77,99839.48
1706288400000,99993.77,99838.4
1706288400000,99993.77,99839.48
1706288400000,99993.77,99838.39
1706288400000,99993.77,99840.57
1706288400000,99993.77,99839.48
1706288400000,99993.77,99837.31
1706288400000,99993.77,99836.23
1706288400000,99993.77,99834.06
1706288400000,99993.77,99831.89
1706288400000,99993.77,99830.8
1706288400000,99993.77,99828.63
1706288400000,99993.77,99826.46
1706288400000,99993.77,99827.54
1706288400000,99993.77,99828.63
1706288400000,99993.77,99830.8
1706288400000,99993.77,99831.88
1706288400000,99993.77,99832.97
1706288400000,99993.77,99835.14
1706288400000,99993.77,99836.22
1706288400000,99993.77,99838.39
1706288400000,99993.77,99839.48
1706288400000,99993.77,99838.4
1706288400000,99993.77,99839.48
1706288400000,99993.77,99837.31
1706288400000,99993.77,99838.39
1706288400000,99993.77,99837.31
1706288400000,99993.77,99838.4
1706288400000,99993.77,99834.06
1706288400000,99993.77,99835.14
1706288400000,99993.77,99834.06
1706288400000,99993.77,99835.14
1706288400000,99993.77,99834.06
1706288400000,99993.77,99836.23
1706288400000,99993.77,99835.14
1706288400000,99993.77,99836.23
1706288400000,99993.77,99835.14
1706288400000,99993.77,99837.32
1706288400000,99993.77,99836.23
1706288400000,99993.77,99837.31
1706288400000,99993.77,99836.23
1706288400000,99993.77,99837.31
1706288400000,99993.77,99836.23
1706288400000,99993.77,99838.4
1706288400000,99993.77,99837.31
1706288400000,99993.77,99838.4
1706288400000,99993.77,99837.31
1706288400000,99993.77,99842.74
1706288400000,99993.77,99841.65
1706288400000,99993.77,99840.56
1706288400000,99993.77,99839.48
1706288400000,99993.77,99837.31
1706288400000,99993.77,99836.22
1706288400000,99993.77,99835.14
1706288400000,99993.77,99832.96
1706288400000,99993.77,99831.88
1706288400000,99993.77,99830.79
1706288400000,99993.77,99828.62
1706288400000,99993.77,99827.54
1706288400000,99993.77,99828.62
1706288400000,99993.77,99827.53
1706288400000,99993.77,99828.62
1706288400000,99993.77,99827.54
1706288400000,99993.77,99829.71
1706288400000,99993.77,99828.62
1706288400000,99993.77,99829.7
1706288400000,99993.77,99828.62
1706288400000,99993.77,99832.96
1706288400000,99993.77,99834.05
1706288400000,99993.77,99832.96
1706288400000,99993.77,99834.05
1706288400000,99993.77,99831.87
1706288400000,99993.77,99832.96
1706288400000,99993.77,99830.8
1706288400000,99993.77,99831.88
1706288400000,99993.77,99829.71
1706288400000,99993.77,99830.79
1706288400000,99993.77,99824.27
1706288400000,99993.77,99825.36
1706288400000,99993.77,99826.44
1706288400000,99993.77,99827.52
1706288400000,99993.77,99829.7
1706288400000,99993.77,99830.78
1706288400000,99993.77,99831.86
1706288400000,99993.77,99834.04
1706288400000,99993.77,99835.12
1706288400000,99993.77,99836.21
1706288400000,99993.77,99838.38
1706288400000,99993.77,99839.47
1706288400000,99993.77,99838.38
1706288400000,99993.77,99839.47
1706288400000,99993.77,99838.39
1706288400000,99993.77,99839.47
1706288400000,99993.77,99838.38
1706288400000,99993.77,99839.47
1706288400000,99993.77,99838.38
1706288400000,99993.77,99839.47
1706288400000,99993.77,99837.29
1706288400000,99993.77,99838.38
1706288400000,99993.77,99839.46
1706288400000,99993.77,99840.55
1706288400000,99993.77,99842.72
1706288400000,99993.77,99843.8
1706288400000,99993.77,99844.89
1706288400000,99993.77,99847.06
1706288400000,99993.77,99848.15
1706288400000,99993.77,99849.24
1706288400000,99993.77,99851.41
1706288400000,99993.77,99852.49
1706288400000,99993.77,99851.41
1706288400000,99993.77,99852.5
1706288400000,99993.77,99851.41
1706288400000,99993.77,99852.49
1706288400000,99993.77,99851.4
1706288400000,99993.77,99852.49
1706288400000,99993.77,99851.4
1706288400000,99993.77,99852.49
1706288400000,99993.77,99850.31
1706288400000,99993.77,99851.4
1706288400000,99993.77,99853.57
1706288400000,99993.77,99854.65
1706288400000,99993.77,99856.83
1706288400000,99993.77,99857.92
1706288400000,99993.77,99860.09
1706288400000,99993.77,99861.18
1706288400000,99993.77,99863.36
1706288400000,99993.77,99864.45
1706288400000,99993.77,99866.62
1706288400000,99993.77,99865.54
1706288400000,99993.77,99864.45
1706288400000,99993.77,99863.37
1706288400000,99993.77,99862.28
1706288400000,99993.77,99861.19
1706288400000,99993.77,99860.1
1706288400000,99993.77,99859.02
1706288400000,99993.77,99857.93
1706288400000,99993.77,99856.84
1706288400000,99993.77,99855.75
1706288400000,99993.77,99854.66
1706288400000,99993.77,99855.75
1706288400000,99993.77,99854.67
1706288400000,99993.77,99855.75
1706288400000,99993.77,99854.66
1706288400000,99993.77,99855.75
1706288400000,99993.77,99854.67
1706288400000,99993.77,99856.84
1706288400000,99993.77,99855.75
1706288400000,99993.77,99859.02
1706288400000,99993.77,99857.93
1706288400000,99993.77,99859.02
1706288400000,99993.77,99857.93
1706288400000,99993.77,99859.01
1706288400000,99993.77,99856.84
1706288400000,99993.77,99857.93
1706288400000,99993.77,99856.84
1706288400000,99993.77,99857.93
1706288400000,99993.77,99856.84
1706288400000,99993.77,99857.93
1706288400000,99993.77,99855.76
1706288400000,99993.77,99856.84
1706288400000,99993.77,99855.75
1706288400000,99993.77,99856.84
1706288400000,99993.77,99855.75
1706288400000,99993.77,99856.84
1706288400000,99993.77,99852.5
1706288400000,99993.77,99850.33
1706288400000,99993.77,99849.24
1706288400000,99993.77,99847.07
1706288400000,99993.77,99844.89
1706288400000,99993.77,99843.81
1706288400000,99993.77,99841.64
1706288400000,99993.77,99839.45
1706288400000,99993.77,99838.37
1706288400000,99993.77,99836.19
1706288400000,99993.77,99834.02
1706288400000,99993.77,99835.11
1706288400000,99993.77,99834.02
1706288400000,99993.77,99836.19
1706288400000,99993.77,99835.11
1706288400000,99993.77,99836.19
1706288400000,99993.77,99835.11
1706288400000,99993.77,99837.28
1706288400000,99993.77,99836.2
1706288400000,99993.77,99839.46
1706288400000,99993.77,99838.37
1706288400000,99993.77,99837.28
1706288400000,99993.77,99836.2
1706288400000,99993.77,99835.11
1706288400000,99993.77,99834.03
1706288400000,99993.77,99832.93
1706288400000,99993.77,99831.84
1706288400000,99993.77,99830.75
1706288400000,99993.77,99829.67
1706288400000,99993.77,99830.76
1706288400000,99993.77,99831.84
1706288400000,99993.77,99832.93
1706288400000,99993.77,99834.01
1706288400000,99993.77,99835.1
1706288400000,99993.77,99836.19
1706288400000,99993.77,99837.28
1706288400000,99993.77,99838.37
1706288400000,99993.77,99840.54
1706288400000,99993.77,99839.45
1706288400000,99993.77,99840.54
1706288400000,99993.77,99839.45
1706288400000,99993.77,99840.54
1706288400000,99993.77,99839.45
1706288400000,99993.77,99840.53
1706288400000,99993.77,99839.44
1706288400000,99993.77,99840.53
1706288400000,99993.77,99839.44
1706288400000,99993.77,99840.53
1706288400000,99993.77,99841.62
1706288400000,99993.77,99842.7
1706288400000,99993.77,99843.79
1706288400000,99993.77,99844.88
1706288400000,99993.77,99845.97
1706288400000,99993.77,99847.05
1706288400000,99993.77,99848.14
1706288400000,99993.77,99850.31
1706288400000,99993.77,99849.22
1706288400000,99993.77,99850.31
1706288400000,99993.77,99849.22
1706288400000,99993.77,99850.31
1706288400000,99993.77,99849.22
1706288400000,99993.77,99850.3
1706288400000,99993.77,99849.21
1706288400000,99993.77,99850.3
1706288400000,99993.77,99849.22
1706288400000,99993.77,99850.31
1706288400000,99993.77,99851.4
1706288400000,99993.77,99852.48
1706288400000,99993.77,99853.58
1706288400000,99993.77,99854.66
1706288400000,99993.77,99855.75
1706288400000,99993.77,99856.84
1706288400000,99993.77,99857.92
1706288400000,99993.77,99860.1
1706288400000,99993.77,99859.01
1706288400000,99993.77,99860.1
1706288400000,99993.77,99859.01
1706288400000,99993.77,99860.09
1706288400000,99993.77,99859.0
1706288400000,99993.77,99860.09
1706288400000,99993.77,99857.92
1706288400000,99993.77,99859.0
1706288400000,99993.77,99856.83
1706288400000,99993.77,99857.92
1706288400000,99993.77,99856.83
1706288400000,99993.77,99857.92
1706288400000,99993.77,99856.83
1706288400000,99993.77,99857.92
1706288400000,99993.77,99856.83
1706288400000,99993.77,99857.92
1706288400000,99993.77,99856.83
1706288400000,99993.77,99857.92
1706288400000,99993.77,99859.0
1706288400000,99993.77,99857.92
1706288400000,99993.77,99859.0
1706288400000,99993.77,99857.92
1706288400000,99993.77,99859.01
1706288400000,99993.77,99857.92
1706288400000,99993.77,99859.0
1706288400000,99993.77,99857.92
1706288400000,99993.77,99859.0
1706288400000,99993.77,99857.92
1706288400000,99993.77,99859.0
1706288400000,99993.77,99857.92
1706288400000,99993.77,99859.0
1706288400000,99993.77,99857.92
1706288400000,99993.77,99859.0
1706288400000,99993.77,99856.84
1706288400000,99993.77,99857.92
1706288400000,99993.77,99856.83
1706288400000,99993.77,99857.92
1706288400000,99993.77,99856.83
1706288400000,99993.77,99857.92
1706288400000,99993.77,99856.83
1706288400000,99993.77,99859.0
1706288400000,99993.77,99857.91
1706288400000,99993.77,99860.09
1706288400000,99993.77,99859.0
1706288400000,99993.77,99860.09
1706288400000,99993.77,99859.0
1706288400000,99993.77,99860.09
1706288400000,99993.77,99859.0
1706288400000,99993.77,99860.09
1706288400000,99993.77,99859.0
1706288400000,99993.77,99860.09
1706288400000,99993.77,99859.0
1706288400000,99993.77,99860.09
1706288400000,99993.77,99859.0
1706288400000,99993.77,99860.09
1706288400000,99993.77,99859.0
1706288400000,99993.77,99860.09
1706288400000,99993.77,99859.0
1706288400000,99993.77,99861.17
1706288400000,99993.77,99860.08
1706288400000,99993.77,99862.26
1706288400000,99993.77,99861.17
1706288400000,99993.77,99862.26
1706288400000,99993.77,99860.09
1706288400000,99993.77,99861.18
1706288400000,99993.77,99859.0
1706288400000,99993.77,99860.1
1706288400000,99993.77,99857.92
1706288400000,99993.77,99859.01
1706288400000,99993.77,99853.58
1706288400000,99993.77,99854.66
1706288400000,99993.77,99853.57
1706288400000,99993.77,99854.66
1706288400000,99993.77,99853.58
1706288400000,99993.77,99854.66
1706288400000,99993.77,99853.57
1706288400000,99993.77,99854.66
1706288400000,99993.77,99853.57
1706288400000,99993.77,99854.66
1706288400000,99993.77,99853.58
1706288400000,99993.77,99854.67
1706288400000,99993.77,99852.5
1706288400000,99993.77,99853.58
1706288400000,99993.77,99851.41
1706288400000,99993.77,99852.5
1706288400000,99993.77,99850.33
1706288400000,99993.77,99851.41
1706288400000,99993.77,99845.98
1706288400000,99993.77,99847.06
1706288400000,99993.77,99845.98
1706288400000,99993.77,99847.07
1706288400000,99993.77,99845.98
1706288400000,99993.77,99847.07
1706288400000,99993.77,99845.98
1706288400000,99993.77,99847.06
1706288400000,99993.77,99845.98
1706288400000,99993.77,99847.07
1706288400000,99993.77,99845.98
1706288400000,99993.77,99847.08
1706288400000,99993.77,99844.9
1706288400000,99993.77,99846.0
1706288400000,99993.77,99843.82
1706288400000,99993.77,99844.91
1706288400000,99993.77,99842.74
1706288400000,99993.77,99843.82
1706288400000,99993.77,99838.39
1706288400000,99993.77,99839.48
1706288400000,99993.77,99838.39
1706288400000,99993.77,99840.56
1706288400000,99993.77,99839.48
1706288400000,99993.77,99841.65
1706288400000,99993.77,99840.56
1706288400000,99993.77,99842.73
1706288400000,99993.77,99841.65
1706288400000,99993.77,99846.0
1706288400000,99993.77,99844.91
1706288400000,99993.77,99845.99
1706288400000,99993.77,99844.91
1706288400000,99993.77,99846.0
1706288400000,99993.77,99844.91
1706288400000,99993.77,99845.99
1706288400000,99993.77,99844.91
1706288400000,99993.77,99845.99
1706288400000,99993.77,99843.82
1706288400000,99993.77,99842.74
1706288400000,99993.77,99843.82
1706288400000,99993.77,99842.74
1706288400000,99993.77,99843.82
1706288400000,99993.77,99842.73
1706288400000,99993.77,99843.82
1706288400000,99993.77,99842.74
1706288400000,99993.77,99844.91
1706288400000,99993.77,99843.82
1706288400000,99993.77,99844.91
1706288400000,99993.77,99843.82
1706288400000,99993.77,99844.91
1706288400000,99993.77,99843.82
1706288400000,99993.77,99846.0
1706288400000,99993.77,99844.91
1706288400000,99993.77,99849.25
1706288400000,99993.77,99848.17
1706288400000,99993.77,99847.08
1706288400000,99993.77,99848.17
1706288400000,99993.77,99845.99
1706288400000,99993.77,99847.08
1706288400000,99993.77,99844.9
1706288400000,99993.77,99845.99
1706288400000,99993.77,99843.81
1706288400000,99993.77,99844.9
1706288400000,99993.77,99840.56
1706288400000,99993.77,99841.64
1706288400000,99993.77,99840.55
1706288400000,99993.77,99841.64
1706288400000,99993.77,99840.56
1706288400000,99993.77,99841.64
1706288400000,99993.77,99840.56
1706288400000,99993.77,99841.64
1706288400000,99993.77,99840.55
1706288400000,99993.77,99842.73
1706288400000,99993.77,99841.64
1706288400000,99993.77,99842.72
1706288400000,99993.77,99841.64
1706288400000,99993.77,99842.72
1706288400000,99993.77,99840.55
1706288400000,99993.77,99841.64
1706288400000,99993.77,99840.55
1706288400000,99993.77,99841.64
1706288400000,99993.77,99838.39
1706288400000,99993.77,99839.47
1706288400000,99993.77,99838.38
1706288400000,99993.77,99840.56
1706288400000,99993.77,99839.47
1706288400000,99993.77,99841.64
1706288400000,99993.77,99840.56
1706288400000,99993.77,99842.73
1706288400000,99993.77,99841.64
1706288400000,99993.77,99847.08
1706288400000,99993.77,99845.99
1706288400000,99993.77,99847.08
1706288400000,99993.77,99845.99
1706288400000,99993.77,99847.08
1706288400000,99993.77,99845.99
1706288400000,99993.77,99847.09
1706288400000,99993.77,99846.0
1706288400000,99993.77,99847.08
1706288400000,99993.77,99846.0
1706288400000,99993.77,99847.08
1706288400000,99993.77,99846.0
1706288400000,99993.77,99848.17
1706288400000,99993.77,99847.08
1706288400000,99993.77,99849.26
1706288400000,99993.77,99848.18
1706288400000,99993.77,99850.35
1706288400000,99993.77,99849.27
1706288400000,99993.77,99854.7
1706288400000,99993.77,99853.61
1706288400000,99993.77,99854.7
1706288400000,99993.77,99853.62
1706288400000,99993.77,99854.7
1706288400000,99993.77,99853.61
1706288400000,99993.77,99854.7
1706288400000,99993.77,99853.61
1706288400000,99993.77,99854.7
1706288400000,99993.77,99853.61
1706288400000,99993.77,99854.7
1706288400000,99993.77,99855.79
1706288400000,99993.77,99856.87
1706288400000,99993.77,99857.96
1706288400000,99993.77,99859.04
1706288400000,99993.77,99860.13
1706288400000,99993.77,99861.22
1706288400000,99993.77,99862.3
1706288400000,99993.77,99864.48
1706288400000,99993.77,99863.39
1706288400000,99993.77,99864.48
1706288400000,99993.77,99863.39
1706288400000,99993.77,99864.48
1706288400000,99993.77,99862.31
1706288400000,99993.77,99863.39
1706288400000,99993.77,99862.3
1706288400000,99993.77,99863.39
1706288400000,99993.77,99860.13
1706288400000,99993.77,99861.22
1706288400000,99993.77,99860.13
1706288400000,99993.77,99861.22
1706288400000,99993.77,99860.13
1706288400000,99993.77,99861.22
1706288400000,99993.77,99860.13
1706288400000,99993.77,99861.22
1706288400000,99993.77,99860.13
1706288400000,99993.77,99861.22
1706288400000,99993.77,99860.13
1706288400000,99993.77,99861.22
1706288400000,99993.77,99860.13
1706288400000,99993.77,99861.22
1706288400000,99993.77,99860.13
1706288400000,99993.77,99861.22
1706288400000,99993.77,99860.13
1706288400000,99993.77,99861.22
1706288400000,99993.77,99860.13
1706288400000,99993.77,99861.22
1706288400000,99993.77,99860.13
1706288400000,99993.77,99861.22
1706288400000,99993.77,99860.13
1706288400000,99993.77,99861.22
1706288400000,99993.77,99859.04
1706288400000,99993.77,99863.38
1706288400000,99993.77,99862.3
1706288400000,99993.77,99863.39
1706288400000,99993.77,99862.3
1706288400000,99993.77,99863.39
1706288400000,99993.77,99862.3
1706288400000,99993.77,99863.38
1706288400000,99993.77,99862.3
1706288400000,99993.77,99864.47
1706288400000,99993.77,99863.38
1706288400000,99993.77,99866.64
1706288400000,99993.77,99867.73
1706288400000,99993.77,99866.64
1706288400000,99993.77,99867.73
1706288400000,99993.77,99866.64
1706288400000,99993.77,99867.73
1706288400000,99993.77,99866.65
1706288400000,99993.77,99867.73
1706288400000,99993.77,99866.65
1706288400000,99993.77,99867.73
1706288400000,99993.77,99865.56
1706288400000,99993.77,99864.47
1706288400000,99993.77,99865.56
1706288400000,99993.77,99864.48
1706288400000,99993.77,99865.56
1706288400000,99993.77,99864.48
1706288400000,99993.77,99865.56
1706288400000,99993.77,99864.47
1706288400000,99993.77,99865.55
1706288400000,99993.77,99864.46
1706288400000,99993.77,99867.72
1706288400000,99993.77,99866.64
1706288400000,99993.77,99867.73
1706288400000,99993.77,99865.55
1706288400000,99993.77,99866.64
1706288400000,99993.77,99864.46
1706288400000,99993.77,99865.56
1706288400000,99993.77,99864.47
1706288400000,99993.77,99865.56
1706288400000,99993.77,99860.12
1706288400000,99993.77,99859.04
1706288400000,99993.77,99860.12
1706288400000,99993.77,99859.04
1706288400000,99993.77,99860.12
1706288400000,99993.77,99859.04
1706288400000,99993.77,99860.12
1706288400000,99993.77,99859.03
1706288400000,99993.77,99860.12
1706288400000,99993.77,99859.03
1706288400000,99993.77,99861.2
1706288400000,99993.77,99862.29
1706288400000,99993.77,99861.2
1706288400000,99993.77,99862.29
1706288400000,99993.77,99860.11
1706288400000,99993.77,99861.2
1706288400000,99993.77,99859.03
1706288400000,99993.77,99860.12
1706288400000,99993.77,99859.03
1706288400000,99993.77,99860.12
1706288400000,99993.77,99853.59
1706288400000,99993.77,99852.51
1706288400000,99993.77,99853.59
1706288400000,99993.77,99852.51
1706288400000,99993.77,99853.59
1706288400000,99993.77,99852.5
1706288400000,99993.77,99853.59
1706288400000,99993.77,99852.5
1706288400000,99993.77,99853.59
1706288400000,99993.77,99852.5
1706288400000,99993.77,99854.68
1706288400000,99993.77,99855.77
1706288400000,99993.77,99854.68
1706288400000,99993.77,99855.77
1706288400000,99993.77,99853.6
1706288400000,99993.77,99854.69
1706288400000,99993.77,99852.51
1706288400000,99993.77,99853.6
1706288400000,99993.77,99851.43
1706288400000,99993.77,99852.51
1706288400000,99993.77,99844.91
1706288400000,99993.77,99845.99
1706288400000,99993.77,99847.08
1706288400000,99993.77,99848.17
1706288400000,99993.77,99849.25
1706288400000,99993.77,99851.42
1706288400000,99993.77,99852.51
1706288400000,99993.77,99853.59
1706288400000,99993.77,99854.68
1706288400000,99993.77,99855.77
1706288400000,99993.77,99857.94
1706288400000,99993.77,99859.03
1706288400000,99993.77,99857.94
1706288400000,99993.77,99859.03
1706288400000,99993.77,99857.94
1706288400000,99993.77,99859.03
1706288400000,99993.77,99856.86
1706288400000,99993.77,99857.94
1706288400000,99993.77,99856.85
1706288400000,99993.77,99857.94
1706288400000,99993.77,99853.6
1706288400000,99993.77,99852.51
1706288400000,99993.77,99853.59
1706288400000,99993.77,99852.51
1706288400000,99993.77,99854.68
1706288400000,99993.77,99853.6
1706288400000,99993.77,99854.68
1706288400000,99993.77,99853.59
1706288400000,99993.77,99855.77
1706288400000,99993.77,99854.68
1706288400000,99993.77,99856.85
1706288400000,99993.77,99855.77
1706288400000,99993.77,99862.29
1706288400000,99993.77,99872.07
1706288400000,99993.77,99873.16
1706288400000,99993.77,99872.07
1706288400000,99993.77,99873.16
1706288400000,99993.77,99872.07
1706288400000,99993.77,99873.16
1706288400000,99993.77,99870.99
1706288400000,99993.77,99872.08
1706288400000,99993.77,99868.82
1706288400000,99993.77,99867.73
1706288400000,99993.77,99868.82
1706288400000,99993.77,99867.73
1706288400000,99993.77,99868.81
1706288400000,99993.77,99867.73
1706288400000,99993.77,99868.81
1706288400000,99993.77,99867.73
1706288400000,99993.77,99869.9
1706288400000,99993.77,99870.99
1706288400000,99993.77,99869.9
1706288400000,99993.77,99870.99
1706288400000,99993.77,99869.9
1706288400000,99993.77,99870.99
1706288400000,99993.77,99869.91
1706288400000,99993.77,99870.99
1706288400000,99993.77,99867.73
1706288400000,99993.77,99868.82
1706288400000,99993.77,99867.73
1706288400000,99993.77,99869.9
1706288400000,99993.77,99868.82
1706288400000,99993.77,99870.99
1706288400000,99993.77,99869.91
1706288400000,99993.77,99874.25
1706288400000,99993.77,99875.34
1706288400000,99993.77,99874.25
1706288400000,99993.77,99875.34
1706288400000,99993.77,99874.25
1706288400000,99993.77,99875.34
1706288400000,99993.77,99874.25
1706288400000,99993.77,99875.34
1706288400000,99993.77,99873.16
1706288400000,99993.77,99872.08
1706288400000,99993.77,99873.17
1706288400000,99993.77,99872.08
1706288400000,99993.77,99874.25
1706288400000,99993.77,99873.17
1706288400000,99993.77,99875.34
1706288400000,99993.77,99874.25
1706288400000,99993.77,99879.68
1706288400000,99993.77,99880.77
1706288400000,99993.77,99879.69
1706288400000,99993.77,99880.77
1706288400000,99993.77,99879.68
1706288400000,99993.77,99880.77
1706288400000,99993.77,99879.69
1706288400000,99993.77,99880.77
1706288400000,99993.77,99878.6
1706288400000,99993.77,99877.52
1706288400000,99993.77,99878.6
1706288400000,99993.77,99877.52
1706288400000,99993.77,99879.69
1706288400000,99993.77,99878.61
1706288400000,99993.77,99880.78
1706288400000,99993.77,99879.69
1706288400000,99993.77,99885.12
1706288400000,99993.77,99884.04
1706288400000,99993.77,99882.95
1706288400000,99993.77,99881.86
1706288400000,99993.77,99880.78
1706288400000,99993.77,99879.69
1706288400000,99993.77,99878.6
1706288400000,99993.77,99877.52
1706288400000,99993.77,99875.34
1706288400000,99993.77,99874.26
1706288400000,99993.77,99875.34
1706288400000,99993.77,99874.26
1706288400000,99993.77,99875.34
1706288400000,99993.77,99874.26
1706288400000,99993.77,99876.43
1706288400000,99993.77,99875.34
1706288400000,99993.77,99878.6
1706288400000,99993.77,99877.52
1706288400000,99993.77,99878.6
1706288400000,99993.77,99877.52
1706288400000,99993.77,99878.61
1706288400000,99993.77,99876.43
1706288400000,99993.77,99877.52
1706288400000,99993.77,99876.43
1706288400000,99993.77,99877.52
1706288400000,99993.77,99876.43
1706288400000,99993.77,99877.52
1706288400000,99993.77,99875.35
1706288400000,99993.77,99876.43
1706288400000,99993.77,99875.35
1706288400000,99993.77,99876.43
1706288400000,99993.77,99875.35
1706288400000,99993.77,99876.43
1706288400000,99993.77,99872.08
1706288400000,99993.77,99870.99
1706288400000,99993.77,99872.08
1706288400000,99993.77,99873.17
1706288400000,99993.77,99874.26
1706288400000,99993.77,99875.34
1706288400000,99993.77,99876.43
1706288400000,99993.77,99877.52
1706288400000,99993.77,99878.61
1706288400000,99993.77,99880.78
1706288400000,99993.77,99881.87
1706288400000,99993.77,99880.78
1706288400000,99993.77,99881.86
1706288400000,99993.77,99880.78
1706288400000,99993.77,99881.86
1706288400000,99993.77,99879.69
1706288400000,99993.77,99880.78
1706288400000,99993.77,99877.52
1706288400000,99993.77,99876.43
1706288400000,99993.77,99877.52
1706288400000,99993.77,99876.43
1706288400000,99993.77,99878.6
1706288400000,99993.77,99877.52
1706288400000,99993.77,99879.69
1706288400000,99993.77,99878.6
1706288400000,99993.77,99885.12
1706288400000,99993.77,99884.03
1706288400000,99993.77,99885.12
1706288400000,99993.77,99882.95
1706288400000,99993.77,99884.03
1706288400000,99993.77,99881.86
1706288400000,99993.77,99882.94
1706288400000,99993.77,99878.6
1706288400000,99993.77,99877.51
1706288400000,99993.77,99878.6
1706288400000,99993.77,99877.51
1706288400000,99993.77,99878.6
1706288400000,99993.77,99877.51
1706288400000,99993.77,99878.59
1706288400000,99993.77,99877.51
1706288400000,99993.77,99879.68
1706288400000,99993.77,99880.76
1706288400000,99993.77,99879.68
1706288400000,99993.77,99880.76
1706288400000,99993.77,99878.59
1706288400000,99993.77,99879.68
1706288400000,99993.77,99877.51
1706288400000,99993.77,99878.59
1706288400000,99993.77,99873.16
1706288400000,99993.77,99872.07
1706288400000,99993.77,99873.16
1706288400000,99993.77,99872.07
1706288400000,99993.77,99873.16
1706288400000,99993.77,99872.07
1706288400000,99993.77,99873.15
1706288400000,99993.77,99872.07
1706288400000,99993.77,99874.24
1706288400000,99993.77,99875.32
1706288400000,99993.77,99874.24
1706288400000,99993.77,99875.32
1706288400000,99993.77,99873.15
1706288400000,99993.77,99874.24
1706288400000,99993.77,99872.06
1706288400000,99993.77,99873.15
1706288400000,99993.77,99867.72
1706288400000,99993.77,99866.63
1706288400000,99993.77,99867.72
1706288400000,99993.77,99866.63
1706288400000,99993.77,99867.72
1706288400000,99993.77,99866.63
1706288400000,99993.77,99867.72
1706288400000,99993.77,99866.63
1706288400000,99993.77,99868.8
1706288400000,99993.77,99867.72
1706288400000,99993.77,99868.8
1706288400000,99993.77,99867.72
1706288400000,99993.77,99868.8
1706288400000,99993.77,99866.63
1706288400000,99993.77,99867.72
1706288400000,99993.77,99866.63
1706288400000,99993.77,99867.72
1706288400000,99993.77,99865.54
1706288400000,99993.77,99866.63
1706288400000,99993.77,99865.54
1706288400000,99993.77,99866.63
1706288400000,99993.77,99864.46
1706288400000,99993.77,99865.54
1706288400000,99993.77,99864.46
1706288400000,99993.77,99865.54
1706288400000,99993.77,99860.11
1706288400000,99993.77,99859.02
1706288400000,99993.77,99860.11
1706288400000,99993.77,99857.94
1706288400000,99993.77,99859.02
1706288400000,99993.77,99857.94
1706288400000,99993.77,99859.02
1706288400000,99993.77,99856.85
1706288400000,99993.77,99857.93
1706288400000,99993.77,99856.85
1706288400000,99993.77,99857.93
1706288400000,99993.77,99853.58
1706288400000,99993.77,99854.67
1706288400000,99993.77,99853.59
1706288400000,99993.77,99854.67
1706288400000,99993.77,99853.59
1706288400000,99993.77,99854.67
1706288400000,99993.77,99853.58
1706288400000,99993.77,99854.67
1706288400000,99993.77,99853.58
1706288400000,99993.77,99854.67
1706288400000,99993.77,99853.58
1706288400000,99993.77,99854.67
1706288400000,99993.77,99853.58
1706288400000,99993.77,99854.67
1706288400000,99993.77,99852.5
1706288400000,99993.77,99853.58
1706288400000,99993.77,99852.5
1706288400000,99993.77,99853.58
1706288400000,99993.77,99851.41
1706288400000,99993.77,99852.49
1706288400000,99993.77,99851.41
1706288400000,99993.77,99852.5
1706288400000,99993.77,99848.15
1706288400000,99993.77,99849.24
1706288400000,99993.77,99848.15
1706288400000,99993.77,99849.23
1706288400000,99993.77,99848.15
1706288400000,99993.77,99849.23
1706288400000,99993.77,99848.15
1706288400000,99993.77,99849.23
1706288400000,99993.77,99848.15
1706288400000,99993.77,99849.23
1706288400000,99993.77,99848.15
1706288400000,99993.77,99849.23
1706288400000,99993.77,99848.14
1706288400000,99993.77,99849.23
1706288400000,99993.77,99847.06
1706288400000,99993.77,99848.14
1706288400000,99993.77,99847.05
1706288400000,99993.77,99848.14
1706288400000,99993.77,99845.97
1706288400000,99993.77,99847.06
1706288400000,99993.77,99845.97
1706288400000,99993.77,99847.05
1706288400000,99993.77,99842.71
1706288400000,99993.77,99843.79
1706288400000,99993.77,99842.71
1706288400000,99993.77,99843.8
1706288400000,99993.77,99842.71
1706288400000,99993.77,99843.79
1706288400000,99993.77,99842.71
1706288400000,99993.77,99843.79
1706288400000,99993.77,99842.71
1706288400000,99993.77,99843.79
1706288400000,99993.77,99842.71
1706288400000,99993.77,99843.79
1706288400000,99993.77,99842.7
1706288400000,99993.77,99843.79
1706288400000,99993.77,99841.62
1706288400000,99993.77,99842.7
1706288400000,99993.77,99841.62
1706288400000,99993.77,99842.7
1706288400000,99993.77,99840.53
1706288400000,99993.77,99841.62
1706288400000,99993.77,99840.53
1706288400000,99993.77,99841.62
1706288400000,99993.77,99837.27
1706288400000,99993.77,99838.36
1706288400000,99993.77,99837.27
1706288400000,99993.77,99838.36
1706288400000,99993.77,99837.27
1706288400000,99993.77,99838.36
1706288400000,99993.77,99837.27
1706288400000,99993.77,99839.45
1706288400000,99993.77,99838.36
1706288400000,99993.77,99839.44
1706288400000,99993.77,99838.36
1706288400000,99993.77,99840.53
1706288400000,99993.77,99839.45
1706288400000,99993.77,99840.53
1706288400000,99993.77,99839.45
1706288400000,99993.77,99840.53
1706288400000,99993.77,99839.44
1706288400000,99993.77,99840.53
1706288400000,99993.77,99839.44
1706288400000,99993.77,99840.53
1706288400000,99993.77,99839.44
1706288400000,99993.77,99840.53
1706288400000,99993.77,99839.44
1706288400000,99993.77,99840.53
1706288400000,99993.77,99839.45
1706288400000,99993.77,99840.53
1706288400000,99993.77,99839.45
1706288400000,99993.77,99840.53
1706288400000,99993.77,99839.44
1706288400000,99993.77,99840.53
1706288400000,99993.77,99839.44
1706288400000,99993.77,99841.62
1706288400000,99993.77,99840.53
1706288400000,99993.77,99841.62
1706288400000,99993.77,99840.53
1706288400000,99993.77,99842.71
1706288400000,99993.77,99839.45
1706288400000,99993.77,99840.54
1706288400000,99993.77,99839.45
1706288400000,99993.77,99840.53
1706288400000,99993.77,99839.45
1706288400000,99993.77,99840.53
1706288400000,99993.77,99839.44
1706288400000,99993.77,99841.62
1706288400000,99993.77,99840.53
1706288400000,99993.77,99841.62
1706288400000,99993.77,99840.54
1706288400000,99993.77,99841.62
1706288400000,99993.77,99840.53
1706288400000,99993.77,99841.62
1706288400000,99993.77,99840.53
1706288400000,99993.77,99841.62
1706288400000,99993.77,99840.54
1706288400000,99993.77,99841.62
1706288400000,99993.77,99840.53
1706288400000,99993.77,99841.62
1706288400000,99993.77,99840.53
1706288400000,99993.77,99842.71
1706288400000,99993.77,99841.62
1706288400000,99993.77,99840.54
1706288400000,99993.77,99839.45
1706288400000,99993.77,99837.27
1706288400000,99993.77,99836.19
1706288400000,99993.77,99835.1
1706288400000,99993.77,99832.93
1706288400000,99993.77,99834.02
1706288400000,99993.77,99832.93
1706288400000,99993.77,99834.01
1706288400000,99993.77,99832.93
1706288400000,99993.77,99834.01
1706288400000,99993.77,99832.93
1706288400000,99993.77,99834.02
1706288400000,99993.77,99832.93
1706288400000,99993.77,99831.84
1706288400000,99993.77,99830.75
1706288400000,99993.77,99828.58
1706288400000,99993.77,99827.5
1706288400000,99993.77,99826.41
1706288400000,99993.77,99824.24
1706288400000,99993.77,99825.32
1706288400000,99993.77,99824.23
1706288400000,99993.77,99825.32
1706288400000,99993.77,99824.23
1706288400000,99993.77,99825.32
1706288400000,99993.77,99824.23
1706288400000,99993.77,99825.32
1706288400000,99993.77,99824.23
1706288400000,99993.77,99823.14
1706288400000,99993.77,99822.05
1706288400000,99993.77,99819.88
1706288400000,99993.77,99818.8
1706288400000,99993.77,99817.71
1706288400000,99993.77,99815.53
1706288400000,99993.77,99816.62
1706288400000,99993.77,99818.79
1706288400000,99993.77,99820.97
1706288400000,99993.77,99822.06
1706288400000,99993.77,99824.23
1706288400000,99993.77,99826.4
1706288400000,99993.77,99828.57
1706288400000,99993.77,99827.49
1706288400000,99993.77,99828.58
1706288400000,99993.77,99826.4
1706288400000,99993.77,99827.49
1706288400000,99993.77,99826.4
1706288400000,99993.77,99827.49
1706288400000,99993.77,99824.23
1706288400000,99993.77,99825.31
1706288400000,99993.77,99824.23
1706288400000,99993.77,99826.4
1706288400000,99993.77,99825.31
1706288400000,99993.77,99826.4
1706288400000,99993.77,99825.31
1706288400000,99993.77,99827.49
1706288400000,99993.77,99826.4
1706288400000,99993.77,99828.57
1706288400000,99993.77,99827.49
1706288400000,99993.77,99828.57
1706288400000,99993.77,99827.49
1706288400000,99993.77,99829.66
1706288400000,99993.77,99828.57
1706288400000,99993.77,99834.01
1706288400000,99993.77,99835.1
1706288400000,99993.77,99834.01
1706288400000,99993.77,99835.1
1706288400000,99993.77,99832.92
1706288400000,99993.77,99834.01
1706288400000,99993.77,99832.92
1706288400000,99993.77,99834.0
1706288400000,99993.77,99831.83
1706288400000,99993.77,99832.91
1706288400000,99993.77,99828.56
1706288400000,99993.77,99827.47
1706288400000,99993.77,99828.56
1706288400000,99993.77,99827.47
1706288400000,99993.77,99828.56
1706288400000,99993.77,99827.47
1706288400000,99993.77,99828.56
1706288400000,99993.77,99827.47
1706288400000,99993.77,99828.56
1706288400000,99993.77,99827.47
1706288400000,99993.77,99829.64
1706288400000,99993.77,99830.74
1706288400000,99993.77,99829.65
1706288400000,99993.77,99830.74
1706288400000,99993.77,99828.57
1706288400000,99993.77,99829.65
1706288400000,99993.77,99828.57
1706288400000,99993.77,99829.66
1706288400000,99993.77,99827.48
1706288400000,99993.77,99828.56
1706288400000,99993.77,99823.13
1706288400000,99993.77,99822.03
1706288400000,99993.77,99823.12
1706288400000,99993.77,99822.04
1706288400000,99993.77,99823.12
1706288400000,99993.77,99822.03
1706288400000,99993.77,99823.13
1706288400000,99993.77,99822.04
1706288400000,99993.77,99823.12
1706288400000,99993.77,99822.04
1706288400000,99993.77,99824.22
1706288400000,99993.77,99825.31
1706288400000,99993.77,99824.22
1706288400000,99993.77,99825.3
1706288400000,99993.77,99823.13
1706288400000,99993.77,99824.22
1706288400000,99993.77,99823.13
1706288400000,99993.77,99824.22
1706288400000,99993.77,99822.04
1706288400000,99993.77,99823.13
1706288400000,99993.77,99817.69
1706288400000,99993.77,99816.6
1706288400000,99993.77,99817.69
1706288400000,99993.77,99816.6
1706288400000,99993.77,99817.69
1706288400000,99993.77,99816.6
1706288400000,99993.77,99817.69
1706288400000,99993.77,99816.61
1706288400000,99993.77,99817.69
1706288400000,99993.77,99816.61
1706288400000,99993.77,99818.79
1706288400000,99993.77,99819.88
1706288400000,99993.77,99818.79
1706288400000,99993.77,99819.87
1706288400000,99993.77,99817.7
1706288400000,99993.77,99818.79
1706288400000,99993.77,99816.61
1706288400000,99993.77,99817.7
1706288400000,99993.77,99816.62
1706288400000,99993.77,99817.7
1706288400000,99993.77,99811.18
1706288400000,99993.77,99812.26
1706288400000,99993.77,99813.35
1706288400000,99993.77,99815.52
1706288400000,99993.77,99816.61
1706288400000,99993.77,99818.78
1706288400000,99993.77,99819.87
1706288400000,99993.77,99820.96
1706288400000,99993.77,99823.13
1706288400000,99993.77,99824.23
1706288400000,99993.77,99826.4
1706288400000,99993.77,99827.49
1706288400000,99993.77,99826.4
1706288400000,99993.77,99827.49
1706288400000,99993.77,99825.32
1706288400000,99993.77,99826.4
1706288400000,99993.77,99825.31
1706288400000,99993.77,99826.4
1706288400000,99993.77,99824.23
1706288400000,99993.77,99825.31
1706288400000,99993.77,99820.96
1706288400000,99993.77,99819.88
1706288400000,99993.77,99820.96
1706288400000,99993.77,99819.88
1706288400000,99993.77,99822.05
1706288400000,99993.77,99820.97
1706288400000,99993.77,99822.05
1706288400000,99993.77,99820.97
1706288400000,99993.77,99823.14
1706288400000,99993.77,99822.05
1706288400000,99993.77,99823.14
1706288400000,99993.77,99822.06
1706288400000,99993.77,99824.23
1706288400000,99993.77,99823.14
1706288400000,99993.77,99824.23
1706288400000,99993.77,99823.15
1706288400000,99993.77,99825.32
1706288400000,99993.77,99824.23
1706288400000,99993.77,99831.85
1706288400000,99993.77,99830.76
1706288400000,99993.77,99831.85
1706288400000,99993.77,99832.93
1706288400000,99993.77,99834.02
1706288400000,99993.77,99836.2
1706288400000,99993.77,99837.29
1706288400000,99993.77,99838.37
1706288400000,99993.77,99840.55
1706288400000,99993.77,99839.47
1706288400000,99993.77,99840.55
1706288400000,99993.77,99839.46
1706288400000,99993.77,99840.55
1706288400000,99993.77,99839.47
1706288400000,99993.77,99840.55
1706288400000,99993.77,99839.46
1706288400000,99993.77,99840.55
1706288400000,99993.77,99841.64
1706288400000,99993.77,99842.73
1706288400000,99993.77,99844.9
1706288400000,99993.77,99845.99
1706288400000,99993.77,99847.08
1706288400000,99993.77,99849.25
1706288400000,99993.77,99848.17
1706288400000,99993.77,99849.25
1706288400000,99993.77,99848.17
1706288400000,99993.77,99849.25
1706288400000,99993.77,99848.16
1706288400000,99993.77,99849.25
1706288400000,99993.77,99848.16
1706288400000,99993.77,99849.25
1706288400000,99993.77,99850.34
1706288400000,99993.77,99851.43
1706288400000,99993.77,99853.6
1706288400000,99993.77,99854.69
1706288400000,99993.77,99855.78
1706288400000,99993.77,99857.95
1706288400000,99993.77,99856.87
1706288400000,99993.77,99857.95
1706288400000,99993.77,99856.87
1706288400000,99993.77,99857.95
1706288400000,99993.77,99856.86
1706288400000,99993.77,99857.95
1706288400000,99993.77,99856.87
1706288400000,99993.77,99857.95
1706288400000,99993.77,99859.04
1706288400000,99993.77,99860.14
1706288400000,99993.77,99862.3
1706288400000,99993.77,99863.39
1706288400000,99993.77,99864.48
1706288400000,99993.77,99866.65
1706288400000,99993.77,99863.38
1706288400000,99993.77,99860.12
1706288400000,99993.77,99856.86
1706288400000,99993.77,99852.51
1706288400000,99993.77,99849.25
1706288400000,99993.77,99845.99
1706288400000,99993.77,99841.64
1706288400000,99993.77,99842.74
1706288400000,99993.77,99843.82
1706288400000,99993.77,99844.91
1706288400000,99993.77,99846.0
1706288400000,99993.77,99847.08
1706288400000,99993.77,99848.17
1706288400000,99993.77,99850.35
1706288400000,99993.77,99849.26
1706288400000,99993.77,99847.08
1706288400000,99993.77,99844.91
1706288400000,99993.77,99843.82
1706288400000,99993.77,99841.65
1706288400000,99993.77,99839.47
1706288400000,99993.77,99838.39
1706288400000,99993.77,99836.22
1706288400000,99993.77,99834.03
1706288400000,99993.77,99838.38
1706288400000,99993.77,99837.29
1706288400000,99993.77,99836.21
1706288400000,99993.77,99835.12
1706288400000,99993.77,99834.04
1706288400000,99993.77,99831.87
1706288400000,99993.77,99832.96
1706288400000,99993.77,99831.87
1706288400000,99993.77,99832.96
1706288400000,99993.77,99831.87
1706288400000,99993.77,99834.04
1706288400000,99993.77,99832.96
1706288400000,99993.77,99834.04
1706288400000,99993.77,99831.87
1706288400000,99993.77,99832.97
1706288400000,99993.77,99829.71
1706288400000,99993.77,99831.88
1706288400000,99993.77,99834.05
1706288400000,99993.77,99836.23
1706288400000,99993.77,99838.4
1706288400000,99993.77,99840.57
1706288400000,99993.77,99839.49
1706288400000,99993.77,99840.58
1706288400000,99993.77,99839.5
1706288400000,99993.77,99840.58
1706288400000,99993.77,99839.49
1706288400000,99993.77,99841.67
1706288400000,99993.77,99843.84
1706288400000,99993.77,99846.01
1706288400000,99993.77,99848.19
1706288400000,99993.77,99850.36
1706288400000,99993.77,99849.28
1706288400000,99993.77,99850.38
1706288400000,99993.77,99849.29
1706288400000,99993.77,99850.37
1706288400000,99993.77,99849.27
1706288400000,99993.77,99851.44
1706288400000,99993.77,99853.61
1706288400000,99993.77,99856.87
1706288400000,99993.77,99859.04
1706288400000,99993.77,99862.3
1706288400000,99993.77,99859.05
1706288400000,99993.77,99855.79
1706288400000,99993.77,99852.53
1706288400000,99993.77,99849.27
1706288400000,99993.77,99844.93
1706288400000,99993.77,99846.01
1706288400000,99993.77,99847.1
1706288400000,99993.77,99848.18
1706288400000,99993.77,99849.26
1706288400000,99993.77,99850.35
1706288400000,99993.77,99849.27
1706288400000,99993.77,99848.18
1706288400000,99993.77,99847.09
1706288400000,99993.77,99844.92
1706288400000,99993.77,99843.83
1706288400000,99993.77,99842.74
1706288400000,99993.77,99841.66
1706288400000,99993.77,99839.48
1706288400000,99993.77,99839.47
1706288400000,99993.77,99840.56
1706288400000,99993.77,99839.47
1706288400000,99993.77,99840.56
1706288400000,99993.77,99838.39
1706288400000,99993.77,99839.48
1706288400000,99993.77,99834.04
1706288400000,99993.77,99832.96
1706288400000,99993.77,99834.04
1706288400000,99993.77,99832.96
1706288400000,99993.77,99834.04
1706288400000,99993.77,99832.96
1706288400000,99993.77,99836.22
1706288400000,99993.77,99837.3
1706288400000,99993.77,99836.22
1706288400000,99993.77,99837.3
1706288400000,99993.77,99835.13
1706288400000,99993.77,99836.22
1706288400000,99993.77,99832.96
1706288400000,99993.77,99835.13
1706288400000,99993.77,99837.3
1706288400000,99993.77,99840.56
1706288400000,99993.77,99842.72
1706288400000,99993.77,99844.9
1706288400000,99993.77,99848.16
1706288400000,99993.77,99849.24
1706288400000,99993.77,99848.16
1706288400000,99993.77,99849.24
1706288400000,99993.77,99848.16
1706288400000,99993.77,99849.24
1706288400000,99993.77,99847.07
1706288400000,99993.77,99849.24
1706288400000,99993.77,99851.41
1706288400000,99993.77,99854.66
1706288400000,99993.77,99856.84
1706288400000,99993.77,99859.01
1706288400000,99993.77,99862.27
1706288400000,99993.77,99863.36
1706288400000,99993.77,99862.27
1706288400000,99993.77,99863.36
1706288400000,99993.77,99862.27
1706288400000,99993.77,99863.35
1706288400000,99993.77,99861.18
1706288400000,99993.77,99863.35
1706288400000,99993.77,99866.6
1706288400000,99993.77,99868.78
1706288400000,99993.77,99872.04
1706288400000,99993.77,99874.21
1706288400000,99993.77,99877.47
1706288400000,99993.77,99876.38
1706288400000,99993.77,99877.48
1706288400000,99993.77,99875.3
1706288400000,99993.77,99876.39
1706288400000,99993.77,99874.21
1706288400000,99993.77,99873.13
1706288400000,99993.77,99874.21
1706288400000,99993.77,99873.13
1706288400000,99993.77,99874.21
1706288400000,99993.77,99873.13
1706288400000,99993.77,99875.3
1706288400000,99993.77,99874.21
1706288400000,99993.77,99875.3
1706288400000,99993.77,99874.21
1706288400000,99993.77,99875.3
1706288400000,99993.77,99874.21
1706288400000,99993.77,99875.3
1706288400000,99993.77,99874.21
1706288400000,99993.77,99875.3
1706288400000,99993.77,99874.21
1706288400000,99993.77,99875.3
1706288400000,99993.77,99874.21
1706288400000,99993.77,99875.3
1706288400000,99993.77,99874.22
1706288400000,99993.77,99875.3
1706288400000,99993.77,99874.21
1706288400000,99993.77,99875.3
1706288400000,99993.77,99872.04
1706288400000,99993.77,99873.12
1706288400000,99993.77,99872.04
1706288400000,99993.77,99873.12
1706288400000,99993.77,99872.04
1706288400000,99993.77,99873.13
1706288400000,99993.77,99874.21
1706288400000,99993.77,99873.13
1706288400000,99993.77,99874.21
1706288400000,99993.77,99873.12
1706288400000,99993.77,99874.21
1706288400000,99993.77,99872.04
1706288400000,99993.77,99874.21
1706288400000,99993.77,99876.39
1706288400000,99993.77,99878.56
1706288400000,99993.77,99880.74
1706288400000,99993.77,99882.91
1706288400000,99993.77,99886.17
1706288400000,99993.77,99887.26
1706288400000,99993.77,99886.17
1706288400000,99993.77,99887.26
1706288400000,99993.77,99886.17
1706288400000,99993.77,99887.26
1706288400000,99993.77,99885.08
1706288400000,99993.77,99887.26
1706288400000,99993.77,99889.43
1706288400000,99993.77,99891.61
1706288400000,99993.77,99893.78
1706288400000,99993.77,99895.96
1706288400000,99993.77,99899.22
1706288400000,99993.77,99900.31
1706288400000,99993.77,99899.22
1706288400000,99993.77,99900.31
1706288400000,99993.77,99899.22
1706288400000,99993.77,99900.31
1706288400000,99993.77,99898.13
1706288400000,99993.77,99900.31
1706288400000,99993.77,99903.57
1706288400000,99993.77,99905.74
1706288400000,99993.77,99909.0
1706288400000,99993.77,99911.17
1706288400000,99993.77,99914.44
1706288400000,99993.77,99912.26
1706288400000,99993.77,99910.09
1706288400000,99993.77,99907.92
1706288400000,99993.77,99905.75
1706288400000,99993.77,99903.57
1706288400000,99993.77,99900.31
1706288400000,99993.77,99899.23
1706288400000,99993.77,99900.31
1706288400000,99993.77,99899.22
1706288400000,99993.77,99901.4
1706288400000,99993.77,99900.31
1706288400000,99993.77,99904.66
1706288400000,99993.77,99903.57
1706288400000,99993.77,99904.66
1706288400000,99993.77,99903.57
1706288400000,99993.77,99904.66
1706288400000,99993.77,99902.49
1706288400000,99993.77,99903.57
1706288400000,99993.77,99902.49
1706288400000,99993.77,99903.57
1706288400000,99993.77,99901.4
1706288400000,99993.77,99902.49
1706288400000,99993.77,99901.4
1706288400000,99993.77,99902.49
1706288400000,99993.77,99900.31
1706288400000,99993.77,99901.4
1706288400000,99993.77,99900.31
1706288400000,99993.77,99901.4
1706288400000,99993.77,99895.96
1706288400000,99993.77,99897.05
1706288400000,99993.77,99898.14
1706288400000,99993.77,99900.31
1706288400000,99993.77,99901.4
1706288400000,99993.77,99902.48
1706288400000,99993.77,99903.57
1706288400000,99993.77,99905.74
1706288400000,99993.77,99906.83
1706288400000,99993.77,99909.0
1706288400000,99993.77,99907.92
1706288400000,99993.77,99909.0
1706288400000,99993.77,99907.92
1706288400000,99993.77,99909.0
1706288400000,99993.77,99906.83
1706288400000,99993.77,99907.92
1706288400000,99993.77,99906.83
1706288400000,99993.77,99907.92
1706288400000,99993.77,99904.66
1706288400000,99993.77,99905.74
1706288400000,99993.77,99904.66
1706288400000,99993.77,99906.83
1706288400000,99993.77,99905.74
1706288400000,99993.77,99907.92
1706288400000,99993.77,99906.83
1706288400000,99993.77,99909.0
1706288400000,99993.77,99907.92
1706288400000,99993.77,99913.35
1706288400000,99993.77,99911.18
1706288400000,99993.77,99909.01
1706288400000,99993.77,99906.84
1706288400000,99993.77,99904.66
1706288400000,99993.77,99902.49
1706288400000,99993.77,99900.31
1706288400000,99993.77,99898.14
1706288400000,99993.77,99895.97
1706288400000,99993.77,99893.79
1706288400000,99993.77,99894.88
1706288400000,99993.77,99893.79
1706288400000,99993.77,99894.88
1706288400000,99993.77,99893.8
1706288400000,99993.77,99894.89
1706288400000,99993.77,99893.8
1706288400000,99993.77,99894.89
1706288400000,99993.77,99893.8
1706288400000,99993.77,99894.89
1706288400000,99993.77,99892.72
1706288400000,99993.77,99890.54
1706288400000,99993.77,99888.37
1706288400000,99993.77,99886.2
1706288400000,99993.77,99884.02
1706288400000,99993.77,99881.85
1706288400000,99993.77,99879.68
1706288400000,99993.77,99877.5
1706288400000,99993.77,99875.33
1706288400000,99993.77,99876.42
1706288400000,99993.77,99875.34
1706288400000,99993.77,99876.42
1706288400000,99993.77,99875.34
1706288400000,99993.77,99876.43
1706288400000,99993.77,99875.34
1706288400000,99993.77,99876.43
1706288400000,99993.77,99875.34
1706288400000,99993.77,99876.42
1706288400000,99993.77,99874.25
1706288400000,99993.77,99872.08
1706288400000,99993.77,99869.9
1706288400000,99993.77,99867.73
1706288400000,99993.77,99865.56
1706288400000,99993.77,99863.39
1706288400000,99993.77,99861.21
1706288400000,99993.77,99859.04
1706288400000,99993.77,99856.87
1706288400000,99993.77,99857.95
1706288400000,99993.77,99856.87
1706288400000,99993.77,99857.95
1706288400000,99993.77,99856.87
1706288400000,99993.77,99857.95
1706288400000,99993.77,99856.87
1706288400000,99993.77,99857.95
1706288400000,99993.77,99856.87
1706288400000,99993.77,99859.04
1706288400000,99993.77,99857.95
1706288400000,99993.77,99859.04
1706288400000,99993.77,99857.95
1706288400000,99993.77,99859.04
1706288400000,99993.77,99857.95
1706288400000,99993.77,99859.04
1706288400000,99993.77,99857.95
1706288400000,99993.77,99859.04
1706288400000,99993.77,99857.95
1706288400000,99993.77,99859.04
1706288400000,99993.77,99857.95
1706288400000,99993.77,99859.04
1706288400000,99993.77,99857.95
1706288400000,99993.77,99859.04
1706288400000,99993.77,99857.95
1706288400000,99993.77,99859.04
1706288400000,99993.77,99857.95
1706288400000,99993.77,99859.04
1706288400000,99993.77,99857.95
1706288400000,99993.77,99859.04
1706288400000,99993.77,99857.95
1706288400000,99993.77,99859.04
1706288400000,99993.77,99857.95
1706288400000,99993.77,99859.04
1706288400000,99993.77,99857.95
1706288400000,99993.77,99859.04
1706288400000,99993.77,99857.95
1706288400000,99993.77,99860.12
1706288400000,99993.77,99861.21
1706288400000,99993.77,99860.12
1706288400000,99993.77,99859.04
1706288400000,99993.77,99857.94
1706288400000,99993.77,99856.85
1706288400000,99993.77,99855.77
1706288400000,99993.77,99853.59
1706288400000,99993.77,99852.5
1706288400000,99993.77,99851.41
1706288400000,99993.77,99850.32
1706288400000,99993.77,99849.24
1706288400000,99993.77,99847.07
1706288400000,99993.77,99848.15
1706288400000,99993.77,99847.07
1706288400000,99993.77,99848.15
1706288400000,99993.77,99847.07
1706288400000,99993.77,99849.24
1706288400000,99993.77,99848.16
1706288400000,99993.77,99849.24
1706288400000,99993.77,99848.16
1706288400000,99993.77,99849.24
1706288400000,99993.77,99848.16
1706288400000,99993.77,99851.42
1706288400000,99993.77,99850.33
1706288400000,99993.77,99851.41
1706288400000,99993.77,99849.24
1706288400000,99993.77,99850.33
1706288400000,99993.77,99848.15
1706288400000,99993.77,99849.24
1706288400000,99993.77,99848.15
1706288400000,99993.77,99849.24
1706288400000,99993.77,99847.06
1706288400000,99993.77,99848.14
1706288400000,99993.77,99842.71
1706288400000,99993.77,99843.8
1706288400000,99993.77,99844.89
1706288400000,99993.77,99845.97
1706288400000,99993.77,99847.06
1706288400000,99993.77,99848.15
1706288400000,99993.77,99850.32
1706288400000,99993.77,99851.41
1706288400000,99993.77,99852.5
1706288400000,99993.77,99853.58
1706288400000,99993.77,99854.68
1706288400000,99993.77,99856.85
1706288400000,99993.77,99855.76
1706288400000,99993.77,99856.85
1706288400000,99993.77,99855.76
1706288400000,99993.77,99856.85
1706288400000,99993.77,99855.76
1706288400000,99993.77,99856.85
1706288400000,99993.77,99855.76
1706288400000,99993.77,99856.85
1706288400000,99993.77,99855.76
1706288400000,99993.77,99856.85
1706288400000,99993.77,99855.76
1706288400000,99993.77,99856.85
1706288400000,99993.77,99857.93
1706288400000,99993.77,99859.02
1706288400000,99993.77,99860.11
1706288400000,99993.77,99861.2
1706288400000,99993.77,99863.37
1706288400000,99993.77,99864.46
1706288400000,99993.77,99865.54
1706288400000,99993.77,99866.63
1706288400000,99993.77,99867.72
1706288400000,99993.77,99869.9
1706288400000,99993.77,99868.81
1706288400000,99993.77,99869.9
1706288400000,99993.77,99868.81
1706288400000,99993.77,99869.9
1706288400000,99993.77,99868.81
1706288400000,99993.77,99869.9
1706288400000,99993.77,99868.81
1706288400000,99993.77,99869.9
1706288400000,99993.77,99868.81
1706288400000,99993.77,99869.9
1706288400000,99993.77,99868.81
1706288400000,99993.77,99869.9
1706288400000,99993.77,99870.98
1706288400000,99993.77,99872.07
1706288400000,99993.77,99873.16
1706288400000,99993.77,99874.24
1706288400000,99993.77,99876.42
1706288400000,99993.77,99877.5
1706288400000,99993.77,99878.59
1706288400000,99993.77,99879.68
1706288400000,99993.77,99880.77
1706288400000,99993.77,99882.94
1706288400000,99993.77,99881.85
1706288400000,99993.77,99882.94
1706288400000,99993.77,99881.85
1706288400000,99993.77,99882.94
1706288400000,99993.77,99880.77
1706288400000,99993.77,99881.86
1706288400000,99993.77,99880.77
1706288400000,99993.77,99881.86
1706288400000,99993.77,99879.68
1706288400000,99993.77,99880.77
1706288400000,99993.77,99877.51
1706288400000,99993.77,99878.6
1706288400000,99993.77,99877.51
1706288400000,99993.77,99878.6
1706288400000,99993.77,99877.51
1706288400000,99993.77,99878.6
1706288400000,99993.77,99877.51
1706288400000,99993.77,99878.6
1706288400000,99993.77,99877.51
1706288400000,99993.77,99878.6
1706288400000,99993.77,99877.51
1706288400000,99993.77,99879.68
1706288400000,99993.77,99878.6
1706288400000,99993.77,99879.69
1706288400000,99993.77,99878.6
1706288400000,99993.77,99879.69
1706288400000,99993.77,99878.6
1706288400000,99993.77,99879.69
1706288400000,99993.77,99878.6
1706288400000,99993.77,99879.69
1706288400000,99993.77,99878.6
1706288400000,99993.77,99879.69
1706288400000,99993.77,99877.52
1706288400000,99993.77,99878.6
1706288400000,99993.77,99877.52
1706288400000,99993.77,99878.6
1706288400000,99993.77,99876.43
1706288400000,99993.77,99877.52
1706288400000,99993.77,99876.43
1706288400000,99993.77,99877.52
1706288400000,99993.77,99876.43
1706288400000,99993.77,99877.52
1706288400000,99993.77,99876.44
1706288400000,99993.77,99877.52
1706288400000,99993.77,99875.35
1706288400000,99993.77,99876.44
1706288400000,99993.77,99874.27
1706288400000,99993.77,99875.35
1706288400000,99993.77,99874.27
1706288400000,99993.77,99875.36
1706288400000,99993.77,99874.27
1706288400000,99993.77,99875.36
1706288400000,99993.77,99874.27
1706288400000,99993.77,99875.35
1706288400000,99993.77,99874.27
1706288400000,99993.77,99875.36
1706288400000,99993.77,99874.27
1706288400000,99993.77,99875.36
1706288400000,99993.77,99874.27
1706288400000,99993.77,99875.36
1706288400000,99993.77,99874.27
1706288400000,99993.77,99875.36
1706288400000,99993.77,99874.28
1706288400000,99993.77,99875.36
1706288400000,99993.77,99874.28
1706288400000,99993.77,99875.36
1706288400000,99993.77,99876.45
1706288400000,99993.77,99877.53
1706288400000,99993.77,99878.62
1706288400000,99993.77,99879.7
1706288400000,99993.77,99880.79
1706288400000,99993.77,99881.88
1706288400000,99993.77,99882.97
1706288400000,99993.77,99885.14
1706288400000,99993.77,99884.05
1706288400000,99993.77,99885.14
1706288400000,99993.77,99884.06
1706288400000,99993.77,99885.14
1706288400000,99993.77,99884.06
1706288400000,99993.77,99885.14
1706288400000,99993.77,99884.05
1706288400000,99993.77,99885.14
1706288400000,99993.77,99884.06
1706288400000,99993.77,99885.14
1706288400000,99993.77,99886.23
1706288400000,99993.77,99887.31
1706288400000,99993.77,99888.4
1706288400000,99993.77,99889.49
1706288400000,99993.77,99890.57
1706288400000,99993.77,99891.66
1706288400000,99993.77,99892.75
1706288400000,99993.77,99894.92
1706288400000,99993.77,99893.83
1706288400000,99993.77,99894.92
1706288400000,99993.77,99893.83
1706288400000,99993.77,99894.92
1706288400000,99993.77,99893.83
1706288400000,99993.77,99894.92
1706288400000,99993.77,99893.84
1706288400000,99993.77,99894.92
1706288400000,99993.77,99893.84
1706288400000,99993.77,99894.92
1706288400000,99993.77,99896.01
1706288400000,99993.77,99897.09
1706288400000,99993.77,99898.18
1706288400000,99993.77,99900.35
1706288400000,99993.77,99901.43
1706288400000,99993.77,99902.52
1706288400000,99993.77,99903.61
1706288400000,99993.77,99905.78
1706288400000,99993.77,99903.6
1706288400000,99993.77,99901.43
1706288400000,99993.77,99899.26
1706288400000,99993.77,99897.09
1706288400000,99993.77,99894.92
1706288400000,99993.77,99892.74
1706288400000,99993.77,99890.57
1706288400000,99993.77,99888.4
1706288400000,99993.77,99885.14
1706288400000,99993.77,99886.22
1706288400000,99993.77,99885.14
1706288400000,99993.77,99887.31
1706288400000,99993.77,99886.23
1706288400000,99993.77,99887.31
1706288400000,99993.77,99886.23
1706288400000,99993.77,99888.4
1706288400000,99993.77,99887.31
1706288400000,99993.77,99891.66
1706288400000,99993.77,99890.57
1706288400000,99993.77,99891.65
1706288400000,99993.77,99889.48
1706288400000,99993.77,99890.57
1706288400000,99993.77,99888.39
1706288400000,99993.77,99889.48
1706288400000,99993.77,99887.31
1706288400000,99993.77,99888.39
1706288400000,99993.77,99886.22
1706288400000,99993.77,99887.31
1706288400000,99993.77,99886.22
1706288400000,99993.77,99887.31
1706288400000,99993.77,99885.13
1706288400000,99993.77,99886.22
1706288400000,99993.77,99878.61
1706288400000,99993.77,99876.44
1706288400000,99993.77,99877.53
1706288400000,99993.77,99878.62
1706288400000,99993.77,99879.7
1706288400000,99993.77,99881.88
1706288400000,99993.77,99882.97
1706288400000,99993.77,99884.06
1706288400000,99993.77,99886.23
1706288400000,99993.77,99887.32
1706288400000,99993.77,99888.4
1706288400000,99993.77,99890.58
1706288400000,99993.77,99891.66
1706288400000,99993.77,99890.58
1706288400000,99993.77,99891.66
1706288400000,99993.77,99890.58
1706288400000,99993.77,99891.66
1706288400000,99993.77,99890.58
1706288400000,99993.77,99891.66
1706288400000,99993.77,99890.57
1706288400000,99993.77,99891.66
1706288400000,99993.77,99889.49
1706288400000,99993.77,99890.58
1706288400000,99993.77,99891.66
1706288400000,99993.77,99892.75
1706288400000,99993.77,99894.92
1706288400000,99993.77,99896.01
1706288400000,99993.77,99897.1
1706288400000,99993.77,99899.27
1706288400000,99993.77,99900.35
1706288400000,99993.77,99901.44
1706288400000,99993.77,99903.61
1706288400000,99993.77,99904.7
1706288400000,99993.77,99903.61
1706288400000,99993.77,99904.69
1706288400000,99993.77,99903.61
1706288400000,99993.77,99904.69
1706288400000,99993.77,99903.61
1706288400000,99993.77,99904.69
1706288400000,99993.77,99903.61
1706288400000,99993.77,99904.69
1706288400000,99993.77,99902.52
1706288400000,99993.77,99903.61
1706288400000,99993.77,99904.69
1706288400000,99993.77,99905.78
1706288400000,99993.77,99907.95
1706288400000,99993.77,99909.04
1706288400000,99993.77,99910.12
1706288400000,99993.77,99912.3
1706288400000,99993.77,99913.38
1706288400000,99993.77,99914.47
1706288400000,99993.77,99916.64
1706288400000,99993.77,99917.72
1706288400000,99993.77,99916.64
1706288400000,99993.77,99917.72
1706288400000,99993.77,99916.64
1706288400000,99993.77,99917.72
1706288400000,99993.77,99916.64
1706288400000,99993.77,99917.72
1706288400000,99993.77,99916.64
1706288400000,99993.77,99917.73
1706288400000,99993.77,99915.55
1706288400000,99993.77,99916.64
1706288400000,99993.77,99917.72
1706288400000,99993.77,99919.9
1706288400000,99993.77,99920.98
1706288400000,99993.77,99923.15
1706288400000,99993.77,99924.24
1706288400000,99993.77,99925.32
1706288400000,99993.77,99927.5
1706288400000,99993.77,99928.58
1706288400000,99993.77,99930.76
1706288400000,99993.77,99928.58
1706288400000,99993.77,99925.32
1706288400000,99993.77,99922.06
1706288400000,99993.77,99919.89
1706288400000,99993.77,99916.63
1706288400000,99993.77,99913.37
1706288400000,99993.77,99911.2
1706288400000,99993.77,99907.94
1706288400000,99993.77,99904.68
1706288400000,99993.77,99901.42
1706288400000,99993.77,99900.34
1706288400000,99993.77,99901.42
1706288400000,99993.77,99900.34
1706288400000,99993.77,99902.51
1706288400000,99993.77,99901.42
1706288400000,99993.77,99903.6
1706288400000,99993.77,99902.51
1706288400000,99993.77,99904.68
1706288400000,99993.77,99903.6
1706288400000,99993.77,99911.2
1706288400000,99993.77,99910.11
1706288400000,99993.77,99909.03
1706288400000,99993.77,99907.94
1706288400000,99993.77,99906.85
1706288400000,99993.77,99905.77
1706288400000,99993.77,99904.68
1706288400000,99993.77,99903.59
1706288400000,99993.77,99901.42
1706288400000,99993.77,99900.34
1706288400000,99993.77,99899.25
1706288400000,99993.77,99898.16
1706288400000,99993.77,99897.08
1706288400000,99993.77,99895.99
1706288400000,99993.77,99894.9
1706288400000,99993.77,99893.82
1706288400000,99993.77,99891.64
1706288400000,99993.77,99889.46
1706288400000,99993.77,99888.38
1706288400000,99993.77,99889.46
1706288400000,99993.77,99888.38
1706288400000,99993.77,99890.55
1706288400000,99993.77,99889.47
1706288400000,99993.77,99890.55
1706288400000,99993.77,99889.47
1706288400000,99993.77,99891.64
1706288400000,99993.77,99890.55
1706288400000,99993.77,99895.99
1706288400000,99993.77,99897.07
1706288400000,99993.77,99895.99
1706288400000,99993.77,99897.07
1706288400000,99993.77,99895.99
1706288400000,99993.77,99897.07
1706288400000,99993.77,99895.98
1706288400000,99993.77,99897.07
1706288400000,99993.77,99895.98
1706288400000,99993.77,99897.07
1706288400000,99993.77,99893.81
1706288400000,99993.77,99892.72
1706288400000,99993.77,99893.81
1706288400000,99993.77,99892.73
1706288400000,99993.77,99894.9
1706288400000,99993.77,99893.81
1706288400000,99993.77,99894.9
1706288400000,99993.77,99893.81
1706288400000,99993.77,99895.99
1706288400000,99993.77,99894.9
1706288400000,99993.77,99899.24
1706288400000,99993.77,99898.16
1706288400000,99993.77,99899.24
1706288400000,99993.77,99897.07
1706288400000,99993.77,99898.15
1706288400000,99993.77,99897.07
1706288400000,99993.77,99898.15
1706288400000,99993.77,99895.98
1706288400000,99993.77,99897.07
1706288400000,99993.77,99892.72
1706288400000,99993.77,99891.64
1706288400000,99993.77,99892.72
1706288400000,99993.77,99891.64
1706288400000,99993.77,99892.72
1706288400000,99993.77,99891.64
1706288400000,99993.77,99892.72
1706288400000,99993.77,99891.64
1706288400000,99993.77,99892.72
1706288400000,99993.77,99891.63
1706288400000,99993.77,99893.81
1706288400000,99993.77,99894.89
1706288400000,99993.77,99893.81
1706288400000,99993.77,99894.89
1706288400000,99993.77,99892.72
1706288400000,99993.77,99893.8
1706288400000,99993.77,99892.72
1706288400000,99993.77,99893.81
1706288400000,99993.77,99891.63
1706288400000,99993.77,99892.72
1706288400000,99993.77,99887.29
1706288400000,99993.77,99886.2
1706288400000,99993.77,99887.29
1706288400000,99993.77,99886.2
1706288400000,99993.77,99887.28
1706288400000,99993.77,99886.2
1706288400000,99993.77,99887.28
1706288400000,99993.77,99886.19
1706288400000,99993.77,99887.28
1706288400000,99993.77,99886.19
1706288400000,99993.77,99888.37
1706288400000,99993.77,99889.46
1706288400000,99993.77,99888.37
1706288400000,99993.77,99889.46
1706288400000,99993.77,99887.28
1706288400000,99993.77,99888.37
1706288400000,99993.77,99886.19
1706288400000,99993.77,99887.28
1706288400000,99993.77,99886.19
1706288400000,99993.77,99887.28
1706288400000,99993.77,99880.76
1706288400000,99993.77,99881.85
1706288400000,99993.77,99880.77
1706288400000,99993.77,99881.85
1706288400000,99993.77,99880.77
1706288400000,99993.77,99881.85
1706288400000,99993.77,99880.76
1706288400000,99993.77,99881.85
1706288400000,99993.77,99880.76
1706288400000,99993.77,99882.94
1706288400000,99993.77,99884.03
1706288400000,99993.77,99882.94
1706288400000,99993.77,99884.03
1706288400000,99993.77,99882.94
1706288400000,99993.77,99884.02
1706288400000,99993.77,99882.94
1706288400000,99993.77,99884.02
1706288400000,99993.77,99882.93
1706288400000,99993.77,99884.02
1706288400000,99993.77,99881.85
1706288400000,99993.77,99882.93
1706288400000,99993.77,99881.85
1706288400000,99993.77,99882.93
1706288400000,99993.77,99881.85
1706288400000,99993.77,99882.94
1706288400000,99993.77,99881.85
1706288400000,99993.77,99882.94
1706288400000,99993.77,99881.85
1706288400000,99993.77,99882.93
1706288400000,99993.77,99881.85
1706288400000,99993.77,99882.93
1706288400000,99993.77,99881.85
1706288400000,99993.77,99882.93
1706288400000,99993.77,99881.85
1706288400000,99993.77,99882.93
1706288400000,99993.77,99881.85
1706288400000,99993.77,99882.93
1706288400000,99993.77,99881.85
1706288400000,99993.77,99884.03
1706288400000,99993.77,99882.94
1706288400000,99993.77,99881.85
1706288400000,99993.77,99880.76
1706288400000,99993.77,99879.68
1706288400000,99993.77,99878.59
1706288400000,99993.77,99877.5
1706288400000,99993.77,99875.32
1706288400000,99993.77,99876.41
1706288400000,99993.77,99875.33
1706288400000,99993.77,99876.41
1706288400000,99993.77,99875.32
1706288400000,99993.77,99876.41
1706288400000,99993.77,99875.33
1706288400000,99993.77,99876.41
1706288400000,99993.77,99875.32
1706288400000,99993.77,99874.24
1706288400000,99993.77,99873.15
1706288400000,99993.77,99872.06
1706288400000,99993.77,99870.97
1706288400000,99993.77,99869.89
1706288400000,99993.77,99867.71
1706288400000,99993.77,99868.8
1706288400000,99993.77,99867.71
1706288400000,99993.77,99868.8
1706288400000,99993.77,99867.71
1706288400000,99993.77,99868.8
1706288400000,99993.77,99867.71
1706288400000,99993.77,99868.8
1706288400000,99993.77,99867.71
1706288400000,99993.77,99866.62
1706288400000,99993.77,99865.53
1706288400000,99993.77,99864.45
1706288400000,99993.77,99863.36
1706288400000,99993.77,99862.27
1706288400000,99993.77,99860.1
1706288400000,99993.77,99861.19
1706288400000,99993.77,99860.1
1706288400000,99993.77,99861.18
1706288400000,99993.77,99860.1
1706288400000,99993.77,99861.18
1706288400000,99993.77,99860.09
1706288400000,99993.77,99861.18
1706288400000,99993.77,99860.09
1706288400000,99993.77,99859.0
1706288400000,99993.77,99856.83
1706288400000,99993.77,99855.74
1706288400000,99993.77,99853.57
1706288400000,99993.77,99852.48
1706288400000,99993.77,99850.31
1706288400000,99993.77,99851.4
1706288400000,99993.77,99853.57
1706288400000,99993.77,99855.74
1706288400000,99993.77,99857.92
1706288400000,99993.77,99860.09
1706288400000,99993.77,99862.26
1706288400000,99993.77,99864.44
1706288400000,99993.77,99863.35
1706288400000,99993.77,99864.44
1706288400000,99993.77,99862.26
1706288400000,99993.77,99863.35
1706288400000,99993.77,99862.26
1706288400000,99993.77,99863.35
1706288400000,99993.77,99860.09
1706288400000,99993.77,99861.18
1706288400000,99993.77,99860.09
1706288400000,99993.77,99862.27
1706288400000,99993.77,99861.18
1706288400000,99993.77,99863.35
1706288400000,99993.77,99862.27
1706288400000,99993.77,99863.35
1706288400000,99993.77,99862.27
1706288400000,99993.77,99864.44
1706288400000,99993.77,99863.35
1706288400000,99993.77,99865.52
1706288400000,99993.77,99864.44
1706288400000,99993.77,99869.87
1706288400000,99993.77,99868.79
1706288400000,99993.77,99866.62
1706288400000,99993.77,99865.53
1706288400000,99993.77,99863.37
1706288400000,99993.77,99862.28
1706288400000,99993.77,99863.37
1706288400000,99993.77,99862.28
1706288400000,99993.77,99865.54
1706288400000,99993.77,99864.46
1706288400000,99993.77,99863.37
1706288400000,99993.77,99862.28
1706288400000,99993.77,99861.2
1706288400000,99993.77,99865.55
1706288400000,99993.77,99870.99
1706288400000,99993.77,99876.42
1706288400000,99993.77,99881.86
1706288400000,99993.77,99882.94
1706288400000,99993.77,99881.86
1706288400000,99993.77,99882.94
1706288400000,99993.77,99880.77
1706288400000,99993.77,99885.12
1706288400000,99993.77,99890.55
1706288400000,99993.77,99895.99
1706288400000,99993.77,99901.42
1706288400000,99993.77,99902.51
1706288400000,99993.77,99901.43
1706288400000,99993.77,99902.51
1706288400000,99993.77,99900.34
1706288400000,99993.77,99905.77
1706288400000,99993.77,99911.2
1706288400000,99993.77,99916.64
1706288400000,99993.77,99922.07
1706288400000,99993.77,99920.99
1706288400000,99993.77,99919.9
1706288400000,99993.77,99918.81
1706288400000,99993.77,99916.64
1706288400000,99993.77,99915.56
1706288400000,99993.77,99916.64
1706288400000,99993.77,99915.55
1706288400000,99993.77,99918.81
1706288400000,99993.77,99919.9
1706288400000,99993.77,99918.82
1706288400000,99993.77,99919.9
1706288400000,99993.77,99918.81
1706288400000,99993.77,99919.9
1706288400000,99993.77,99918.82
1706288400000,99993.77,99919.9
1706288400000,99993.77,99917.73
1706288400000,99993.77,99918.82
1706288400000,99993.77,99917.73
1706288400000,99993.77,99918.81
1706288400000,99993.77,99915.56
1706288400000,99993.77,99904.69
1706288400000,99993.77,99906.86
1706288400000,99993.77,99909.04
1706288400000,99993.77,99912.3
1706288400000,99993.77,99914.48
1706288400000,99993.77,99917.73
1706288400000,99993.77,99916.65
1706288400000,99993.77,99917.74
1706288400000,99993.77,99915.56
1706288400000,99993.77,99916.65
1706288400000,99993.77,99913.39
1706288400000,99993.77,99914.48
1706288400000,99993.77,99916.65
1706288400000,99993.77,99918.82
1706288400000,99993.77,99920.99
1706288400000,99993.77,99923.17
1706288400000,99993.77,99921.0
1706288400000,99993.77,99917.74
1706288400000,99993.77,99915.57
1706288400000,99993.77,99912.31
1706288400000,99993.77,99909.05
1706288400000,99993.77,99910.13
1706288400000,99993.77,99909.05
1706288400000,99993.77,99910.13
1706288400000,99993.77,99909.04
1706288400000,99993.77,99910.13
1706288400000,99993.77,99907.96
1706288400000,99993.77,99904.7
1706288400000,99993.77,99902.53
1706288400000,99993.77,99899.27
1706288400000,99993.77,99896.01
1706288400000,99993.77,99897.1
1706288400000,99993.77,99896.01
1706288400000,99993.77,99897.09
1706288400000,99993.77,99896.0
1706288400000,99993.77,99897.09
1706288400000,99993.77,99893.83
1706288400000,99993.77,99890.57
1706288400000,99993.77,99887.31
1706288400000,99993.77,99884.05
1706288400000,99993.77,99880.79
1706288400000,99993.77,99881.88
1706288400000,99993.77,99880.79
1706288400000,99993.77,99881.88
1706288400000,99993.77,99880.79
1706288400000,99993.77,99881.87
1706288400000,99993.77,99880.79
1706288400000,99993.77,99881.87
1706288400000,99993.77,99880.78
1706288400000,99993.77,99881.87
1706288400000,99993.77,99880.78
1706288400000,99993.77,99881.87
1706288400000,99993.77,99880.78
1706288400000,99993.77,99881.87
1706288400000,99993.77,99880.78
1706288400000,99993.77,99881.87
1706288400000,99993.77,99880.78
1706288400000,99993.77,99881.87
1706288400000,99993.77,99880.78
1706288400000,99993.77,99881.86
1706288400000,99993.77,99880.78
1706288400000,99993.77,99881.86
1706288400000,99993.77,99880.78
1706288400000,99993.77,99881.86
1706288400000,99993.77,99880.78
1706288400000,99993.77,99881.86
1706288400000,99993.77,99877.51
1706288400000,99993.77,99876.42
1706288400000,99993.77,99875.34
1706288400000,99993.77,99874.25
1706288400000,99993.77,99873.16
1706288400000,99993.77,99872.08
1706288400000,99993.77,99870.99
1706288400000,99993.77,99869.9
1706288400000,99993.77,99867.73
1706288400000,99993.77,99866.64
1706288400000,99993.77,99867.73
1706288400000,99993.77,99866.64
1706288400000,99993.77,99867.72
1706288400000,99993.77,99866.64
1706288400000,99993.77,99868.81
1706288400000,99993.77,99867.73
1706288400000,99993.77,99870.99
1706288400000,99993.77,99872.07
1706288400000,99993.77,99870.99
1706288400000,99993.77,99872.07
1706288400000,99993.77,99869.9
1706288400000,99993.77,99870.98
1706288400000,99993.77,99869.9
1706288400000,99993.77,99870.98
1706288400000,99993.77,99865.55
1706288400000,99993.77,99866.64
1706288400000,99993.77,99867.72
1706288400000,99993.77,99868.81
1706288400000,99993.77,99869.9
1706288400000,99993.77,99870.98
1706288400000,99993.77,99872.07
1706288400000,99993.77,99873.16
1706288400000,99993.77,99875.33
1706288400000,99993.77,99876.42
1706288400000,99993.77,99875.33
1706288400000,99993.77,99876.42
1706288400000,99993.77,99875.33
1706288400000,99993.77,99876.42
1706288400000,99993.77,99875.33
1706288400000,99993.77,99876.41
1706288400000,99993.77,99874.24
1706288400000,99993.77,99875.32
1706288400000,99993.77,99876.41
1706288400000,99993.77,99877.5
1706288400000,99993.77,99878.59
1706288400000,99993.77,99879.67
1706288400000,99993.77,99880.76
1706288400000,99993.77,99881.85
1706288400000,99993.77,99884.02
1706288400000,99993.77,99885.1
1706288400000,99993.77,99884.02
1706288400000,99993.77,99885.11
1706288400000,99993.77,99884.02
1706288400000,99993.77,99885.11
1706288400000,99993.77,99884.02
1706288400000,99993.77,99885.1
1706288400000,99993.77,99882.93
1706288400000,99993.77,99884.02
1706288400000,99993.77,99885.1
1706288400000,99993.77,99887.27
1706288400000,99993.77,99888.36
1706288400000,99993.77,99889.44
1706288400000,99993.77,99891.62
1706288400000,99993.77,99892.7
1706288400000,99993.77,99894.88
1706288400000,99993.77,99893.79
1706288400000,99993.77,99894.88
1706288400000,99993.77,99893.79
1706288400000,99993.77,99894.88
1706288400000,99993.77,99893.8
1706288400000,99993.77,99894.88
1706288400000,99993.77,99892.71
1706288400000,99993.77,99891.63
1706288400000,99993.77,99892.71
1706288400000,99993.77,99891.63
1706288400000,99993.77,99892.71
1706288400000,99993.77,99891.62
1706288400000,99993.77,99892.71
1706288400000,99993.77,99891.63
1706288400000,99993.77,99893.8
1706288400000,99993.77,99894.89
1706288400000,99993.77,99893.8
1706288400000,99993.77,99894.88
1706288400000,99993.77,99893.8
1706288400000,99993.77,99894.88
1706288400000,99993.77,99893.8
1706288400000,99993.77,99894.88
1706288400000,99993.77,99893.8
1706288400000,99993.77,99894.89
1706288400000,99993.77,99893.8
1706288400000,99993.77,99894.89
1706288400000,99993.77,99893.8
1706288400000,99993.77,99894.89
1706288400000,99993.77,99893.8
1706288400000,99993.77,99894.89
1706288400000,99993.77,99893.8
1706288400000,99993.77,99894.89
1706288400000,99993.77,99893.8
1706288400000,99993.77,99894.89
1706288400000,99993.77,99892.72
1706288400000,99993.77,99888.37
1706288400000,99993.77,99889.46
1706288400000,99993.77,99890.54
1706288400000,99993.77,99891.63
1706288400000,99993.77,99892.72
1706288400000,99993.77,99893.81
1706288400000,99993.77,99894.89
1706288400000,99993.77,99895.98
1706288400000,99993.77,99894.89
1706288400000,99993.77,99895.98
1706288400000,99993.77,99894.89
1706288400000,99993.77,99895.98
1706288400000,99993.77,99892.72
1706288400000,99993.77,99891.63
1706288400000,99993.77,99892.72
1706288400000,99993.77,99891.63
1706288400000,99993.77,99893.81
1706288400000,99993.77,99892.72
1706288400000,99993.77,99898.15
1706288400000,99993.77,99897.07
1706288400000,99993.77,99895.98
1706288400000,99993.77,99893.81
1706288400000,99993.77,99892.72
1706288400000,99993.77,99891.63
1706288400000,99993.77,99889.46
1706288400000,99993.77,99888.37
1706288400000,99993.77,99889.46
1706288400000,99993.77,99888.37
1706288400000,99993.77,99889.46
1706288400000,99993.77,99888.37
1706288400000,99993.77,99890.54
1706288400000,99993.77,99889.46
1706288400000,99993.77,99888.37
1706288400000,99993.77,99886.2
1706288400000,99993.77,99885.11
1706288400000,99993.77,99884.02
1706288400000,99993.77,99881.85
1706288400000,99993.77,99880.76
1706288400000,99993.77,99881.84
1706288400000,99993.77,99880.76
1706288400000,99993.77,99881.84
1706288400000,99993.77,99880.76
1706288400000,99993.77,99882.93
1706288400000,99993.77,99881.85
1706288400000,99993.77,99879.67
1706288400000,99993.77,99877.5
1706288400000,99993.77,99876.41
1706288400000,99993.77,99874.24
1706288400000,99993.77,99872.06
1706288400000,99993.77,99873.15
1706288400000,99993.77,99872.06
1706288400000,99993.77,99873.14
1706288400000,99993.77,99872.06
1706288400000,99993.77,99874.23
1706288400000,99993.77,99875.32
1706288400000,99993.77,99874.23
1706288400000,99993.77,99875.32
1706288400000,99993.77,99874.24
1706288400000,99993.77,99875.32
1706288400000,99993.77,99873.15
1706288400000,99993.77,99872.06
1706288400000,99993.77,99873.15
1706288400000,99993.77,99872.06
1706288400000,99993.77,99873.15
1706288400000,99993.77,99872.06
1706288400000,99993.77,99873.15
1706288400000,99993.77,99872.06
1706288400000,99993.77,99873.15
1706288400000,99993.77,99872.06
1706288400000,99993.77,99873.14
1706288400000,99993.77,99872.06
1706288400000,99993.77,99875.31
1706292000000,99993.77,99876.4
1706292000000,99993.77,99875.31
1706292000000,99993.77,99876.4
1706292000000,99993.77,99874.23
1706292000000,99993.77,99875.31
1706292000000,99993.77,99869.88
1706292000000,99993.77,99868.79
1706292000000,99993.77,99869.88
1706292000000,99993.77,99868.79
1706292000000,99993.77,99869.88
1706292000000,99993.77,99868.79
1706292000000,99993.77,99872.05
1706292000000,99993.77,99873.14
1706292000000,99993.77,99872.05
1706292000000,99993.77,99873.14
1706292000000,99993.77,99870.97
1706292000000,99993.77,99872.05
1706292000000,99993.77,99868.79
1706292000000,99993.77,99870.96
1706292000000,99993.77,99874.23
1706292000000,99993.77,99877.49
1706292000000,99993.77,99879.66
1706292000000,99993.77,99882.92
1706292000000,99993.77,99886.19
1706292000000,99993.77,99887.28
1706292000000,99993.77,99886.19
1706292000000,99993.77,99887.27
1706292000000,99993.77,99886.19
1706292000000,99993.77,99887.28
1706292000000,99993.77,99885.1
1706292000000,99993.77,99887.27
1706292000000,99993.77,99890.53
1706292000000,99993.77,99893.8
1706292000000,99993.77,99895.97
1706292000000,99993.77,99899.23
1706292000000,99993.77,99902.5
1706292000000,99993.77,99903.59
1706292000000,99993.77,99902.5
1706292000000,99993.77,99903.58
1706292000000,99993.77,99902.5
1706292000000,99993.77,99903.59
1706292000000,99993.77,99901.41
1706292000000,99993.77,99903.58
1706292000000,99993.77,99906.85
1706292000000,99993.77,99910.11
1706292000000,99993.77,99913.37
1706292000000,99993.77,99916.63
1706292000000,99993.77,99919.89
1706292000000,99993.77,99918.8
1706292000000,99993.77,99916.63
1706292000000,99993.77,99914.46
1706292000000,99993.77,99913.37
1706292000000,99993.77,99911.2
1706292000000,99993.77,99909.02
1706292000000,99993.77,99907.94
1706292000000,99993.77,99909.02
1706292000000,99993.77,99907.94
1706292000000,99993.77,99910.11
1706292000000,99993.77,99909.02
1706292000000,99993.77,99912.28
1706292000000,99993.77,99911.2
1706292000000,99993.77,99912.28
1706292000000,99993.77,99911.2
1706292000000,99993.77,99912.28
1706292000000,99993.77,99910.11
1706292000000,99993.77,99911.2
1706292000000,99993.77,99910.11
1706292000000,99993.77,99911.2
1706292000000,99993.77,99910.11
1706292000000,99993.77,99911.2
1706292000000,99993.77,99909.03
1706292000000,99993.77,99910.11
1706292000000,99993.77,99909.03
1706292000000,99993.77,99910.11
1706292000000,99993.77,99905.76
1706292000000,99993.77,99903.59
1706292000000,99993.77,99905.76
1706292000000,99993.77,99909.02
1706292000000,99993.77,99911.19
1706292000000,99993.77,99914.45
1706292000000,99993.77,99917.72
1706292000000,99993.77,99919.89
1706292000000,99993.77,99923.15
1706292000000,99993.77,99926.41
1706292000000,99993.77,99927.49
1706292000000,99993.77,99926.41
1706292000000,99993.77,99927.5
1706292000000,99993.77,99925.32
1706292000000,99993.77,99926.41
1706292000000,99993.77,99924.24
1706292000000,99993.77,99925.32
1706292000000,99993.77,99918.81
1706292000000,99993.77,99919.89
1706292000000,99993.77,99922.06
1706292000000,99993.77,99924.24
1706292000000,99993.77,99926.41
1706292000000,99993.77,99927.49
1706292000000,99993.77,99929.67
1706292000000,99993.77,99931.84
1706292000000,99993.77,99934.01
1706292000000,99993.77,99932.93
1706292000000,99993.77,99930.76
1706292000000,99993.77,99928.58
1706292000000,99993.77,99926.41
1706292000000,99993.77,99925.33
1706292000000,99993.77,99923.15
1706292000000,99993.77,99920.98
1706292000000,99993.77,99918.81
1706292000000,99993.77,99917.72
1706292000000,99993.77,99918.81
1706292000000,99993.77,99917.72
1706292000000,99993.77,99918.81
1706292000000,99993.77,99917.72
1706292000000,99993.77,99918.81
1706292000000,99993.77,99917.72
1706292000000,99993.77,99919.9
1706292000000,99993.77,99918.81
1706292000000,99993.77,99916.63
1706292000000,99993.77,99914.46
1706292000000,99993.77,99912.29
1706292000000,99993.77,99911.2
1706292000000,99993.77,99909.03
1706292000000,99993.77,99906.86
1706292000000,99993.77,99904.69
1706292000000,99993.77,99903.6
1706292000000,99993.77,99904.69
1706292000000,99993.77,99903.6
1706292000000,99993.77,99904.69
1706292000000,99993.77,99903.6
1706292000000,99993.77,99904.69
1706292000000,99993.77,99903.6
1706292000000,99993.77,99905.78
1706292000000,99993.77,99904.69
1706292000000,99993.77,99902.52
1706292000000,99993.77,99900.35
1706292000000,99993.77,99898.17
1706292000000,99993.77,99897.08
1706292000000,99993.77,99894.91
1706292000000,99993.77,99892.74
1706292000000,99993.77,99890.56
1706292000000,99993.77,99891.65
1706292000000,99993.77,99890.58
1706292000000,99993.77,99891.66
1706292000000,99993.77,99890.58
1706292000000,99993.77,99891.66
1706292000000,99993.77,99890.58
1706292000000,99993.77,99891.66
1706292000000,99993.77,99892.74
1706292000000,99993.77,99891.66
1706292000000,99993.77,99892.74
1706292000000,99993.77,99891.66
1706292000000,99993.77,99892.74
1706292000000,99993.77,99891.66
1706292000000,99993.77,99892.74
1706292000000,99993.77,99890.57
1706292000000,99993.77,99891.66
1706292000000,99993.77,99890.57
1706292000000,99993.77,99891.66
1706292000000,99993.77,99890.57
1706292000000,99993.77,99891.66
1706292000000,99993.77,99890.57
1706292000000,99993.77,99891.66
1706292000000,99993.77,99890.57
1706292000000,99993.77,99891.66
1706292000000,99993.77,99890.57
1706292000000,99993.77,99891.66
1706292000000,99993.77,99890.57
1706292000000,99993.77,99891.66
1706292000000,99993.77,99890.57
1706292000000,99993.77,99892.74
1706292000000,99993.77,99890.57
1706292000000,99993.77,99889.48
1706292000000,99993.77,99888.39
1706292000000,99993.77,99887.31
1706292000000,99993.77,99886.22
1706292000000,99993.77,99884.05
1706292000000,99993.77,99882.96
1706292000000,99993.77,99881.87
1706292000000,99993.77,99880.79
1706292000000,99993.77,99878.62
1706292000000,99993.77,99879.7
1706292000000,99993.77,99878.62
1706292000000,99993.77,99879.7
1706292000000,99993.77,99878.61
1706292000000,99993.77,99880.79
1706292000000,99993.77,99879.7
1706292000000,99993.77,99880.79
1706292000000,99993.77,99879.7
1706292000000,99993.77,99882.96
1706292000000,99993.77,99881.88
1706292000000,99993.77,99882.96
1706292000000,99993.77,99880.79
1706292000000,99993.77,99881.88
1706292000000,99993.77,99879.7
1706292000000,99993.77,99880.79
1706292000000,99993.77,99878.62
1706292000000,99993.77,99879.7
1706292000000,99993.77,99875.36
1706292000000,99993.77,99876.45
1706292000000,99993.77,99877.53
1706292000000,99993.77,99879.71
1706292000000,99993.77,99880.8
1706292000000,99993.77,99882.97
1706292000000,99993.77,99884.06
1706292000000,99993.77,99886.23
1706292000000,99993.77,99887.32
1706292000000,99993.77,99889.49
1706292000000,99993.77,99888.4
1706292000000,99993.77,99889.49
1706292000000,99993.77,99888.4
1706292000000,99993.77,99889.49
1706292000000,99993.77,99888.4
1706292000000,99993.77,99889.49
1706292000000,99993.77,99888.41
1706292000000,99993.77,99889.49
1706292000000,99993.77,99888.41
1706292000000,99993.77,99889.5
1706292000000,99993.77,99890.58
1706292000000,99993.77,99892.76
1706292000000,99993.77,99893.84
1706292000000,99993.77,99896.02
1706292000000,99993.77,99897.1
1706292000000,99993.77,99899.27
1706292000000,99993.77,99900.36
1706292000000,99993.77,99902.53
1706292000000,99993.77,99901.45
1706292000000,99993.77,99902.53
1706292000000,99993.77,99901.45
1706292000000,99993.77,99902.54
1706292000000,99993.77,99901.45
1706292000000,99993.77,99902.54
1706292000000,99993.77,99901.46
1706292000000,99993.77,99902.54
1706292000000,99993.77,99901.45
1706292000000,99993.77,99902.54
1706292000000,99993.77,99904.71
1706292000000,99993.77,99905.8
1706292000000,99993.77,99907.97
1706292000000,99993.77,99909.06
1706292000000,99993.77,99911.23
1706292000000,99993.77,99912.32
1706292000000,99993.77,99914.49
1706292000000,99993.77,99916.66
1706292000000,99993.77,99915.57
1706292000000,99993.77,99914.49
1706292000000,99993.77,99913.4
1706292000000,99993.77,99912.32
1706292000000,99993.77,99911.23
1706292000000,99993.77,99910.14
1706292000000,99993.77,99909.06
1706292000000,99993.77,99907.97
1706292000000,99993.77,99906.89
1706292000000,99993.77,99907.97
1706292000000,99993.77,99906.88
1706292000000,99993.77,99907.97
1706292000000,99993.77,99906.89
1706292000000,99993.77,99907.97
1706292000000,99993.77,99906.89
1706292000000,99993.77,99909.06
1706292000000,99993.77,99907.97
1706292000000,99993.77,99910.14
1706292000000,99993.77,99909.06
1706292000000,99993.77,99910.14
1706292000000,99993.77,99907.97
1706292000000,99993.77,99909.06
1706292000000,99993.77,99907.97
1706292000000,99993.77,99909.06
1706292000000,99993.77,99906.89
1706292000000,99993.77,99907.97
1706292000000,99993.77,99906.89
1706292000000,99993.77,99907.97
1706292000000,99993.77,99903.63
1706292000000,99993.77,99901.45
1706292000000,99993.77,99903.62
1706292000000,99993.77,99905.8
1706292000000,99993.77,99909.06
1706292000000,99993.77,99911.23
1706292000000,99993.77,99913.4
1706292000000,99993.77,99916.66
1706292000000,99993.77,99918.84
1706292000000,99993.77,99922.1
1706292000000,99993.77,99923.18
1706292000000,99993.77,99922.1
1706292000000,99993.77,99923.18
1706292000000,99993.77,99921.01
1706292000000,99993.77,99922.09
1706292000000,99993.77,99919.92
1706292000000,99993.77,99921.01
1706292000000,99993.77,99915.58
1706292000000,99993.77,99916.66
1706292000000,99993.77,99918.84
1706292000000,99993.77,99919.92
1706292000000,99993.77,99922.09
1706292000000,99993.77,99924.27
1706292000000,99993.77,99925.35
1706292000000,99993.77,99927.52
1706292000000,99993.77,99929.7
1706292000000,99993.77,99928.61
1706292000000,99993.77,99926.44
1706292000000,99993.77,99925.35
1706292000000,99993.77,99923.18
1706292000000,99993.77,99921.01
1706292000000,99993.77,99919.92
1706292000000,99993.77,99917.75
1706292000000,99993.77,99915.57
1706292000000,99993.77,99914.49
1706292000000,99993.77,99915.57
1706292000000,99993.77,99914.49
1706292000000,99993.77,99915.57
1706292000000,99993.77,99914.49
1706292000000,99993.77,99915.57
1706292000000,99993.77,99914.49
1706292000000,99993.77,99916.66
1706292000000,99993.77,99915.57
1706292000000,99993.77,99913.4
1706292000000,99993.77,99912.32
1706292000000,99993.77,99910.14
1706292000000,99993.77,99907.97
1706292000000,99993.77,99906.88
1706292000000,99993.77,99904.71
1706292000000,99993.77,99902.53
1706292000000,99993.77,99901.45
1706292000000,99993.77,99902.53
1706292000000,99993.77,99901.45
1706292000000,99993.77,99902.53
1706292000000,99993.77,99901.45
1706292000000,99993.77,99902.53
1706292000000,99993.77,99901.45
1706292000000,99993.77,99903.62
1706292000000,99993.77,99902.53
1706292000000,99993.77,99900.36
1706292000000,99993.77,99898.19
1706292000000,99993.77,99896.02
1706292000000,99993.77,99893.84
1706292000000,99993.77,99891.67
1706292000000,99993.77,99889.5
1706292000000,99993.77,99887.32
1706292000000,99993.77,99888.4
1706292000000,99993.77,99887.32
1706292000000,99993.77,99888.4
1706292000000,99993.77,99887.32
1706292000000,99993.77,99888.41
1706292000000,99993.77,99887.32
1706292000000,99993.77,99888.41
1706292000000,99993.77,99889.49
1706292000000,99993.77,99888.41
1706292000000,99993.77,99889.49
1706292000000,99993.77,99888.41
1706292000000,99993.77,99889.49
1706292000000,99993.77,99888.4
1706292000000,99993.77,99889.49
1706292000000,99993.77,99887.32
1706292000000,99993.77,99888.4
1706292000000,99993.77,99887.32
1706292000000,99993.77,99888.41
1706292000000,99993.77,99887.32
1706292000000,99993.77,99888.41
1706292000000,99993.77,99887.32
1706292000000,99993.77,99888.4
1706292000000,99993.77,99887.32
1706292000000,99993.77,99888.4
1706292000000,99993.77,99887.32
1706292000000,99993.77,99888.4
1706292000000,99993.77,99887.32
1706292000000,99993.77,99888.4
1706292000000,99993.77,99887.32
1706292000000,99993.77,99888.4
1706292000000,99993.77,99887.32
1706292000000,99993.77,99888.4
1706292000000,99993.77,99887.32
1706292000000,99993.77,99888.41
1706292000000,99993.77,99889.49
1706292000000,99993.77,99888.41
1706292000000,99993.77,99889.49
1706292000000,99993.77,99888.41
1706292000000,99993.77,99890.58
1706292000000,99993.77,99889.5
1706292000000,99993.77,99891.67
1706292000000,99993.77,99890.58
1706292000000,99993.77,99892.76
1706292000000,99993.77,99891.67
1706292000000,99993.77,99899.27
1706292000000,99993.77,99900.36
1706292000000,99993.77,99899.27
1706292000000,99993.77,99900.36
1706292000000,99993.77,99899.27
1706292000000,99993.77,99900.36
1706292000000,99993.77,99899.27
1706292000000,99993.77,99900.36
1706292000000,99993.77,99898.19
1706292000000,99993.77,99899.27
1706292000000,99993.77,99896.01
1706292000000,99993.77,99894.93
1706292000000,99993.77,99896.01
1706292000000,99993.77,99894.93
1706292000000,99993.77,99897.1
1706292000000,99993.77,99896.02
1706292000000,99993.77,99898.19
1706292000000,99993.77,99897.1
1706292000000,99993.77,99898.19
1706292000000,99993.77,99897.1
1706292000000,99993.77,99903.62
1706292000000,99993.77,99902.53
1706292000000,99993.77,99903.62
1706292000000,99993.77,99901.44
1706292000000,99993.77,99902.53
1706292000000,99993.77,99900.35
1706292000000,99993.77,99901.44
1706292000000,99993.77,99899.27
1706292000000,99993.77,99900.36
1706292000000,99993.77,99894.92
1706292000000,99993.77,99893.84
1706292000000,99993.77,99894.92
1706292000000,99993.77,99893.84
1706292000000,99993.77,99894.92
1706292000000,99993.77,99893.84
1706292000000,99993.77,99894.92
1706292000000,99993.77,99893.84
1706292000000,99993.77,99894.92
1706292000000,99993.77,99893.84
1706292000000,99993.77,99896.01
1706292000000,99993.77,99897.09
1706292000000,99993.77,99896.0
1706292000000,99993.77,99897.09
1706292000000,99993.77,99894.92
1706292000000,99993.77,99896.01
1706292000000,99993.77,99893.83
1706292000000,99993.77,99894.92
1706292000000,99993.77,99892.75
1706292000000,99993.77,99893.83
1706292000000,99993.77,99887.32
1706292000000,99993.77,99886.23
1706292000000,99993.77,99887.32
1706292000000,99993.77,99886.23
1706292000000,99993.77,99887.31
1706292000000,99993.77,99886.23
1706292000000,99993.77,99887.31
1706292000000,99993.77,99886.23
1706292000000,99993.77,99887.31
1706292000000,99993.77,99886.22
1706292000000,99993.77,99888.4
1706292000000,99993.77,99889.48
1706292000000,99993.77,99888.4
1706292000000,99993.77,99889.48
1706292000000,99993.77,99887.31
1706292000000,99993.77,99888.4
1706292000000,99993.77,99886.22
1706292000000,99993.77,99887.31
1706292000000,99993.77,99885.14
1706292000000,99993.77,99886.23
1706292000000,99993.77,99878.62
1706292000000,99993.77,99879.71
1706292000000,99993.77,99878.62
1706292000000,99993.77,99879.71
1706292000000,99993.77,99878.62
1706292000000,99993.77,99879.71
1706292000000,99993.77,99878.62
1706292000000,99993.77,99880.79
1706292000000,99993.77,99879.7
1706292000000,99993.77,99881.88
1706292000000,99993.77,99882.97
1706292000000,99993.77,99881.88
1706292000000,99993.77,99882.97
1706292000000,99993.77,99881.88
1706292000000,99993.77,99882.96
1706292000000,99993.77,99881.88
1706292000000,99993.77,99882.97
1706292000000,99993.77,99881.88
1706292000000,99993.77,99882.97
1706292000000,99993.77,99880.79
1706292000000,99993.77,99881.88
1706292000000,99993.77,99880.79
1706292000000,99993.77,99881.88
1706292000000,99993.77,99880.79
1706292000000,99993.77,99881.88
1706292000000,99993.77,99880.79
1706292000000,99993.77,99881.88
1706292000000,99993.77,99880.79
1706292000000,99993.77,99881.88
1706292000000,99993.77,99880.79
1706292000000,99993.77,99881.88
1706292000000,99993.77,99880.79
1706292000000,99993.77,99881.88
1706292000000,99993.77,99880.79
1706292000000,99993.77,99882.95
1706292000000,99993.77,99879.7
1706292000000,99993.77,99880.78
1706292000000,99993.77,99879.7
1706292000000,99993.77,99880.78
1706292000000,99993.77,99879.7
1706292000000,99993.77,99880.78
1706292000000,99993.77,99879.69
1706292000000,99993.77,99880.78
1706292000000,99993.77,99879.69
1706292000000,99993.77,99880.78
1706292000000,99993.77,99878.61
1706292000000,99993.77,99879.69
1706292000000,99993.77,99878.61
1706292000000,99993.77,99879.69
1706292000000,99993.77,99878.61
1706292000000,99993.77,99879.7
1706292000000,99993.77,99878.61
1706292000000,99993.77,99879.7
1706292000000,99993.77,99878.61
1706292000000,99993.77,99879.69
1706292000000,99993.77,99880.78
1706292000000,99993.77,99879.69
1706292000000,99993.77,99880.78
1706292000000,99993.77,99879.69
1706292000000,99993.77,99880.78
1706292000000,99993.77,99879.69
1706292000000,99993.77,99880.78
1706292000000,99993.77,99879.7
1706292000000,99993.77,99880.78
1706292000000,99993.77,99878.61
1706292000000,99993.77,99879.7
1706292000000,99993.77,99878.61
1706292000000,99993.77,99880.79
1706292000000,99993.77,99879.7
1706292000000,99993.77,99881.88
1706292000000,99993.77,99880.79
1706292000000,99993.77,99882.96
1706292000000,99993.77,99881.88
1706292000000,99993.77,99888.39
1706292000000,99993.77,99889.48
1706292000000,99993.77,99888.39
1706292000000,99993.77,99889.48
1706292000000,99993.77,99888.39
1706292000000,99993.77,99889.48
1706292000000,99993.77,99888.39
1706292000000,99993.77,99889.48
1706292000000,99993.77,99888.4
1706292000000,99993.77,99889.48
1706292000000,99993.77,99887.31
1706292000000,99993.77,99886.23
1706292000000,99993.77,99887.31
1706292000000,99993.77,99886.23
1706292000000,99993.77,99888.4
1706292000000,99993.77,99887.31
1706292000000,99993.77,99889.48
1706292000000,99993.77,99888.4
1706292000000,99993.77,99890.57
1706292000000,99993.77,99889.49
1706292000000,99993.77,99897.09
1706292000000,99993.77,99898.17
1706292000000,99993.77,99897.09
1706292000000,99993.77,99898.17
1706292000000,99993.77,99897.09
1706292000000,99993.77,99898.18
1706292000000,99993.77,99897.09
1706292000000,99993.77,99898.18
1706292000000,99993.77,99897.09
1706292000000,99993.77,99898.18
1706292000000,99993.77,99896.01
1706292000000,99993.77,99897.09
1706292000000,99993.77,99898.18
1706292000000,99993.77,99899.27
1706292000000,99993.77,99900.36
1706292000000,99993.77,99901.44
1706292000000,99993.77,99902.53
1706292000000,99993.77,99903.61
1706292000000,99993.77,99904.7
1706292000000,99993.77,99905.79
1706292000000,99993.77,99907.96
1706292000000,99993.77,99906.87
1706292000000,99993.77,99907.96
1706292000000,99993.77,99905.79
1706292000000,99993.77,99906.87
1706292000000,99993.77,99905.79
1706292000000,99993.77,99906.87
1706292000000,99993.77,99904.7
1706292000000,99993.77,99905.79
1706292000000,99993.77,99902.53
1706292000000,99993.77,99901.44
1706292000000,99993.77,99902.53
1706292000000,99993.77,99901.44
1706292000000,99993.77,99902.53
1706292000000,99993.77,99901.44
1706292000000,99993.77,99902.53
1706292000000,99993.77,99901.44
1706292000000,99993.77,99902.53
1706292000000,99993.77,99901.44
1706292000000,99993.77,99904.7
1706292000000,99993.77,99905.79
1706292000000,99993.77,99904.7
1706292000000,99993.77,99905.79
1706292000000,99993.77,99904.7
1706292000000,99993.77,99905.79
1706292000000,99993.77,99904.7
1706292000000,99993.77,99905.79
1706292000000,99993.77,99904.7
1706292000000,99993.77,99905.79
1706292000000,99993.77,99904.7
1706292000000,99993.77,99905.79
1706292000000,99993.77,99903.61
1706292000000,99993.77,99904.7
1706292000000,99993.77,99903.61
1706292000000,99993.77,99904.7
1706292000000,99993.77,99903.61
1706292000000,99993.77,99904.7
1706292000000,99993.77,99901.44
1706292000000,99993.77,99900.35
1706292000000,99993.77,99899.27
1706292000000,99993.77,99900.35
1706292000000,99993.77,99899.27
1706292000000,99993.77,99900.36
1706292000000,99993.77,99898.19
1706292000000,99993.77,99899.27
1706292000000,99993.77,99898.19
1706292000000,99993.77,99899.28
1706292000000,99993.77,99896.02
1706292000000,99993.77,99897.11
1706292000000,99993.77,99896.02
1706292000000,99993.77,99897.11
1706292000000,99993.77,99896.02
1706292000000,99993.77,99897.1
1706292000000,99993.77,99896.02
1706292000000,99993.77,99897.1
1706292000000,99993.77,99896.02
1706292000000,99993.77,99897.11
1706292000000,99993.77,99896.02
1706292000000,99993.77,99897.11
1706292000000,99993.77,99896.03
1706292000000,99993.77,99897.11
1706292000000,99993.77,99896.03
1706292000000,99993.77,99897.11
1706292000000,99993.77,99896.02
1706292000000,99993.77,99897.11
1706292000000,99993.77,99894.94
1706292000000,99993.77,99896.02
1706292000000,99993.77,99897.1
1706292000000,99993.77,99898.19
1706292000000,99993.77,99899.27
1706292000000,99993.77,99900.36
1706292000000,99993.77,99901.45
1706292000000,99993.77,99902.53
1706292000000,99993.77,99903.62
1706292000000,99993.77,99904.71
1706292000000,99993.77,99903.62
1706292000000,99993.77,99904.71
1706292000000,99993.77,99903.62
1706292000000,99993.77,99904.71
1706292000000,99993.77,99903.61
1706292000000,99993.77,99904.7
1706292000000,99993.77,99903.61
1706292000000,99993.77,99904.7
1706292000000,99993.77,99903.61
1706292000000,99993.77,99904.7
1706292000000,99993.77,99905.79
1706292000000,99993.77,99906.87
1706292000000,99993.77,99907.96
1706292000000,99993.77,99909.05
1706292000000,99993.77,99910.13
1706292000000,99993.77,99911.22
1706292000000,99993.77,99912.3
1706292000000,99993.77,99913.39
1706292000000,99993.77,99912.3
1706292000000,99993.77,99913.39
1706292000000,99993.77,99912.3
1706292000000,99993.77,99913.39
1706292000000,99993.77,99912.3
1706292000000,99993.77,99913.39
1706292000000,99993.77,99912.3
1706292000000,99993.77,99913.39
1706292000000,99993.77,99912.3
1706292000000,99993.77,99913.39
1706292000000,99993.77,99914.47
1706292000000,99993.77,99915.56
1706292000000,99993.77,99916.64
1706292000000,99993.77,99917.73
1706292000000,99993.77,99918.82
1706292000000,99993.77,99919.9
1706292000000,99993.77,99920.99
1706292000000,99993.77,99923.16
1706292000000,99993.77,99922.08
1706292000000,99993.77,99919.9
1706292000000,99993.77,99917.73
1706292000000,99993.77,99916.64
1706292000000,99993.77,99914.47
1706292000000,99993.77,99912.3
1706292000000,99993.77,99911.21
1706292000000,99993.77,99909.04
1706292000000,99993.77,99906.87
1706292000000,99993.77,99907.95
1706292000000,99993.77,99906.87
1706292000000,99993.77,99909.04
1706292000000,99993.77,99907.96
1706292000000,99993.77,99909.04
1706292000000,99993.77,99907.95
1706292000000,99993.77,99910.13
1706292000000,99993.77,99909.04
1706292000000,99993.77,99912.3
1706292000000,99993.77,99913.39
1706292000000,99993.77,99912.3
1706292000000,99993.77,99913.39
1706292000000,99993.77,99911.21
1706292000000,99993.77,99912.3
1706292000000,99993.77,99910.13
1706292000000,99993.77,99911.21
1706292000000,99993.77,99909.04
1706292000000,99993.77,99910.13
1706292000000,99993.77,99902.52
1706292000000,99993.77,99903.61
1706292000000,99993.77,99904.69
1706292000000,99993.77,99903.61
1706292000000,99993.77,99904.69
1706292000000,99993.77,99903.61
1706292000000,99993.77,99904.69
1706292000000,99993.77,99903.61
1706292000000,99993.77,99905.78
1706292000000,99993.77,99904.69
1706292000000,99993.77,99905.78
1706292000000,99993.77,99904.7
1706292000000,99993.77,99906.87
1706292000000,99993.77,99905.78
1706292000000,99993.77,99906.87
1706292000000,99993.77,99905.78
1706292000000,99993.77,99906.87
1706292000000,99993.77,99905.78
1706292000000,99993.77,99906.87
1706292000000,99993.77,99905.78
1706292000000,99993.77,99906.87
1706292000000,99993.77,99905.78
1706292000000,99993.77,99906.87
1706292000000,99993.77,99905.78
1706292000000,99993.77,99906.87
1706292000000,99993.77,99905.78
1706292000000,99993.77,99906.87
1706292000000,99993.77,99905.78
1706292000000,99993.77,99906.87
1706292000000,99993.77,99905.78
1706292000000,99993.77,99906.87
1706292000000,99993.77,99905.78
1706292000000,99993.77,99906.87
1706292000000,99993.77,99905.78
1706292000000,99993.77,99907.95
1706292000000,99993.77,99906.86
1706292000000,99993.77,99907.95
1706292000000,99993.77,99905.77
1706292000000,99993.77,99906.86
1706292000000,99993.77,99904.69
1706292000000,99993.77,99905.77
1706292000000,99993.77,99904.69
1706292000000,99993.77,99905.78
1706292000000,99993.77,99903.6
1706292000000,99993.77,99904.69
1706292000000,99993.77,99899.26
1706292000000,99993.77,99900.34
1706292000000,99993.77,99899.25
1706292000000,99993.77,99900.34
1706292000000,99993.77,99899.25
1706292000000,99993.77,99900.34
1706292000000,99993.77,99899.25
1706292000000,99993.77,99900.34
1706292000000,99993.77,99899.25
1706292000000,99993.77,99900.34
1706292000000,99993.77,99899.25
1706292000000,99993.77,99900.34
1706292000000,99993.77,99899.25
1706292000000,99993.77,99900.34
1706292000000,99993.77,99898.16
1706292000000,99993.77,99899.25
1706292000000,99993.77,99897.08
1706292000000,99993.77,99898.16
1706292000000,99993.77,99897.08
1706292000000,99993.77,99898.16
1706292000000,99993.77,99895.99
1706292000000,99993.77,99897.08
1706292000000,99993.77,99891.65
1706292000000,99993.77,99892.73
1706292000000,99993.77,99891.65
1706292000000,99993.77,99892.73
1706292000000,99993.77,99891.64
1706292000000,99993.77,99892.73
1706292000000,99993.77,99891.64
1706292000000,99993.77,99892.73
1706292000000,99993.77,99891.64
1706292000000,99993.77,99892.73
1706292000000,99993.77,99891.64
1706292000000,99993.77,99892.73
1706292000000,99993.77,99891.64
1706292000000,99993.77,99892.72
1706292000000,99993.77,99890.55
1706292000000,99993.77,99891.64
1706292000000,99993.77,99889.46
1706292000000,99993.77,99890.55
1706292000000,99993.77,99888.38
1706292000000,99993.77,99889.46
1706292000000,99993.77,99887.29
1706292000000,99993.77,99888.38
1706292000000,99993.77,99882.95
1706292000000,99993.77,99884.03
1706292000000,99993.77,99885.12
1706292000000,99993.77,99886.21
1706292000000,99993.77,99887.3
1706292000000,99993.77,99888.38
1706292000000,99993.77,99889.47
1706292000000,99993.77,99890.55
1706292000000,99993.77,99891.64
1706292000000,99993.77,99892.73
1706292000000,99993.77,99893.81
1706292000000,99993.77,99895.99
1706292000000,99993.77,99894.9
1706292000000,99993.77,99895.99
1706292000000,99993.77,99894.9
1706292000000,99993.77,99895.99
1706292000000,99993.77,99893.81
1706292000000,99993.77,99894.9
1706292000000,99993.77,99893.81
1706292000000,99993.77,99894.9
1706292000000,99993.77,99893.81
1706292000000,99993.77,99894.9
1706292000000,99993.77,99891.64
1706292000000,99993.77,99892.72
1706292000000,99993.77,99891.64
1706292000000,99993.77,99892.72
1706292000000,99993.77,99891.64
1706292000000,99993.77,99893.81
1706292000000,99993.77,99892.73
1706292000000,99993.77,99893.81
1706292000000,99993.77,99892.72
1706292000000,99993.77,99894.9
1706292000000,99993.77,99893.81
1706292000000,99993.77,99894.9
1706292000000,99993.77,99893.81
1706292000000,99993.77,99894.9
1706292000000,99993.77,99893.81
1706292000000,99993.77,99895.98
1706292000000,99993.77,99894.9
1706292000000,99993.77,99895.98
1706292000000,99993.77,99894.9
1706292000000,99993.77,99897.07
1706292000000,99993.77,99895.98
1706292000000,99993.77,99901.42
1706292000000,99993.77,99899.25
1706292000000,99993.77,99900.33
1706292000000,99993.77,99899.25
1706292000000,99993.77,99900.33
1706292000000,99993.77,99899.25
1706292000000,99993.77,99900.34
1706292000000,99993.77,99899.25
1706292000000,99993.77,99901.42
1706292000000,99993.77,99900.34
1706292000000,99993.77,99902.51
1706292000000,99993.77,99901.42
1706292000000,99993.77,99902.51
1706292000000,99993.77,99901.42
1706292000000,99993.77,99902.51
1706292000000,99993.77,99901.42
1706292000000,99993.77,99902.51
1706292000000,99993.77,99901.42
1706292000000,99993.77,99902.51
1706292000000,99993.77,99901.42
1706292000000,99993.77,99902.51
1706292000000,99993.77,99901.42
1706292000000,99993.77,99902.51
1706292000000,99993.77,99901.42
1706292000000,99993.77,99902.51
1706292000000,99993.77,99901.42
1706292000000,99993.77,99903.59
1706292000000,99993.77,99902.5
1706292000000,99993.77,99904.68
1706292000000,99993.77,99903.59
1706292000000,99993.77,99904.68
1706292000000,99993.77,99902.5
1706292000000,99993.77,99903.59
1706292000000,99993.77,99901.42
1706292000000,99993.77,99902.51
1706292000000,99993.77,99900.33
1706292000000,99993.77,99901.42
1706292000000,99993.77,99895.99
1706292000000,99993.77,99897.07
1706292000000,99993.77,99895.99
1706292000000,99993.77,99897.07
1706292000000,99993.77,99895.99
1706292000000,99993.77,99897.07
1706292000000,99993.77,99895.99
1706292000000,99993.77,99897.07
1706292000000,99993.77,99895.99
1706292000000,99993.77,99897.07
1706292000000,99993.77,99895.98
1706292000000,99993.77,99897.07
1706292000000,99993.77,99894.9
1706292000000,99993.77,99895.98
1706292000000,99993.77,99893.81
1706292000000,99993.77,99894.89
1706292000000,99993.77,99892.72
1706292000000,99993.77,99893.81
1706292000000,99993.77,99888.38
1706292000000,99993.77,99889.46
1706292000000,99993.77,99888.38
1706292000000,99993.77,99889.46
1706292000000,99993.77,99888.37
1706292000000,99993.77,99889.46
1706292000000,99993.77,99888.37
1706292000000,99993.77,99889.46
1706292000000,99993.77,99888.38
1706292000000,99993.77,99889.46
1706292000000,99993.77,99888.38
1706292000000,99993.77,99889.46
1706292000000,99993.77,99887.29
1706292000000,99993.77,99888.37
1706292000000,99993.77,99886.2
1706292000000,99993.77,99887.29
1706292000000,99993.77,99885.11
1706292000000,99993.77,99886.2
1706292000000,99993.77,99880.77
1706292000000,99993.77,99881.85
1706292000000,99993.77,99880.76
1706292000000,99993.77,99882.94
1706292000000,99993.77,99881.85
1706292000000,99993.77,99882.94
1706292000000,99993.77,99881.85
1706292000000,99993.77,99884.03
1706292000000,99993.77,99882.94
1706292000000,99993.77,99887.28
1706292000000,99993.77,99886.2
1706292000000,99993.77,99887.28
1706292000000,99993.77,99886.2
1706292000000,99993.77,99887.28
1706292000000,99993.77,99886.2
1706292000000,99993.77,99887.28
1706292000000,99993.77,99886.2
1706292000000,99993.77,99887.28
1706292000000,99993.77,99885.11
1706292000000,99993.77,99884.02
1706292000000,99993.77,99885.11
1706292000000,99993.77,99884.02
1706292000000,99993.77,99885.11
1706292000000,99993.77,99884.02
1706292000000,99993.77,99885.11
1706292000000,99993.77,99884.02
1706292000000,99993.77,99886.19
1706292000000,99993.77,99885.11
1706292000000,99993.77,99886.19
1706292000000,99993.77,99885.11
1706292000000,99993.77,99886.19
1706292000000,99993.77,99885.11
1706292000000,99993.77,99887.28
1706292000000,99993.77,99886.19
1706292000000,99993.77,99890.54
1706292000000,99993.77,99897.06
1706292000000,99993.77,99898.14
1706292000000,99993.77,99897.06
1706292000000,99993.77,99898.14
1706292000000,99993.77,99897.06
1706292000000,99993.77,99898.15
1706292000000,99993.77,99897.06
1706292000000,99993.77,99898.15
1706292000000,99993.77,99895.97
1706292000000,99993.77,99897.06
1706292000000,99993.77,99895.98
1706292000000,99993.77,99897.06
1706292000000,99993.77,99895.98
1706292000000,99993.77,99897.06
1706292000000,99993.77,99895.98
1706292000000,99993.77,99897.06
1706292000000,99993.77,99898.15
1706292000000,99993.77,99897.06
1706292000000,99993.77,99898.15
1706292000000,99993.77,99897.06
1706292000000,99993.77,99898.15
1706292000000,99993.77,99897.06
1706292000000,99993.77,99898.15
1706292000000,99993.77,99895.97
1706292000000,99993.77,99897.06
1706292000000,99993.77,99895.97
1706292000000,99993.77,99898.15
1706292000000,99993.77,99897.06
1706292000000,99993.77,99899.24
1706292000000,99993.77,99898.15
1706292000000,99993.77,99902.5
1706292000000,99993.77,99903.58
1706292000000,99993.77,99902.5
1706292000000,99993.77,99903.58
1706292000000,99993.77,99902.5
1706292000000,99993.77,99903.58
1706292000000,99993.77,99902.5
1706292000000,99993.77,99903.58
1706292000000,99993.77,99901.41
1706292000000,99993.77,99900.32
1706292000000,99993.77,99901.41
1706292000000,99993.77,99900.32
1706292000000,99993.77,99902.5
1706292000000,99993.77,99901.41
1706292000000,99993.77,99903.58
1706292000000,99993.77,99902.49
1706292000000,99993.77,99907.93
1706292000000,99993.77,99909.01
1706292000000,99993.77,99907.93
1706292000000,99993.77,99909.01
1706292000000,99993.77,99907.93
1706292000000,99993.77,99909.01
1706292000000,99993.77,99907.93
1706292000000,99993.77,99909.01
1706292000000,99993.77,99906.84
1706292000000,99993.77,99905.76
1706292000000,99993.77,99906.84
1706292000000,99993.77,99905.76
1706292000000,99993.77,99907.93
1706292000000,99993.77,99906.84
1706292000000,99993.77,99909.01
1706292000000,99993.77,99907.93
1706292000000,99993.77,99914.45
1706292000000,99993.77,99913.36
1706292000000,99993.77,99912.27
1706292000000,99993.77,99911.19
1706292000000,99993.77,99910.1
1706292000000,99993.77,99909.01
1706292000000,99993.77,99907.93
1706292000000,99993.77,99906.84
1706292000000,99993.77,99904.66
1706292000000,99993.77,99903.58
1706292000000,99993.77,99904.66
1706292000000,99993.77,99903.58
1706292000000,99993.77,99904.66
1706292000000,99993.77,99903.58
1706292000000,99993.77,99905.75
1706292000000,99993.77,99904.67
1706292000000,99993.77,99907.93
1706292000000,99993.77,99906.84
1706292000000,99993.77,99907.92
1706292000000,99993.77,99906.84
1706292000000,99993.77,99907.92
1706292000000,99993.77,99905.75
1706292000000,99993.77,99906.84
1706292000000,99993.77,99905.75
1706292000000,99993.77,99906.84
1706292000000,99993.77,99905.75
1706292000000,99993.77,99906.84
1706292000000,99993.77,99904.66
1706292000000,99993.77,99905.75
1706292000000,99993.77,99904.66
1706292000000,99993.77,99905.75
1706292000000,99993.77,99904.66
1706292000000,99993.77,99905.75
1706292000000,99993.77,99901.4
1706292000000,99993.77,99900.31
1706292000000,99993.77,99899.23
1706292000000,99993.77,99897.05
1706292000000,99993.77,99895.97
1706292000000,99993.77,99893.79
1706292000000,99993.77,99892.7
1706292000000,99993.77,99890.53
1706292000000,99993.77,99889.44
1706292000000,99993.77,99887.27
1706292000000,99993.77,99886.18
1706292000000,99993.77,99887.27
1706292000000,99993.77,99886.18
1706292000000,99993.77,99888.36
1706292000000,99993.77,99887.27
1706292000000,99993.77,99888.36
1706292000000,99993.77,99887.27
1706292000000,99993.77,99891.61
1706292000000,99993.77,99892.7
1706292000000,99993.77,99891.61
1706292000000,99993.77,99892.7
1706292000000,99993.77,99890.53
1706292000000,99993.77,99891.61
1706292000000,99993.77,99889.44
1706292000000,99993.77,99890.53
1706292000000,99993.77,99884.01
1706292000000,99993.77,99885.1
1706292000000,99993.77,99887.27
1706292000000,99993.77,99889.45
1706292000000,99993.77,99891.62
1706292000000,99993.77,99893.8
1706292000000,99993.77,99895.97
1706292000000,99993.77,99898.14
1706292000000,99993.77,99900.32
1706292000000,99993.77,99901.4
1706292000000,99993.77,99900.32
1706292000000,99993.77,99901.4
1706292000000,99993.77,99900.32
1706292000000,99993.77,99901.41
1706292000000,99993.77,99900.32
1706292000000,99993.77,99901.41
1706292000000,99993.77,99899.24
1706292000000,99993.77,99900.32
1706292000000,99993.77,99902.5
1706292000000,99993.77,99904.67
1706292000000,99993.77,99906.85
1706292000000,99993.77,99909.02
1706292000000,99993.77,99911.19
1706292000000,99993.77,99913.36
1706292000000,99993.77,99915.54
1706292000000,99993.77,99916.63
1706292000000,99993.77,99915.54
1706292000000,99993.77,99916.62
1706292000000,99993.77,99915.54
1706292000000,99993.77,99916.62
1706292000000,99993.77,99915.54
1706292000000,99993.77,99916.63
1706292000000,99993.77,99914.45
1706292000000,99993.77,99916.63
1706292000000,99993.77,99918.8
1706292000000,99993.77,99920.98
1706292000000,99993.77,99923.15
1706292000000,99993.77,99925.33
1706292000000,99993.77,99927.5
1706292000000,99993.77,99929.67
1706292000000,99993.77,99931.84
1706292000000,99993.77,99930.76
1706292000000,99993.77,99928.58
1706292000000,99993.77,99927.5
1706292000000,99993.77,99925.32
1706292000000,99993.77,99923.15
1706292000000,99993.77,99922.06
1706292000000,99993.77,99919.89
1706292000000,99993.77,99917.72
1706292000000,99993.77,99916.63
1706292000000,99993.77,99917.72
1706292000000,99993.77,99916.63
1706292000000,99993.77,99918.8
1706292000000,99993.77,99917.72
1706292000000,99993.77,99918.8
1706292000000,99993.77,99917.72
1706292000000,99993.77,99922.06
1706292000000,99993.77,99923.15
1706292000000,99993.77,99922.06
1706292000000,99993.77,99923.15
1706292000000,99993.77,99920.98
1706292000000,99993.77,99922.06
1706292000000,99993.77,99919.89
1706292000000,99993.77,99920.98
1706292000000,99993.77,99918.81
1706292000000,99993.77,99919.89
1706292000000,99993.77,99913.37
1706292000000,99993.77,99914.45
1706292000000,99993.77,99913.37
1706292000000,99993.77,99914.45
1706292000000,99993.77,99913.37
1706292000000,99993.77,99914.46
1706292000000,99993.77,99913.37
1706292000000,99993.77,99914.45
1706292000000,99993.77,99912.28
1706292000000,99993.77,99913.37
1706292000000,99993.77,99911.2
1706292000000,99993.77,99912.28
1706292000000,99993.77,99911.2
1706292000000,99993.77,99912.28
1706292000000,99993.77,99911.2
1706292000000,99993.77,99912.28
1706292000000,99993.77,99911.2
1706292000000,99993.77,99912.28
1706292000000,99993.77,99911.2
1706292000000,99993.77,99912.28
1706292000000,99993.77,99911.2
1706292000000,99993.77,99912.28
1706292000000,99993.77,99911.2
1706292000000,99993.77,99912.28
1706292000000,99993.77,99911.2
1706292000000,99993.77,99912.28
1706292000000,99993.77,99911.2
1706292000000,99993.77,99912.28
1706292000000,99993.77,99910.11
1706292000000,99993.77,99911.2
1706292000000,99993.77,99912.28
1706292000000,99993.77,99913.37
1706292000000,99993.77,99914.46
1706292000000,99993.77,99915.54
1706292000000,99993.77,99916.63
1706292000000,99993.77,99917.72
1706292000000,99993.77,99918.81
1706292000000,99993.77,99919.89
1706292000000,99993.77,99918.81
1706292000000,99993.77,99919.89
1706292000000,99993.77,99918.81
1706292000000,99993.77,99919.89
1706292000000,99993.77,99918.81
1706292000000,99993.77,99919.89
1706292000000,99993.77,99918.81
1706292000000,99993.77,99919.89
1706292000000,99993.77,99918.81
1706292000000,99993.77,99919.89
1706292000000,99993.77,99920.98
1706292000000,99993.77,99922.07
1706292000000,99993.77,99923.15
1706292000000,99993.77,99924.24
1706292000000,99993.77,99925.33
1706292000000,99993.77,99926.42
1706292000000,99993.77,99927.5
1706292000000,99993.77,99928.59
1706292000000,99993.77,99927.5
1706292000000,99993.77,99928.59
1706292000000,99993.77,99927.5
1706292000000,99993.77,99928.59
1706292000000,99993.77,99927.5
1706292000000,99993.77,99928.59
1706292000000,99993.77,99927.5
1706292000000,99993.77,99928.59
1706292000000,99993.77,99927.5
1706292000000,99993.77,99928.59
1706292000000,99993.77,99929.68
1706292000000,99993.77,99930.76
1706292000000,99993.77,99931.85
1706292000000,99993.77,99932.94
1706292000000,99993.77,99934.02
1706292000000,99993.77,99935.11
1706292000000,99993.77,99936.2
1706292000000,99993.77,99937.28
1706292000000,99993.77,99936.2
1706292000000,99993.77,99937.29
1706292000000,99993.77,99936.2
1706292000000,99993.77,99937.28
1706292000000,99993.77,99936.2
1706292000000,99993.77,99937.29
1706292000000,99993.77,99936.2
1706292000000,99993.77,99937.29
1706292000000,99993.77,99936.2
1706292000000,99993.77,99937.28
1706292000000,99993.77,99936.2
1706292000000,99993.77,99938.37
1706292000000,99993.77,99937.29
1706292000000,99993.77,99938.37
1706292000000,99993.77,99937.29
1706292000000,99993.77,99939.46
1706292000000,99993.77,99938.37
1706292000000,99993.77,99940.54
1706292000000,99993.77,99939.46
1706292000000,99993.77,99940.54
1706292000000,99993.77,99939.46
1706292000000,99993.77,99941.63
1706292000000,99993.77,99940.55
1706292000000,99993.77,99942.72
1706292000000,99993.77,99941.63
1706292000000,99993.77,99942.72
1706292000000,99993.77,99941.63
1706292000000,99993.77,99949.24
1706292000000,99993.77,99951.41
1706292000000,99993.77,99950.32
1706292000000,99993.77,99951.41
1706292000000,99993.77,99949.24
1706292000000,99993.77,99950.32
1706292000000,99993.77,99948.15
1706292000000,99993.77,99949.24
1706292000000,99993.77,99948.15
1706292000000,99993.77,99949.24
1706292000000,99993.77,99948.15
1706292000000,99993.77,99949.24
1706292000000,99993.77,99948.15
1706292000000,99993.77,99949.24
1706292000000,99993.77,99948.15
1706292000000,99993.77,99949.24
1706292000000,99993.77,99947.07
1706292000000,99993.77,99948.15
1706292000000,99993.77,99949.24
1706292000000,99993.77,99950.33
1706292000000,99993.77,99951.41
1706292000000,99993.77,99953.58
1706292000000,99993.77,99952.5
1706292000000,99993.77,99953.58
1706292000000,99993.77,99952.5
1706292000000,99993.77,99953.59
1706292000000,99993.77,99952.5
1706292000000,99993.77,99953.59
1706292000000,99993.77,99954.67
1706292000000,99993.77,99955.76
1706292000000,99993.77,99956.84
1706292000000,99993.77,99959.02
1706292000000,99993.77,99957.93
1706292000000,99993.77,99959.02
1706292000000,99993.77,99957.93
1706292000000,99993.77,99959.02
1706292000000,99993.77,99957.93
1706292000000,99993.77,99959.02
1706292000000,99993.77,99960.1
1706292000000,99993.77,99961.19
1706292000000,99993.77,99962.27
1706292000000,99993.77,99964.45
1706292000000,99993.77,99963.36
1706292000000,99993.77,99962.27
1706292000000,99993.77,99961.19
1706292000000,99993.77,99960.1
1706292000000,99993.77,99959.02
1706292000000,99993.77,99960.1
1706292000000,99993.77,99959.02
1706292000000,99993.77,99960.1
1706292000000,99993.77,99959.02
1706292000000,99993.77,99961.19
1706292000000,99993.77,99962.27
1706292000000,99993.77,99961.19
1706292000000,99993.77,99962.27
1706292000000,99993.77,99961.19
1706292000000,99993.77,99962.27
1706292000000,99993.77,99960.1
1706292000000,99993.77,99961.19
1706292000000,99993.77,99957.93
1706292000000,99993.77,99959.01
1706292000000,99993.77,99957.93
1706292000000,99993.77,99959.01
1706292000000,99993.77,99957.93
1706292000000,99993.77,99959.02
1706292000000,99993.77,99957.93
1706292000000,99993.77,99959.02
1706292000000,99993.77,99957.93
1706292000000,99993.77,99959.02
1706292000000,99993.77,99957.93
1706292000000,99993.77,99959.02
1706292000000,99993.77,99957.93
1706292000000,99993.77,99959.01
1706292000000,99993.77,99957.93
1706292000000,99993.77,99960.1
1706292000000,99993.77,99957.93
1706292000000,99993.77,99955.76
1706292000000,99993.77,99953.59
1706292000000,99993.77,99951.41
1706292000000,99993.77,99949.24
1706292000000,99993.77,99950.33
1706292000000,99993.77,99949.24
1706292000000,99993.77,99950.33
1706292000000,99993.77,99949.24
1706292000000,99993.77,99950.33
1706292000000,99993.77,99948.15
1706292000000,99993.77,99945.98
1706292000000,99993.77,99943.81
1706292000000,99993.77,99941.64
1706292000000,99993.77,99939.46
1706292000000,99993.77,99940.55
1706292000000,99993.77,99939.46
1706292000000,99993.77,99940.55
1706292000000,99993.77,99939.46
1706292000000,99993.77,99940.55
1706292000000,99993.77,99938.38
1706292000000,99993.77,99936.2
1706292000000,99993.77,99934.03
1706292000000,99993.77,99931.86
1706292000000,99993.77,99929.69
1706292000000,99993.77,99931.86
1706292000000,99993.77,99934.03
1706292000000,99993.77,99937.29
1706292000000,99993.77,99939.46
1706292000000,99993.77,99942.72
1706292000000,99993.77,99941.63
1706292000000,99993.77,99942.72
1706292000000,99993.77,99940.55
1706292000000,99993.77,99941.64
1706292000000,99993.77,99938.38
1706292000000,99993.77,99937.29
1706292000000,99993.77,99938.38
1706292000000,99993.77,99937.29
1706292000000,99993.77,99939.46
1706292000000,99993.77,99938.38
1706292000000,99993.77,99940.55
1706292000000,99993.77,99939.46
1706292000000,99993.77,99941.63
1706292000000,99993.77,99940.55
1706292000000,99993.77,99941.63
1706292000000,99993.77,99940.55
1706292000000,99993.77,99948.15
1706292000000,99993.77,99937.29
1706292000000,99993.77,99940.55
1706292000000,99993.77,99943.81
1706292000000,99993.77,99947.07
1706292000000,99993.77,99945.98
1706292000000,99993.77,99944.89
1706292000000,99993.77,99943.81
1706292000000,99993.77,99945.98
1706292000000,99993.77,99948.15
1706292000000,99993.77,99950.32
1706292000000,99993.77,99948.15
1706292000000,99993.77,99944.89
1706292000000,99993.77,99941.63
1706292000000,99993.77,99942.72
1706292000000,99993.77,99941.64
1706292000000,99993.77,99942.72
1706292000000,99993.77,99940.55
1706292000000,99993.77,99937.29
1706292000000,99993.77,99934.04
1706292000000,99993.77,99935.12
1706292000000,99993.77,99934.04
1706292000000,99993.77,99935.12
1706292000000,99993.77,99932.95
1706292000000,99993.77,99929.69
1706292000000,99993.77,99926.44
1706292000000,99993.77,99928.61
1706292000000,99993.77,99930.78
1706292000000,99993.77,99932.96
1706292000000,99993.77,99931.87
1706292000000,99993.77,99932.95
1706292000000,99993.77,99930.78
1706292000000,99993.77,99931.86
1706292000000,99993.77,99930.78
1706292000000,99993.77,99931.87
1706292000000,99993.77,99930.78
1706292000000,99993.77,99932.95
1706292000000,99993.77,99931.87
1706292000000,99993.77,99932.95
1706292000000,99993.77,99931.86
1706292000000,99993.77,99934.04
1706292000000,99993.77,99932.95
1706292000000,99993.77,99936.21
1706292000000,99993.77,99937.29
1706292000000,99993.77,99936.21
1706292000000,99993.77,99937.29
1706292000000,99993.77,99932.94
1706292000000,99993.77,99931.86
1706292000000,99993.77,99932.94
1706292000000,99993.77,99931.86
1706292000000,99993.77,99934.03
1706292000000,99993.77,99935.11
1706292000000,99993.77,99934.03
1706292000000,99993.77,99935.11
1706292000000,99993.77,99931.86
1706292000000,99993.77,99935.12
1706292000000,99993.77,99938.37
1706292000000,99993.77,99941.63
1706292000000,99993.77,99944.89
1706292000000,99993.77,99945.97
1706292000000,99993.77,99944.89
1706292000000,99993.77,99945.98
1706292000000,99993.77,99943.8
1706292000000,99993.77,99947.06
1706292000000,99993.77,99950.32
1706292000000,99993.77,99953.58
1706292000000,99993.77,99956.84
1706292000000,99993.77,99957.93
1706292000000,99993.77,99956.84
1706292000000,99993.77,99957.92
1706292000000,99993.77,99955.75
1706292000000,99993.77,99959.01
1706292000000,99993.77,99962.27
1706292000000,99993.77,99965.53
1706292000000,99993.77,99969.87
1706292000000,99993.77,99968.79
1706292000000,99993.77,99969.87
1706292000000,99993.77,99967.7
1706292000000,99993.77,99966.62
1706292000000,99993.77,99967.7
1706292000000,99993.77,99966.62
1706292000000,99993.77,99968.79
1706292000000,99993.77,99969.87
1706292000000,99993.77,99968.79
1706292000000,99993.77,99969.87
1706292000000,99993.77,99968.79
1706292000000,99993.77,99969.87
1706292000000,99993.77,99968.79
1706292000000,99993.77,99969.88
1706292000000,99993.77,99968.79
1706292000000,99993.77,99969.88
1706292000000,99993.77,99967.7
1706292000000,99993.77,99965.53
1706292000000,99993.77,99963.36
1706292000000,99993.77,99961.19
1706292000000,99993.77,99962.27
1706292000000,99993.77,99961.19
1706292000000,99993.77,99963.36
1706292000000,99993.77,99962.27
1706292000000,99993.77,99961.19
1706292000000,99993.77,99960.1
1706292000000,99993.77,99963.36
1706292000000,99993.77,99966.62
1706292000000,99993.77,99970.96
1706292000000,99993.77,99969.87
1706292000000,99993.77,99970.96
1706292000000,99993.77,99969.88
1706292000000,99993.77,99973.13
1706292000000,99993.77,99976.39
1706292000000,99993.77,99980.74
1706292000000,99993.77,99979.65
1706292000000,99993.77,99980.74
1706292000000,99993.77,99979.65
1706292000000,99993.77,99982.91
1706292000000,99993.77,99986.17
1706292000000,99993.77,99990.51
1706292000000,99993.77,99989.43
1706292000000,99993.77,99990.51
1706292000000,99993.77,99989.43
1706292000000,99993.77,99990.51
1706292000000,99993.77,99989.43
1706292000000,99993.77,99990.51
1706292000000,99993.77,99989.43
1706292000000,99993.77,99990.51
1706292000000,99993.77,99989.43
1706292000000,99993.77,99990.51
1706292000000,99993.77,99989.43
1706292000000,99993.77,99990.51
1706292000000,99993.77,99989.43
1706292000000,99993.77,99990.51
1706292000000,99993.77,99988.34
1706292000000,99993.77,99986.17
1706292000000,99993.77,99982.91
1706292000000,99993.77,99983.99
1706292000000,99993.77,99982.91
1706292000000,99993.77,99985.08
1706292000000,99993.77,99983.99
1706292000000,99993.77,99982.91
1706292000000,99993.77,99980.74
1706292000000,99993.77,99982.91
1706292000000,99993.77,99985.08
1706292000000,99993.77,99988.34
1706292000000,99993.77,99987.25
1706292000000,99993.77,99988.34
1706292000000,99993.77,99987.25
1706292000000,99993.77,99989.43
1706292000000,99993.77,99991.6
1706292000000,99993.77,99994.86
1706292000000,99993.77,99993.77
1706292000000,99993.77,99994.86
1706292000000,99993.77,99993.77
1706292000000,99993.77,99997.03
1706292000000,99993.77,100000.29
1706292000000,99993.77,100003.54
1706292000000,99993.77,100001.37
1706292000000,99993.77,99999.2
1706292000000,99993.77,99997.03
1706292000000,99993.77,99998.11
1706292000000,99993.77,99997.03
1706292000000,99993.77,99999.2
1706292000000,99993.77,100000.29
1706292000000,99993.77,99999.2
1706292000000,99993.77,100000.29
1706292000000,99993.77,99995.94
1706292000000,99993.77,99997.03
1706292000000,99993.77,99995.94
1706292000000,99993.77,99997.03
1706292000000,99993.77,99994.86
1706292000000,99993.77,99995.94
1706292000000,99993.77,99990.51
1706292000000,99993.77,99989.43
1706292000000,99993.77,99990.51
1706292000000,99993.77,99989.43
1706292000000,99993.77,99990.51
1706292000000,99993.77,99989.43
1706292000000,99993.77,99992.68
1706292000000,99993.77,99993.77
1706292000000,99993.77,99992.68
1706292000000,99993.77,99993.77
1706292000000,99993.77,99991.6
1706292000000,99993.77,99992.68
1706292000000,99993.77,99989.43
1706292000000,99993.77,99990.51
1706292000000,99993.77,99992.68
1706292000000,99993.77,99994.86
1706292000000,99993.77,99995.94
1706292000000,99993.77,99998.11
1706292000000,99993.77,100000.29
1706292000000,99993.77,100001.37
1706292000000,99993.77,100000.29
1706292000000,99993.77,100001.37
1706292000000,99993.77,100000.29
1706292000000,99993.77,100001.37
1706292000000,99993.77,99999.2
1706292000000,99993.77,100000.29
1706292000000,99993.77,100002.46
1706292000000,99993.77,100004.63
1706292000000,99993.77,100005.72
1706292000000,99993.77,100007.89
1706292000000,99993.77,100010.06
1706292000000,99993.77,100011.15
1706292000000,99993.77,100010.06
1706292000000,99993.77,100011.15
1706292000000,99993.77,100010.06
1706292000000,99993.77,100011.15
1706292000000,99993.77,100008.97
1706292000000,99993.77,100010.06
1706292000000,99993.77,100012.23
1706292000000,99993.77,100014.4
1706292000000,99993.77,100016.58
1706292000000,99993.77,100018.75
1706292000000,99993.77,100020.92
1706292000000,99993.77,100018.75
1706292000000,99993.77,100016.57
1706292000000,99993.77,100014.4
1706292000000,99993.77,100012.23
1706292000000,99993.77,100010.06
1706292000000,99993.77,100006.8
1706292000000,99993.77,100005.72
1706292000000,99993.77,100006.8
1706292000000,99993.77,100005.72
1706292000000,99993.77,100007.89
1706292000000,99993.77,100006.8
1706292000000,99993.77,100011.15
1706292000000,99993.77,100012.23
1706292000000,99993.77,100011.15
1706292000000,99993.77,100012.23
1706292000000,99993.77,100010.06
1706292000000,99993.77,100011.15
1706292000000,99993.77,100008.97
1706292000000,99993.77,100010.06
1706292000000,99993.77,100007.89
1706292000000,99993.77,100008.97
1706292000000,99993.77,100002.46
1706292000000,99993.77,100003.54
1706292000000,99993.77,100004.63
1706292000000,99993.77,100003.54
1706292000000,99993.77,100004.63
1706292000000,99993.77,100003.54
1706292000000,99993.77,100004.63
1706292000000,99993.77,100003.54
1706292000000,99993.77,100005.72
1706292000000,99993.77,100004.63
1706292000000,99993.77,100005.72
1706292000000,99993.77,100004.63
1706292000000,99993.77,100005.72
1706292000000,99993.77,100004.63
1706292000000,99993.77,100005.72
1706292000000,99993.77,100004.63
1706292000000,99993.77,100005.72
1706292000000,99993.77,100004.63
1706292000000,99993.77,100005.72
1706292000000,99993.77,100004.63
1706292000000,99993.77,100005.72
1706292000000,99993.77,100004.63
1706292000000,99993.77,100006.8
1706292000000,99993.77,100005.72
1706292000000,99993.77,100003.54
1706292000000,99993.77,100001.37
1706292000000,99993.77,100000.29
1706292000000,99993.77,99998.11
1706292000000,99993.77,99995.94
1706292000000,99993.77,99993.77
1706292000000,99993.77,99994.86
1706292000000,99993.77,99993.77
1706292000000,99993.77,99994.86
1706292000000,99993.77,99993.77
1706292000000,99993.77,99994.86
1706292000000,99993.77,99993.77
1706292000000,99993.77,99994.86
1706292000000,99993.77,99993.77
1706292000000,99993.77,99991.6
1706292000000,99993.77,99989.43
1706292000000,99993.77,99988.34
1706292000000,99993.77,99986.17
1706292000000,99993.77,99984.0
1706292000000,99993.77,99981.82
1706292000000,99993.77,99982.91
1706292000000,99993.77,99981.82
1706292000000,99993.77,99982.91
1706292000000,99993.77,99981.82
1706292000000,99993.77,99982.91
1706292000000,99993.77,99981.82
1706292000000,99993.77,99982.91
1706292000000,99993.77,99981.82
1706292000000,99993.77,99979.65
1706292000000,99993.77,99977.48
1706292000000,99993.77,99976.39
1706292000000,99993.77,99974.22
1706292000000,99993.77,99972.05
1706292000000,99993.77,99969.87
1706292000000,99993.77,99970.96
1706292000000,99993.77,99972.05
1706292000000,99993.77,99973.13
1706292000000,99993.77,99974.22
1706292000000,99993.77,99975.31
1706292000000,99993.77,99976.39
1706292000000,99993.77,99978.56
1706292000000,99993.77,99977.48
1706292000000,99993.77,99978.56
1706292000000,99993.77,99977.48
1706292000000,99993.77,99978.56
1706292000000,99993.77,99976.39
1706292000000,99993.77,99977.48
1706292000000,99993.77,99975.31
1706292000000,99993.77,99974.22
1706292000000,99993.77,99975.31
1706292000000,99993.77,99974.22
1706292000000,99993.77,99976.39
1706292000000,99993.77,99975.31
1706292000000,99993.77,99976.39
1706292000000,99993.77,99975.31
1706292000000,99993.77,99977.48
1706292000000,99993.77,99976.39
1706292000000,99993.77,99981.82
1706292000000,99993.77,99980.74
1706292000000,99993.77,99981.82
1706292000000,99993.77,99980.74
1706292000000,99993.77,99982.91
1706292000000,99993.77,99981.82
1706292000000,99993.77,99983.99
1706292000000,99993.77,99982.91
1706292000000,99993.77,99985.08
1706292000000,99993.77,99983.99
1706292000000,99993.77,99989.43
1706292000000,99993.77,99988.34
1706292000000,99993.77,99989.43
1706292000000,99993.77,99988.34
1706292000000,99993.77,99989.43
1706292000000,99993.77,99988.34
1706292000000,99993.77,99989.43
1706292000000,99993.77,99987.25
1706292000000,99993.77,99988.34
1706292000000,99993.77,99986.17
1706292000000,99993.77,99987.25
1706292000000,99993.77,99986.17
1706292000000,99993.77,99988.34
1706292000000,99993.77,99987.25
1706292000000,99993.77,99988.34
1706292000000,99993.77,99987.25
1706292000000,99993.77,99989.43
1706292000000,99993.77,99988.34
1706292000000,99993.77,99992.68
1706292000000,99993.77,99991.6
1706292000000,99993.77,99990.51
1706292000000,99993.77,99989.43
1706292000000,99993.77,99988.34
1706292000000,99993.77,99987.25
1706292000000,99993.77,99986.17
1706292000000,99993.77,99985.08
1706292000000,99993.77,99984.0
1706292000000,99993.77,99982.91
1706292000000,99993.77,99983.99
1706292000000,99993.77,99982.91
1706292000000,99993.77,99983.99
1706292000000,99993.77,99982.91
1706292000000,99993.77,99983.99
1706292000000,99993.77,99982.91
1706292000000,99993.77,99983.99
1706292000000,99993.77,99982.91
1706292000000,99993.77,99983.99
1706292000000,99993.77,99982.91
1706292000000,99993.77,99981.82
1706292000000,99993.77,99980.74
1706292000000,99993.77,99979.65
1706292000000,99993.77,99978.56
1706292000000,99993.77,99977.48
1706292000000,99993.77,99976.39
1706292000000,99993.77,99975.3
1706292000000,99993.77,99974.22
1706292000000,99993.77,99975.3
1706292000000,99993.77,99974.22
1706292000000,99993.77,99975.3
1706292000000,99993.77,99974.22
1706292000000,99993.77,99975.3
1706292000000,99993.77,99974.22
1706292000000,99993.77,99975.3
1706292000000,99993.77,99974.22
1706292000000,99993.77,99975.31
1706292000000,99993.77,99974.22
1706292000000,99993.77,99973.13
1706292000000,99993.77,99972.05
1706292000000,99993.77,99970.96
1706292000000,99993.77,99968.79
1706292000000,99993.77,99967.7
1706292000000,99993.77,99966.61
1706292000000,99993.77,99965.53
1706292000000,99993.77,99963.35
1706292000000,99993.77,99964.44
1706292000000,99993.77,99963.35
1706292000000,99993.77,99964.44
1706292000000,99993.77,99963.35
1706292000000,99993.77,99965.53
1706292000000,99993.77,99964.44
1706292000000,99993.77,99965.53
1706292000000,99993.77,99964.44
1706292000000,99993.77,99967.7
1706292000000,99993.77,99966.61
1706292000000,99993.77,99967.7
1706292000000,99993.77,99966.61
1706292000000,99993.77,99967.7
1706292000000,99993.77,99966.61
1706292000000,99993.77,99967.7
1706292000000,99993.77,99966.61
1706292000000,99993.77,99967.7
1706292000000,99993.77,99966.61
1706292000000,99993.77,99967.7
1706292000000,99993.77,99966.61
1706292000000,99993.77,99967.7
1706292000000,99993.77,99966.61
1706292000000,99993.77,99967.7
1706292000000,99993.77,99966.61
1706292000000,99993.77,99967.7
1706292000000,99993.77,99966.61
1706292000000,99993.77,99968.79
1706292000000,99993.77,99967.7
1706292000000,99993.77,99968.79
1706292000000,99993.77,99967.7
1706292000000,99993.77,99969.87
1706292000000,99993.77,99968.79
1706292000000,99993.77,99969.87
1706292000000,99993.77,99970.96
1706292000000,99993.77,99972.05
1706292000000,99993.77,99973.13
1706292000000,99993.77,99975.3
1706292000000,99993.77,99974.22
1706292000000,99993.77,99975.3
1706292000000,99993.77,99974.22
1706292000000,99993.77,99975.3
1706292000000,99993.77,99973.13
1706292000000,99993.77,99974.22
1706292000000,99993.77,99975.3
1706292000000,99993.77,99976.39
1706292000000,99993.77,99977.48
1706292000000,99993.77,99978.56
1706292000000,99993.77,99976.39
1706292000000,99993.77,99974.22
1706292000000,99993.77,99972.04
1706292000000,99993.77,99969.87
1706292000000,99993.77,99966.61
1706292000000,99993.77,99967.7
1706292000000,99993.77,99966.61
1706292000000,99993.77,99967.7
1706292000000,99993.77,99966.61
1706292000000,99993.77,99967.7
1706292000000,99993.77,99965.53
1706292000000,99993.77,99963.35
1706292000000,99993.77,99961.18
1706292000000,99993.77,99959.01
1706292000000,99993.77,99955.75
1706292000000,99993.77,99956.83
1706292000000,99993.77,99955.75
1706292000000,99993.77,99956.83
1706292000000,99993.77,99955.75
1706292000000,99993.77,99956.83
1706292000000,99993.77,99954.66
1706292000000,99993.77,99952.49
1706292000000,99993.77,99950.31
1706292000000,99993.77,99948.14
1706292000000,99993.77,99944.88
1706292000000,99993.77,99945.97
1706292000000,99993.77,99944.88
1706292000000,99993.77,99947.05
1706292000000,99993.77,99945.97
1706292000000,99993.77,99949.23
1706292000000,99993.77,99948.14
1706292000000,99993.77,99949.23
1706292000000,99993.77,99948.14
1706292000000,99993.77,99949.23
1706292000000,99993.77,99948.14
1706292000000,99993.77,99949.23
1706292000000,99993.77,99948.14
1706292000000,99993.77,99949.23
1706292000000,99993.77,99948.14
1706292000000,99993.77,99949.23
1706292000000,99993.77,99948.14
1706292000000,99993.77,99949.23
1706292000000,99993.77,99948.14
1706292000000,99993.77,99950.31
1706292000000,99993.77,99949.23
1706292000000,99993.77,99950.31
1706292000000,99993.77,99949.23
1706292000000,99993.77,99951.4
1706292000000,99993.77,99950.31
1706292000000,99993.77,99951.4
1706292000000,99993.77,99953.57
1706292000000,99993.77,99955.75
1706292000000,99993.77,99957.92
1706292000000,99993.77,99959.01
1706292000000,99993.77,99957.92
1706292000000,99993.77,99959.01
1706292000000,99993.77,99956.83
1706292000000,99993.77,99957.92
1706292000000,99993.77,99960.09
1706292000000,99993.77,99962.27
1706292000000,99993.77,99964.44
1706292000000,99993.77,99965.53
1706292000000,99993.77,99964.44
1706292000000,99993.77,99965.53
1706292000000,99993.77,99963.35
1706292000000,99993.77,99964.44
1706292000000,99993.77,99966.61
1706292000000,99993.77,99968.78
1706292000000,99993.77,99970.96
1706292000000,99993.77,99972.04
1706292000000,99993.77,99970.96
1706292000000,99993.77,99972.04
1706292000000,99993.77,99969.87
1706292000000,99993.77,99970.96
1706292000000,99993.77,99973.13
1706292000000,99993.77,99975.3
1706292000000,99993.77,99977.48
1706292000000,99993.77,99978.56
1706292000000,99993.77,99977.48
1706292000000,99993.77,99978.56
1706292000000,99993.77,99976.39
1706292000000,99993.77,99977.48
1706292000000,99993.77,99979.65
1706292000000,99993.77,99981.82
1706292000000,99993.77,99983.99
1706292000000,99993.77,99985.08
1706292000000,99993.77,99983.99
1706292000000,99993.77,99985.08
1706292000000,99993.77,99982.91
1706292000000,99993.77,99983.99
1706292000000,99993.77,99985.08
1706292000000,99993.77,99986.17
1706292000000,99993.77,99987.25
1706292000000,99993.77,99989.43
1706292000000,99993.77,99990.51
1706292000000,99993.77,99991.6
1706292000000,99993.77,99992.68
1706292000000,99993.77,99994.86
1706292000000,99993.77,99995.94
1706292000000,99993.77,99997.03
1706292000000,99993.77,99995.94
1706292000000,99993.77,99997.03
1706292000000,99993.77,99995.94
1706292000000,99993.77,99997.03
1706292000000,99993.77,99994.86
1706292000000,99993.77,99995.94
1706292000000,99993.77,99994.86
1706292000000,99993.77,99995.94
1706292000000,99993.77,99994.86
1706292000000,99993.77,99995.94
1706292000000,99993.77,99997.03
1706292000000,99993.77,99995.94
1706292000000,99993.77,99997.03
1706292000000,99993.77,99995.94
1706292000000,99993.77,99997.03
1706292000000,99993.77,99994.86
1706292000000,99993.77,99995.94
1706292000000,99993.77,99994.86
1706292000000,99993.77,99997.03
1706292000000,99993.77,99995.94
1706292000000,99993.77,100000.29
1706292000000,99993.77,100001.37
1706292000000,99993.77,100000.29
1706292000000,99993.77,100001.37
1706292000000,99993.77,100000.29
1706292000000,99993.77,100001.37
1706292000000,99993.77,99999.2
1706292000000,99993.77,99998.11
1706292000000,99993.77,99999.2
1706292000000,99993.77,99998.11
1706292000000,99993.77,100000.29
1706292000000,99993.77,99999.2
1706292000000,99993.77,100004.63
1706292000000,99993.77,100005.72
1706292000000,99993.77,100004.63
1706292000000,99993.77,100005.72
1706292000000,99993.77,100004.63
1706292000000,99993.77,100005.72
1706292000000,99993.77,100003.54
1706292000000,99993.77,100004.63
1706292000000,99993.77,100005.72
1706292000000,99993.77,100006.8
1706292000000,99993.77,100007.89
1706292000000,99993.77,100008.98
1706292000000,99993.77,100011.15
1706292000000,99993.77,100010.06
1706292000000,99993.77,100011.15
1706292000000,99993.77,100008.97
1706292000000,99993.77,100010.06
1706292000000,99993.77,100006.8
1706292000000,99993.77,100005.72
1706292000000,99993.77,100006.8
1706292000000,99993.77,100005.72
1706292000000,99993.77,100006.8
1706292000000,99993.77,100005.72
1706292000000,99993.77,100007.89
1706292000000,99993.77,100006.8
1706292000000,99993.77,100007.89
1706292000000,99993.77,100006.8
1706292000000,99993.77,100007.89
1706292000000,99993.77,100006.8
1706292000000,99993.77,100007.89
1706292000000,99993.77,100006.8
1706292000000,99993.77,100007.89
1706292000000,99993.77,100006.8
1706292000000,99993.77,100007.89
1706292000000,99993.77,100006.8
1706292000000,99993.77,100007.89
1706292000000,99993.77,100005.72
1706292000000,99993.77,100010.06
1706292000000,99993.77,100008.98
1706292000000,99993.77,100010.06
1706292000000,99993.77,100008.97
1706292000000,99993.77,100010.06
1706292000000,99993.77,100008.98
1706292000000,99993.77,100010.06
1706292000000,99993.77,100008.98
1706292000000,99993.77,100011.15
1706292000000,99993.77,100010.06
1706292000000,99993.77,100011.15
1706292000000,99993.77,100010.06
1706292000000,99993.77,100011.15
1706292000000,99993.77,100010.06
1706292000000,99993.77,100011.15
1706292000000,99993.77,100010.06
1706292000000,99993.77,100008.97
1706292000000,99993.77,100010.06
1706292000000,99993.77,100008.97
1706292000000,99993.77,100010.06
1706292000000,99993.77,100008.97
1706292000000,99993.77,100010.06
1706292000000,99993.77,100008.97
1706292000000,99993.77,100011.15
1706292000000,99993.77,100010.06
1706292000000,99993.77,100011.15
1706292000000,99993.77,100008.97
1706292000000,99993.77,100010.06
1706292000000,99993.77,100007.89
1706292000000,99993.77,100008.97
1706292000000,99993.77,100003.54
1706292000000,99993.77,100002.46
1706292000000,99993.77,100003.54
1706292000000,99993.77,100002.46
1706292000000,99993.77,100003.54
1706292000000,99993.77,100002.46
1706292000000,99993.77,100003.54
1706292000000,99993.77,100002.46
1706292000000,99993.77,100004.63
1706292000000,99993.77,100005.72
1706292000000,99993.77,100004.63
1706292000000,99993.77,100005.72
1706292000000,99993.77,100003.54
1706292000000,99993.77,100004.63
1706292000000,99993.77,100002.46
1706292000000,99993.77,100003.54
1706292000000,99993.77,99997.03
1706292000000,99993.77,99995.94
1706292000000,99993.77,99997.03
1706292000000,99993.77,99995.94
1706292000000,99993.77,99997.03
1706292000000,99993.77,99995.94
1706292000000,99993.77,99997.03
1706292000000,99993.77,99995.94
1706292000000,99993.77,99998.11
1706292000000,99993.77,99997.03
1706292000000,99993.77,99995.94
1706292000000,99993.77,99994.86
1706292000000,99993.77,99993.77
1706292000000,99993.77,99992.68
1706292000000,99993.77,99991.6
1706292000000,99993.77,99990.51
1706292000000,99993.77,99988.34
1706292000000,99993.77,99989.43
1706292000000,99993.77,99988.34
1706292000000,99993.77,99990.51
1706292000000,99993.77,99989.43
1706292000000,99993.77,99990.51
1706292000000,99993.77,99989.43
1706292000000,99993.77,99992.68
1706292000000,99993.77,99993.77
1706292000000,99993.77,99992.68
1706292000000,99993.77,99993.77
1706292000000,99993.77,99992.68
1706292000000,99993.77,99993.77
1706292000000,99993.77,99992.68
1706292000000,99993.77,99993.77
1706292000000,99993.77,99991.6
1706292000000,99993.77,99990.51
1706292000000,99993.77,99991.6
1706292000000,99993.77,99990.51
1706292000000,99993.77,99991.6
1706292000000,99993.77,99990.51
1706292000000,99993.77,99991.6
1706292000000,99993.77,99990.51
1706292000000,99993.77,99991.6
1706292000000,99993.77,99990.51
1706292000000,99993.77,99991.6
1706292000000,99993.77,99990.51
1706292000000,99993.77,99992.68
1706292000000,99993.77,99991.6
1706292000000,99993.77,99992.68
1706292000000,99993.77,99991.6
1706292000000,99993.77,99994.86
1706292000000,99993.77,99992.68
1706292000000,99993.77,99991.6
1706292000000,99993.77,99992.68
1706292000000,99993.77,99991.6
1706292000000,99993.77,99992.68
1706292000000,99993.77,99991.6
1706292000000,99993.77,99993.77
1706292000000,99993.77,99994.86
1706292000000,99993.77,99993.77
1706292000000,99993.77,99994.86
1706292000000,99993.77,99993.77
1706292000000,99993.77,99994.86
1706292000000,99993.77,99992.68
1706292000000,99993.77,99991.6
1706292000000,99993.77,99992.68
1706292000000,99993.77,99991.6
1706292000000,99993.77,99992.68
1706292000000,99993.77,99991.6
1706292000000,99993.77,99994.86
1706292000000,99993.77,99993.77
1706292000000,99993.77,99994.86
1706292000000,99993.77,99992.68
1706292000000,99993.77,99993.77
1706292000000,99993.77,99990.51
1706292000000,99993.77,99989.43
1706292000000,99993.77,99990.51
1706292000000,99993.77,99989.43
1706292000000,99993.77,99990.51
1706292000000,99993.77,99989.43
1706292000000,99993.77,99991.6
1706292000000,99993.77,99992.68
1706292000000,99993.77,99991.6
1706292000000,99993.77,99992.68
1706292000000,99993.77,99990.51
1706292000000,99993.77,99991.6
1706292000000,99993.77,99987.25
1706292000000,99993.77,99986.17
1706292000000,99993.77,99987.25
1706292000000,99993.77,99986.17
1706292000000,99993.77,99987.25
1706292000000,99993.77,99986.17
1706292000000,99993.77,99988.34
1706292000000,99993.77,99989.43
1706292000000,99993.77,99988.34
1706292000000,99993.77,99989.43
1706292000000,99993.77,99987.25
1706292000000,99993.77,99988.34
1706292000000,99993.77,99984.0
1706292000000,99993.77,99985.08
1706292000000,99993.77,99984.0
1706292000000,99993.77,99985.08
1706292000000,99993.77,99984.0
1706292000000,99993.77,99986.17
1706292000000,99993.77,99987.25
1706292000000,99993.77,99986.17
1706292000000,99993.77,99987.25
1706292000000,99993.77,99986.17
1706292000000,99993.77,99987.25
1706292000000,99993.77,99985.08
1706292000000,99993.77,99986.17
1706292000000,99993.77,99985.08
1706292000000,99993.77,99986.17
1706292000000,99993.77,99985.08
1706292000000,99993.77,99986.17
1706292000000,99993.77,99985.08
1706292000000,99993.77,99986.17
1706292000000,99993.77,99985.08
1706292000000,99993.77,99986.17
1706292000000,99993.77,99985.08
1706292000000,99993.77,99986.17
1706292000000,99993.77,99985.08
1706292000000,99993.77,99987.25
1706292000000,99993.77,99988.34
1706292000000,99993.77,99990.51
1706292000000,99993.77,99992.68
1706292000000,99993.77,99994.86
1706292000000,99993.77,99997.03
1706292000000,99993.77,99999.2
1706292000000,99993.77,100001.37
1706292000000,99993.77,100004.63
1706292000000,99993.77,100003.55
1706292000000,99993.77,100004.63
1706292000000,99993.77,100003.55
1706292000000,99993.77,100004.63
1706292000000,99993.77,100003.55
1706292000000,99993.77,100004.63
1706292000000,99993.77,100003.55
1706292000000,99993.77,100005.72
1706292000000,99993.77,100007.89
1706292000000,99993.77,100010.06
1706292000000,99993.77,100012.23
1706292000000,99993.77,100014.41
1706292000000,99993.77,100016.58
1706292000000,99993.77,100019.84
1706292000000,99993.77,100018.75
1706292000000,99993.77,100019.83
1706292000000,99993.77,100018.75
1706292000000,99993.77,100019.83
1706292000000,99993.77,100018.75
1706292000000,99993.77,100019.83
1706292000000,99993.77,100018.75
1706292000000,99993.77,100020.92
1706292000000,99993.77,100023.09
1706292000000,99993.77,100025.26
1706292000000,99993.77,100027.44
1706292000000,99993.77,100029.61
1706292000000,99993.77,100031.78
1706292000000,99993.77,100035.03
1706292000000,99993.77,100033.95
1706292000000,99993.77,100035.03
1706292000000,99993.77,100033.95
1706292000000,99993.77,100035.03
1706292000000,99993.77,100033.95
1706292000000,99993.77,100035.03
1706292000000,99993.77,100033.95
1706292000000,99993.77,100036.12
1706292000000,99993.77,100038.29
1706292000000,99993.77,100040.46
1706292000000,99993.77,100043.71
1706292000000,99993.77,100045.89
1706292000000,99993.77,100048.06
1706292000000,99993.77,100051.31
1706292000000,99993.77,100050.23
1706292000000,99993.77,100051.31
1706292000000,99993.77,100050.23
1706292000000,99993.77,100051.31
1706292000000,99993.77,100049.14
1706292000000,99993.77,100050.23
1706292000000,99993.77,100048.06
1706292000000,99993.77,100049.14
1706292000000,99993.77,100048.06
1706292000000,99993.77,100049.14
1706292000000,99993.77,100048.06
1706292000000,99993.77,100049.14
1706292000000,99993.77,100048.06
1706292000000,99993.77,100049.14
1706292000000,99993.77,100048.06
1706292000000,99993.77,100049.14
1706292000000,99993.77,100048.06
1706292000000,99993.77,100049.14
1706292000000,99993.77,100048.06
1706292000000,99993.77,100049.14
1706292000000,99993.77,100048.06
1706292000000,99993.77,100049.14
1706292000000,99993.77,100048.06
1706292000000,99993.77,100049.14
1706292000000,99993.77,100048.06
1706292000000,99993.77,100049.14
1706292000000,99993.77,100048.06
1706292000000,99993.77,100049.14
1706292000000,99993.77,100048.06
1706292000000,99993.77,100041.54
1706292000000,99993.77,100042.63
1706292000000,99993.77,100041.55
1706292000000,99993.77,100042.63
1706292000000,99993.77,100040.46
1706292000000,99993.77,100041.55
1706292000000,99993.77,100040.46
1706292000000,99993.77,100041.54
1706292000000,99993.77,100037.2
1706292000000,99993.77,100036.12
1706292000000,99993.77,100037.2
1706292000000,99993.77,100036.12
1706292000000,99993.77,100037.2
1706292000000,99993.77,100036.12
1706292000000,99993.77,100037.2
1706292000000,99993.77,100036.12
1706292000000,99993.77,100038.29
1706292000000,99993.77,100039.37
1706292000000,99993.77,100038.29
1706292000000,99993.77,100039.37
1706292000000,99993.77,100038.29
1706292000000,99993.77,100039.37
1706292000000,99993.77,100038.29
1706292000000,99993.77,100039.37
1706292000000,99993.77,100036.12
1706292000000,99993.77,100037.2
1706292000000,99993.77,100038.29
1706292000000,99993.77,100039.38
1706292000000,99993.77,100040.46
1706292000000,99993.77,100041.55
1706292000000,99993.77,100042.63
1706292000000,99993.77,100043.72
1706292000000,99993.77,100044.81
1706292000000,99993.77,100045.89
1706292000000,99993.77,100044.81
1706292000000,99993.77,100045.89
1706292000000,99993.77,100044.81
1706292000000,99993.77,100045.89
1706292000000,99993.77,100044.81
1706292000000,99993.77,100045.89
1706292000000,99993.77,100043.72
1706292000000,99993.77,100044.81
1706292000000,99993.77,100045.9
1706292000000,99993.77,100046.98
1706292000000,99993.77,100048.07
1706292000000,99993.77,100049.15
1706292000000,99993.77,100050.24
1706292000000,99993.77,100051.33
1706292000000,99993.77,100052.41
1706292000000,99993.77,100053.5
1706292000000,99993.77,100052.41
1706292000000,99993.77,100053.5
1706292000000,99993.77,100052.41
1706292000000,99993.77,100053.5
1706292000000,99993.77,100052.41
1706292000000,99993.77,100053.5
1706292000000,99993.77,100051.33
1706292000000,99993.77,100052.41
1706292000000,99993.77,100053.5
1706292000000,99993.77,100054.59
1706292000000,99993.77,100056.76
1706292000000,99993.77,100057.84
1706292000000,99993.77,100058.93
1706292000000,99993.77,100060.02
1706292000000,99993.77,100062.19
1706292000000,99993.77,100061.1
1706292000000,99993.77,100060.02
1706292000000,99993.77,100058.93
1706292000000,99993.77,100057.84
1706292000000,99993.77,100056.76
1706292000000,99993.77,100055.67
1706292000000,99993.77,100054.59
1706292000000,99993.77,100052.41
1706292000000,99993.77,100051.33
1706292000000,99993.77,100052.41
1706292000000,99993.77,100051.33
1706292000000,99993.77,100052.41
1706292000000,99993.77,100051.33
1706292000000,99993.77,100053.5
1706292000000,99993.77,100052.41
1706292000000,99993.77,100055.67
1706292000000,99993.77,100054.59
1706292000000,99993.77,100055.67
1706292000000,99993.77,100054.59
1706292000000,99993.77,100055.67
1706292000000,99993.77,100053.5
1706292000000,99993.77,100054.59
1706292000000,99993.77,100053.5
1706292000000,99993.77,100054.59
1706292000000,99993.77,100053.5
1706292000000,99993.77,100054.59
1706292000000,99993.77,100052.41
1706292000000,99993.77,100053.5
1706292000000,99993.77,100050.24
1706292000000,99993.77,100051.33
1706292000000,99993.77,100052.41
1706292000000,99993.77,100053.5
1706292000000,99993.77,100054.58
1706292000000,99993.77,100055.67
1706292000000,99993.77,100056.76
1706292000000,99993.77,100057.84
1706292000000,99993.77,100058.93
1706292000000,99993.77,100057.84
1706292000000,99993.77,100058.93
1706292000000,99993.77,100057.84
1706292000000,99993.77,100058.93
1706292000000,99993.77,100056.76
1706292000000,99993.77,100057.84
1706292000000,99993.77,100058.93
1706292000000,99993.77,100060.01
1706292000000,99993.77,100061.1
1706292000000,99993.77,100062.19
1706292000000,99993.77,100063.27
1706292000000,99993.77,100064.36
1706292000000,99993.77,100063.27
1706292000000,99993.77,100064.36
1706292000000,99993.77,100063.28
1706292000000,99993.77,100064.36
1706292000000,99993.77,100062.19
1706292000000,99993.77,100063.27
1706292000000,99993.77,100064.36
1706292000000,99993.77,100065.45
1706292000000,99993.77,100066.53
1706292000000,99993.77,100067.62
1706292000000,99993.77,100068.71
1706292000000,99993.77,100069.79
1706292000000,99993.77,100068.71
1706292000000,99993.77,100069.79
1706292000000,99993.77,100068.71
1706292000000,99993.77,100069.79
1706292000000,99993.77,100067.62
1706292000000,99993.77,100068.71
1706292000000,99993.77,100069.79
1706292000000,99993.77,100071.97
1706292000000,99993.77,100073.05
1706292000000,99993.77,100074.14
1706292000000,99993.77,100076.31
1706292000000,99993.77,100074.14
1706292000000,99993.77,100071.97
1706292000000,99993.77,100069.79
1706292000000,99993.77,100067.62
1706292000000,99993.77,100065.45
1706292000000,99993.77,100062.19
1706292000000,99993.77,100061.11
1706292000000,99993.77,100062.19
1706292000000,99993.77,100061.11
1706292000000,99993.77,100063.28
1706292000000,99993.77,100062.19
1706292000000,99993.77,100066.54
1706292000000,99993.77,100067.62
1706292000000,99993.77,100066.54
1706292000000,99993.77,100067.63
1706292000000,99993.77,100065.46
1706292000000,99993.77,100066.54
1706292000000,99993.77,100064.37
1706292000000,99993.77,100065.46
1706292000000,99993.77,100063.28
1706292000000,99993.77,100064.37
1706292000000,99993.77,100057.85
1706292000000,99993.77,100061.11
1706292000000,99993.77,100060.03
1706292000000,99993.77,100061.11
1706292000000,99993.77,100060.03
1706292000000,99993.77,100061.11
1706292000000,99993.77,100060.03
1706292000000,99993.77,100061.11
1706292000000,99993.77,100060.03
1706292000000,99993.77,100062.2
1706292000000,99993.77,100061.11
1706292000000,99993.77,100062.2
1706292000000,99993.77,100061.11
1706292000000,99993.77,100062.2
1706292000000,99993.77,100061.11
1706292000000,99993.77,100062.2
1706292000000,99993.77,100061.11
1706292000000,99993.77,100060.03
1706292000000,99993.77,100061.11
1706292000000,99993.77,100060.03
1706292000000,99993.77,100061.12
1706292000000,99993.77,100060.03
1706292000000,99993.77,100061.12
1706292000000,99993.77,100060.03
1706292000000,99993.77,100062.2
1706292000000,99993.77,100061.11
1706292000000,99993.77,100058.94
1706292000000,99993.77,100057.85
1706292000000,99993.77,100055.68
1706292000000,99993.77,100053.51
1706292000000,99993.77,100052.42
1706292000000,99993.77,100050.25
1706292000000,99993.77,100048.08
1706292000000,99993.77,100046.99
1706292000000,99993.77,100048.08
1706292000000,99993.77,100046.99
1706292000000,99993.77,100048.08
1706292000000,99993.77,100046.99
1706292000000,99993.77,100048.08
1706292000000,99993.77,100046.99
1706292000000,99993.77,100049.16
1706292000000,99993.77,100048.08
1706292000000,99993.77,100045.9
1706292000000,99993.77,100044.82
1706292000000,99993.77,100042.65
1706292000000,99993.77,100040.47
1706292000000,99993.77,100039.39
1706292000000,99993.77,100037.21
1706292000000,99993.77,100035.04
1706292000000,99993.77,100033.96
1706292000000,99993.77,100035.04
1706292000000,99993.77,100033.96
1706292000000,99993.77,100035.04
1706292000000,99993.77,100033.95
1706292000000,99993.77,100035.04
1706292000000,99993.77,100033.95
1706292000000,99993.77,100036.13
1706292000000,99993.77,100035.04
1706292000000,99993.77,100032.87
1706292000000,99993.77,100031.78
1706292000000,99993.77,100029.61
1706292000000,99993.77,100027.44
1706292000000,99993.77,100026.35
1706292000000,99993.77,100024.18
1706292000000,99993.77,100022.01
1706292000000,99993.77,100023.09
1706292000000,99993.77,100024.18
1706292000000,99993.77,100025.27
1706292000000,99993.77,100027.44
1706292000000,99993.77,100028.52
1706292000000,99993.77,100029.61
1706292000000,99993.77,100030.7
1706292000000,99993.77,100032.87
1706292000000,99993.77,100033.95
1706292000000,99993.77,100032.87
1706292000000,99993.77,100033.95
1706292000000,99993.77,100032.87
1706292000000,99993.77,100033.95
1706292000000,99993.77,100031.78
1706292000000,99993.77,100032.87
1706292000000,99993.77,100029.61
1706292000000,99993.77,100030.7
1706292000000,99993.77,100029.61
1706292000000,99993.77,100030.7
1706292000000,99993.77,100029.61
1706292000000,99993.77,100031.78
1706292000000,99993.77,100030.7
1706292000000,99993.77,100031.78
1706292000000,99993.77,100030.7
1706292000000,99993.77,100031.78
1706292000000,99993.77,100030.7
1706292000000,99993.77,100032.87
1706292000000,99993.77,100031.78
1706292000000,99993.77,100032.87
1706292000000,99993.77,100031.78
1706292000000,99993.77,100032.87
1706292000000,99993.77,100031.78
1706292000000,99993.77,100033.95
1706292000000,99993.77,100032.87
1706292000000,99993.77,100037.21
1706292000000,99993.77,100038.3
1706292000000,99993.77,100037.21
1706292000000,99993.77,100038.3
1706292000000,99993.77,100037.21
1706292000000,99993.77,100038.3
1706292000000,99993.77,100037.21
1706292000000,99993.77,100039.38
1706292000000,99993.77,100040.47
1706292000000,99993.77,100039.39
1706292000000,99993.77,100040.47
1706292000000,99993.77,100039.39
1706292000000,99993.77,100040.47
1706292000000,99993.77,100038.3
1706292000000,99993.77,100037.21
1706292000000,99993.77,100038.3
1706292000000,99993.77,100037.21
1706292000000,99993.77,100038.3
1706292000000,99993.77,100037.21
1706292000000,99993.77,100040.47
1706292000000,99993.77,100039.39
1706292000000,99993.77,100040.47
1706292000000,99993.77,100038.3
1706292000000,99993.77,100039.39
1706292000000,99993.77,100035.04
1706292000000,99993.77,100033.96
1706292000000,99993.77,100035.04
1706292000000,99993.77,100033.96
1706292000000,99993.77,100035.04
1706292000000,99993.77,100033.96
1706292000000,99993.77,100036.13
1706292000000,99993.77,100037.22
1706292000000,99993.77,100036.13
1706292000000,99993.77,100037.22
1706292000000,99993.77,100035.04
1706292000000,99993.77,100036.13
1706292000000,99993.77,100030.7
1706292000000,99993.77,100029.61
1706292000000,99993.77,100030.7
1706292000000,99993.77,100029.61
1706292000000,99993.77,100030.7
1706292000000,99993.77,100029.61
1706292000000,99993.77,100031.79
1706292000000,99993.77,100032.87
1706292000000,99993.77,100031.79
1706292000000,99993.77,100032.87
1706292000000,99993.77,100030.7
1706292000000,99993.77,100031.79
1706292000000,99993.77,100026.36
1706292000000,99993.77,100027.44
1706292000000,99993.77,100026.35
1706292000000,99993.77,100027.44
1706292000000,99993.77,100026.36
1706292000000,99993.77,100027.44
1706292000000,99993.77,100028.53
1706292000000,99993.77,100027.44
1706292000000,99993.77,100028.53
1706292000000,99993.77,100027.44
1706292000000,99993.77,100028.53
1706292000000,99993.77,100026.36
1706292000000,99993.77,100027.44
1706292000000,99993.77,100026.35
1706292000000,99993.77,100027.44
1706292000000,99993.77,100026.36
1706292000000,99993.77,100027.44
1706292000000,99993.77,100026.35
1706292000000,99993.77,100027.44
1706292000000,99993.77,100026.36
1706292000000,99993.77,100027.44
1706292000000,99993.77,100026.36
1706292000000,99993.77,100027.44
1706292000000,99993.77,100026.36
1706292000000,99993.77,100027.44
1706292000000,99993.77,100026.35
1706292000000,99993.77,100025.27
1706292000000,99993.77,100024.18
1706292000000,99993.77,100023.1
1706292000000,99993.77,100022.01
1706292000000,99993.77,100020.92
1706292000000,99993.77,100019.84
1706292000000,99993.77,100017.67
1706292000000,99993.77,100016.58
1706292000000,99993.77,100017.67
1706292000000,99993.77,100016.58
1706292000000,99993.77,100017.67
1706292000000,99993.77,100016.58
1706292000000,99993.77,100018.75
1706292000000,99993.77,100017.67
1706292000000,99993.77,100020.92
1706292000000,99993.77,100022.01
1706292000000,99993.77,100020.93
1706292000000,99993.77,100022.01
1706292000000,99993.77,100019.84
1706292000000,99993.77,100020.93
1706292000000,99993.77,100019.84
1706292000000,99993.77,100020.93
1706292000000,99993.77,100015.49
1706292000000,99993.77,100016.58
1706292000000,99993.77,100018.75
1706292000000,99993.77,100019.84
1706292000000,99993.77,100022.01
1706292000000,99993.77,100023.1
1706292000000,99993.77,100025.27
1706292000000,99993.77,100026.36
1706292000000,99993.77,100028.53
1706292000000,99993.77,100029.61
1706292000000,99993.77,100028.53
1706292000000,99993.77,100029.61
1706292000000,99993.77,100028.53
1706292000000,99993.77,100029.61
1706292000000,99993.77,100028.53
1706292000000,99993.77,100029.61
1706292000000,99993.77,100027.44
1706292000000,99993.77,100028.53
1706292000000,99993.77,100030.7
1706292000000,99993.77,100031.79
1706292000000,99993.77,100033.96
1706292000000,99993.77,100035.04
1706292000000,99993.77,100037.22
1706292000000,99993.77,100038.3
1706292000000,99993.77,100040.47
1706292000000,99993.77,100041.56
1706292000000,99993.77,100040.47
1706292000000,99993.77,100041.56
1706292000000,99993.77,100040.47
1706292000000,99993.77,100041.56
1706292000000,99993.77,100040.47
1706292000000,99993.77,100041.56
1706292000000,99993.77,100039.38
1706292000000,99993.77,100040.47
1706292000000,99993.77,100042.64
1706292000000,99993.77,100043.73
1706292000000,99993.77,100045.9
1706292000000,99993.77,100048.07
1706292000000,99993.77,100049.16
1706292000000,99993.77,100051.33
1706292000000,99993.77,100053.5
1706292000000,99993.77,100052.42
1706292000000,99993.77,100053.51
1706292000000,99993.77,100051.33
1706292000000,99993.77,100052.42
1706292000000,99993.77,100050.25
1706292000000,99993.77,100051.33
1706292000000,99993.77,100046.99
1706292000000,99993.77,100045.9
1706292000000,99993.77,100046.99
1706292000000,99993.77,100045.9
1706292000000,99993.77,100046.99
1706292000000,99993.77,100045.9
1706292000000,99993.77,100046.99
1706292000000,99993.77,100045.9
1706292000000,99993.77,100049.16
1706292000000,99993.77,100050.25
1706292000000,99993.77,100049.16
1706292000000,99993.77,100050.25
1706292000000,99993.77,100049.16
1706292000000,99993.77,100050.25
1706292000000,99993.77,100049.16
1706292000000,99993.77,100050.25
1706292000000,99993.77,100048.07
1706292000000,99993.77,100049.16
1706292000000,99993.77,100048.07
1706292000000,99993.77,100049.16
1706292000000,99993.77,100044.82
1706292000000,99993.77,100042.65
1706292000000,99993.77,100041.56
1706292000000,99993.77,100040.47
1706292000000,99993.77,100039.39
1706292000000,99993.77,100037.22
1706292000000,99993.77,100036.13
1706292000000,99993.77,100035.04
1706292000000,99993.77,100033.96
1706292000000,99993.77,100031.79
1706292000000,99993.77,100030.7
1706292000000,99993.77,100031.79
1706292000000,99993.77,100030.7
1706292000000,99993.77,100031.79
1706292000000,99993.77,100030.7
1706292000000,99993.77,100032.87
1706292000000,99993.77,100031.79
1706292000000,99993.77,100035.04
1706292000000,99993.77,100036.13
1706292000000,99993.77,100035.04
1706292000000,99993.77,100036.13
1706292000000,99993.77,100033.96
1706292000000,99993.77,100035.05
1706292000000,99993.77,100032.87
1706292000000,99993.77,100033.96
1706292000000,99993.77,100028.53
1706292000000,99993.77,100029.61
1706292000000,99993.77,100030.7
1706292000000,99993.77,100031.79
1706292000000,99993.77,100032.87
1706292000000,99993.77,100033.96
1706292000000,99993.77,100035.05
1706292000000,99993.77,100036.13
1706292000000,99993.77,100037.22
1706292000000,99993.77,100038.3
1706292000000,99993.77,100037.22
1706292000000,99993.77,100038.3
1706292000000,99993.77,100037.22
1706292000000,99993.77,100038.3
1706292000000,99993.77,100037.22
1706292000000,99993.77,100038.3
1706292000000,99993.77,100036.13
1706292000000,99993.77,100037.22
1706292000000,99993.77,100038.3
1706292000000,99993.77,100039.39
1706292000000,99993.77,100040.47
1706292000000,99993.77,100041.56
1706292000000,99993.77,100042.65
1706292000000,99993.77,100043.73
1706292000000,99993.77,100044.82
1706292000000,99993.77,100045.9
1706292000000,99993.77,100044.82
1706292000000,99993.77,100045.9
1706292000000,99993.77,100044.82
1706292000000,99993.77,100045.9
1706292000000,99993.77,100044.82
1706292000000,99993.77,100045.9
1706292000000,99993.77,100043.73
1706292000000,99993.77,100044.82
1706292000000,99993.77,100045.9
1706292000000,99993.77,100046.99
1706292000000,99993.77,100048.08
1706292000000,99993.77,100049.16
1706292000000,99993.77,100050.25
1706292000000,99993.77,100051.33
1706292000000,99993.77,100052.42
1706292000000,99993.77,100051.33
1706292000000,99993.77,100052.42
1706292000000,99993.77,100051.33
1706292000000,99993.77,100052.42
1706292000000,99993.77,100051.33
1706292000000,99993.77,100052.42
1706292000000,99993.77,100050.25
1706292000000,99993.77,100049.16
1706292000000,99993.77,100050.25
1706292000000,99993.77,100049.16
1706292000000,99993.77,100050.25
1706292000000,99993.77,100049.16
1706292000000,99993.77,100050.24
1706292000000,99993.77,100049.16
1706292000000,99993.77,100051.33
1706292000000,99993.77,100050.24
1706292000000,99993.77,100051.33
1706292000000,99993.77,100050.25
1706292000000,99993.77,100051.33
1706292000000,99993.77,100050.24
1706292000000,99993.77,100051.33
1706292000000,99993.77,100050.24
1706292000000,99993.77,100051.33
1706292000000,99993.77,100050.24
1706292000000,99993.77,100051.33
1706292000000,99993.77,100050.24
1706292000000,99993.77,100051.33
1706292000000,99993.77,100050.24
1706292000000,99993.77,100051.33
1706292000000,99993.77,100050.24
1706292000000,99993.77,100051.33
1706292000000,99993.77,100050.24
1706292000000,99993.77,100051.33
1706292000000,99993.77,100050.25
1706292000000,99993.77,100051.33
1706292000000,99993.77,100050.25
1706292000000,99993.77,100051.33
1706292000000,99993.77,100050.25
1706292000000,99993.77,100051.33
1706292000000,99993.77,100050.25
1706292000000,99993.77,100053.5
1706292000000,99993.77,100054.59
1706292000000,99993.77,100053.5
1706292000000,99993.77,100054.59
1706292000000,99993.77,100053.5
1706292000000,99993.77,100054.59
1706292000000,99993.77,100052.42
1706292000000,99993.77,100051.33
1706292000000,99993.77,100052.42
1706292000000,99993.77,100051.33
1706292000000,99993.77,100052.42
1706292000000,99993.77,100051.33
1706292000000,99993.77,100054.59
1706292000000,99993.77,100053.51
1706292000000,99993.77,100054.59
1706292000000,99993.77,100052.42
1706292000000,99993.77,100053.51
1706292000000,99993.77,100050.25
1706292000000,99993.77,100049.16
1706292000000,99993.77,100050.25
1706292000000,99993.77,100049.16
1706292000000,99993.77,100050.25
1706292000000,99993.77,100049.16
1706292000000,99993.77,100051.33
1706292000000,99993.77,100052.42
1706292000000,99993.77,100051.33
1706292000000,99993.77,100052.42
1706292000000,99993.77,100050.25
1706292000000,99993.77,100051.33
1706292000000,99993.77,100046.99
1706292000000,99993.77,100045.9
1706292000000,99993.77,100046.99
1706292000000,99993.77,100045.9
1706292000000,99993.77,100046.99
1706292000000,99993.77,100045.9
1706292000000,99993.77,100048.08
1706292000000,99993.77,100046.99
1706292000000,99993.77,100045.9
1706292000000,99993.77,100044.82
1706292000000,99993.77,100043.73
1706292000000,99993.77,100042.65
1706292000000,99993.77,100041.56
1706292000000,99993.77,100042.65
1706292000000,99993.77,100041.56
1706292000000,99993.77,100043.73
1706292000000,99993.77,100042.65
1706292000000,99993.77,100046.99
1706292000000,99993.77,100048.08
1706292000000,99993.77,100046.99
1706292000000,99993.77,100048.08
1706292000000,99993.77,100046.99
1706292000000,99993.77,100048.08
1706292000000,99993.77,100044.82
1706292000000,99993.77,100045.9
1706292000000,99993.77,100044.82
1706292000000,99993.77,100045.9
1706292000000,99993.77,100044.82
1706292000000,99993.77,100045.91
1706292000000,99993.77,100044.82
1706292000000,99993.77,100046.99
1706292000000,99993.77,100045.9
1706292000000,99993.77,100046.99
1706292000000,99993.77,100045.91
1706292000000,99993.77,100046.99
1706292000000,99993.77,100045.91
1706292000000,99993.77,100046.99
1706292000000,99993.77,100045.91
1706292000000,99993.77,100049.16
1706292000000,99993.77,100048.08
1706292000000,99993.77,100049.16
1706292000000,99993.77,100048.08
1706292000000,99993.77,100049.16
1706292000000,99993.77,100048.08
1706292000000,99993.77,100049.16
1706292000000,99993.77,100046.99
1706292000000,99993.77,100048.08
1706292000000,99993.77,100046.99
1706292000000,99993.77,100048.08
1706292000000,99993.77,100046.99
1706292000000,99993.77,100048.08
1706292000000,99993.77,100046.99
1706292000000,99993.77,100048.08
1706292000000,99993.77,100046.99
1706292000000,99993.77,100048.08
1706292000000,99993.77,100046.99
1706292000000,99993.77,100048.08
1706292000000,99993.77,100046.99
1706292000000,99993.77,100048.08
1706292000000,99993.77,100046.99
1706292000000,99993.77,100048.08
1706292000000,99993.77,100049.17
1706292000000,99993.77,100050.25
1706292000000,99993.77,100051.34
1706292000000,99993.77,100052.43
1706292000000,99993.77,100053.51
1706292000000,99993.77,100055.68
1706292000000,99993.77,100054.6
1706292000000,99993.77,100055.68
1706292000000,99993.77,100054.6
1706292000000,99993.77,100055.68
1706292000000,99993.77,100054.6
1706292000000,99993.77,100055.68
1706292000000,99993.77,100054.6
1706292000000,99993.77,100055.69
1706292000000,99993.77,100056.77
1706292000000,99993.77,100057.86
1706292000000,99993.77,100058.94
1706292000000,99993.77,100060.03
1706292000000,99993.77,100061.11
1706292000000,99993.77,100063.29
1706292000000,99993.77,100062.2
1706292000000,99993.77,100063.29
1706292000000,99993.77,100062.2
1706292000000,99993.77,100063.29
1706292000000,99993.77,100062.21
1706292000000,99993.77,100063.29
1706292000000,99993.77,100062.2
1706292000000,99993.77,100063.29
1706292000000,99993.77,100064.38
1706292000000,99993.77,100065.46
1706292000000,99993.77,100067.64
1706292000000,99993.77,100068.72
1706292000000,99993.77,100069.81
1706292000000,99993.77,100071.98
1706292000000,99993.77,100070.89
1706292000000,99993.77,100069.81
1706292000000,99993.77,100068.72
1706292000000,99993.77,100067.64
1706292000000,99993.77,100066.55
1706292000000,99993.77,100065.46
1706292000000,99993.77,100064.38
1706292000000,99993.77,100065.46
1706292000000,99993.77,100064.38
1706292000000,99993.77,100065.46
1706292000000,99993.77,100064.38
1706292000000,99993.77,100065.46
1706292000000,99993.77,100064.38
1706292000000,99993.77,100066.55
1706292000000,99993.77,100067.64
1706292000000,99993.77,100066.55
1706292000000,99993.77,100067.64
1706292000000,99993.77,100066.55
1706292000000,99993.77,100067.64
1706292000000,99993.77,100065.46
1706292000000,99993.77,100066.55
1706292000000,99993.77,100065.46
1706292000000,99993.77,100066.55
1706292000000,99993.77,100062.2
1706292000000,99993.77,100063.29
1706292000000,99993.77,100064.38
1706292000000,99993.77,100063.29
1706292000000,99993.77,100064.37
1706292000000,99993.77,100063.29
1706292000000,99993.77,100065.46
1706292000000,99993.77,100064.37
1706292000000,99993.77,100066.54
1706292000000,99993.77,100065.46
1706292000000,99993.77,100066.54
1706292000000,99993.77,100065.46
1706292000000,99993.77,100066.54
1706292000000,99993.77,100065.46
1706292000000,99993.77,100066.55
1706292000000,99993.77,100065.46
1706292000000,99993.77,100066.54
1706292000000,99993.77,100065.46
1706292000000,99993.77,100066.54
1706292000000,99993.77,100065.46
1706292000000,99993.77,100067.63
1706292000000,99993.77,100066.54
1706292000000,99993.77,100068.71
1706292000000,99993.77,100067.63
1706292000000,99993.77,100068.71
1706292000000,99993.77,100066.54
1706292000000,99993.77,100067.63
1706292000000,99993.77,100065.46
1706292000000,99993.77,100066.54
1706292000000,99993.77,100063.28
1706292000000,99993.77,100064.37
1706292000000,99993.77,100063.28
1706292000000,99993.77,100064.37
1706292000000,99993.77,100063.28
1706292000000,99993.77,100064.37
1706292000000,99993.77,100063.28
1706292000000,99993.77,100064.37
1706292000000,99993.77,100063.28
1706292000000,99993.77,100064.37
1706292000000,99993.77,100062.2
1706292000000,99993.77,100063.28
1706292000000,99993.77,100061.11
1706292000000,99993.77,100062.19
1706292000000,99993.77,100058.94
1706292000000,99993.77,100060.02
1706292000000,99993.77,100058.94
1706292000000,99993.77,100060.02
1706292000000,99993.77,100058.93
1706292000000,99993.77,100060.02
1706292000000,99993.77,100058.93
1706292000000,99993.77,100060.02
1706292000000,99993.77,100058.93
1706292000000,99993.77,100060.02
1706292000000,99993.77,100057.85
1706292000000,99993.77,100058.93
1706292000000,99993.77,100056.76
1706292000000,99993.77,100057.85
1706292000000,99993.77,100053.5
1706292000000,99993.77,100054.59
1706292000000,99993.77,100053.5
1706292000000,99993.77,100054.59
1706292000000,99993.77,100053.5
1706292000000,99993.77,100055.67
1706292000000,99993.77,100054.59
1706292000000,99993.77,100056.76
1706292000000,99993.77,100055.67
1706292000000,99993.77,100056.76
1706292000000,99993.77,100055.67
1706292000000,99993.77,100056.76
1706292000000,99993.77,100055.67
1706292000000,99993.77,100056.76
1706292000000,99993.77,100055.67
1706292000000,99993.77,100054.59
1706292000000,99993.77,100055.67
1706292000000,99993.77,100054.59
1706292000000,99993.77,100055.67
1706292000000,99993.77,100054.59
1706292000000,99993.77,100055.67
1706292000000,99993.77,100054.59
1706292000000,99993.77,100056.76
1706292000000,99993.77,100055.67
1706292000000,99993.77,100056.76
1706292000000,99993.77,100055.67
1706292000000,99993.77,100058.93
1706292000000,99993.77,100057.85
1706292000000,99993.77,100058.93
1706292000000,99993.77,100057.85
1706292000000,99993.77,100060.02
1706292000000,99993.77,100058.94
1706292000000,99993.77,100064.37
1706292000000,99993.77,100065.45
1706292000000,99993.77,100064.37
1706292000000,99993.77,100065.45
1706292000000,99993.77,100064.36
1706292000000,99993.77,100065.45
1706292000000,99993.77,100062.19
1706292000000,99993.77,100061.11
1706292000000,99993.77,100062.19
1706292000000,99993.77,100061.11
1706292000000,99993.77,100063.28
1706292000000,99993.77,100062.19
1706292000000,99993.77,100066.54
1706292000000,99993.77,100065.45
1706292000000,99993.77,100064.37
1706292000000,99993.77,100063.28
1706292000000,99993.77,100062.19
1706292000000,99993.77,100061.11
1706292000000,99993.77,100058.93
1706292000000,99993.77,100057.85
1706292000000,99993.77,100058.94
1706292000000,99993.77,100057.85
1706292000000,99993.77,100058.93
1706292000000,99993.77,100057.85
1706292000000,99993.77,100060.02
1706292000000,99993.77,100058.94
1706292000000,99993.77,100057.85
1706292000000,99993.77,100056.76
1706292000000,99993.77,100055.68
1706292000000,99993.77,100054.59
1706292000000,99993.77,100052.42
1706292000000,99993.77,100051.33
1706292000000,99993.77,100052.42
1706292000000,99993.77,100051.33
1706292000000,99993.77,100052.42
1706292000000,99993.77,100051.33
1706292000000,99993.77,100053.5
1706292000000,99993.77,100052.42
1706292000000,99993.77,100050.25
1706292000000,99993.77,100049.16
1706292000000,99993.77,100046.99
1706292000000,99993.77,100045.9
1706292000000,99993.77,100043.73
1706292000000,99993.77,100044.82
1706292000000,99993.77,100045.9
1706292000000,99993.77,100046.99
1706292000000,99993.77,100048.07
1706292000000,99993.77,100049.16
1706292000000,99993.77,100050.24
1706292000000,99993.77,100051.33
1706292000000,99993.77,100050.24
1706292000000,99993.77,100051.33
1706292000000,99993.77,100050.24
1706292000000,99993.77,100051.33
1706292000000,99993.77,100048.07
1706292000000,99993.77,100046.99
1706292000000,99993.77,100048.07
1706292000000,99993.77,100046.99
1706292000000,99993.77,100048.07
1706292000000,99993.77,100046.99
1706292000000,99993.77,100049.16
1706292000000,99993.77,100048.07
1706292000000,99993.77,100049.16
1706292000000,99993.77,100048.07
1706292000000,99993.77,100052.41
1706292000000,99993.77,100053.5
1706292000000,99993.77,100055.67
1706292000000,99993.77,100057.85
1706292000000,99993.77,100056.76
1706292000000,99993.77,100057.85
1706292000000,99993.77,100055.68
1706292000000,99993.77,100056.76
1706292000000,99993.77,100057.84
1706292000000,99993.77,100060.02
1706292000000,99993.77,100057.84
1706292000000,99993.77,100054.59
1706292000000,99993.77,100051.33
1706292000000,99993.77,100052.42
1706292000000,99993.77,100051.33
1706292000000,99993.77,100052.42
1706292000000,99993.77,100050.24
1706292000000,99993.77,100046.99
1706292000000,99993.77,100043.73
1706292000000,99993.77,100044.82
1706292000000,99993.77,100043.73
1706292000000,99993.77,100044.82
1706292000000,99993.77,100041.56
1706292000000,99993.77,100038.3
1706292000000,99993.77,100035.04
1706292000000,99993.77,100036.13
1706292000000,99993.77,100035.04
1706292000000,99993.77,100037.22
1706292000000,99993.77,100036.13
1706292000000,99993.77,100037.21
1706292000000,99993.77,100036.13
1706292000000,99993.77,100037.21
1706292000000,99993.77,100036.13
1706292000000,99993.77,100037.21
1706292000000,99993.77,100036.13
1706292000000,99993.77,100037.21
1706292000000,99993.77,100036.13
1706292000000,99993.77,100037.21
1706292000000,99993.77,100036.13
1706292000000,99993.77,100038.3
1706292000000,99993.77,100036.13
1706292000000,99993.77,100033.96
1706292000000,99993.77,100031.78
1706292000000,99993.77,100028.52
1706292000000,99993.77,100027.44
1706292000000,99993.77,100028.52
1706292000000,99993.77,100027.44
1706292000000,99993.77,100031.78
1706292000000,99993.77,100030.7
1706292000000,99993.77,100029.61
1706292000000,99993.77,100028.53
1706292000000,99993.77,100026.35
1706292000000,99993.77,100027.44
1706292000000,99993.77,100029.61
1706292000000,99993.77,100030.7
1706292000000,99993.77,100032.87
1706292000000,99993.77,100033.96
1706292000000,99993.77,100032.87
1706292000000,99993.77,100033.96
1706292000000,99993.77,100031.78
1706292000000,99993.77,100032.87
1706292000000,99993.77,100035.04
1706292000000,99993.77,100036.13
1706292000000,99993.77,100038.3
1706292000000,99993.77,100039.39
1706292000000,99993.77,100038.3
1706292000000,99993.77,100039.39
1706292000000,99993.77,100037.22
1706292000000,99993.77,100038.3
1706292000000,99993.77,100040.48
1706292000000,99993.77,100042.65
1706292000000,99993.77,100044.82
1706292000000,99993.77,100043.74
1706292000000,99993.77,100042.65
1706292000000,99993.77,100041.56
1706292000000,99993.77,100040.48
1706292000000,99993.77,100039.39
1706292000000,99993.77,100040.47
1706292000000,99993.77,100039.39
1706292000000,99993.77,100041.56
1706292000000,99993.77,100040.47
1706292000000,99993.77,100041.56
1706292000000,99993.77,100040.48
1706292000000,99993.77,100041.56
1706292000000,99993.77,100040.48
1706292000000,99993.77,100041.56
1706292000000,99993.77,100040.48
1706292000000,99993.77,100041.56
1706292000000,99993.77,100039.39
1706292000000,99993.77,100040.47
1706292000000,99993.77,100041.56
1706292000000,99993.77,100042.65
1706292000000,99993.77,100043.73
1706292000000,99993.77,100044.82
1706292000000,99993.77,100046.99
1706292000000,99993.77,100045.91
1706292000000,99993.77,100046.99
1706292000000,99993.77,100045.91
1706292000000,99993.77,100046.99
1706292000000,99993.77,100044.82
1706292000000,99993.77,100045.91
1706292000000,99993.77,100044.82
1706292000000,99993.77,100046.99
1706292000000,99993.77,100045.91
1706292000000,99993.77,100049.17
1706292000000,99993.77,100048.08
1706292000000,99993.77,100045.91
1706292000000,99993.77,100044.82
1706292000000,99993.77,100042.65
1706292000000,99993.77,100040.47
1706292000000,99993.77,100041.56
1706292000000,99993.77,100040.47
1706292000000,99993.77,100041.56
1706292000000,99993.77,100040.47
1706292000000,99993.77,100041.56
1706292000000,99993.77,100040.47
1706292000000,99993.77,100038.3
1706292000000,99993.77,100037.21
1706292000000,99993.77,100035.04
1706292000000,99993.77,100032.87
1706292000000,99993.77,100033.95
1706292000000,99993.77,100032.87
1706292000000,99993.77,100033.95
1706292000000,99993.77,100032.87
1706292000000,99993.77,100033.96
1706292000000,99993.77,100032.87
1706292000000,99993.77,100030.7
1706292000000,99993.77,100028.52
1706292000000,99993.77,100026.35
1706292000000,99993.77,100024.18
1706292000000,99993.77,100025.26
1706292000000,99993.77,100026.35
1706292000000,99993.77,100027.44
1706292000000,99993.77,100028.52
1706292000000,99993.77,100030.7
1706292000000,99993.77,100029.61
1706292000000,99993.77,100030.7
1706292000000,99993.77,100029.61
1706292000000,99993.77,100030.7
1706292000000,99993.77,100028.52
1706292000000,99993.77,100029.61
1706292000000,99993.77,100028.52
1706292000000,99993.77,100029.61
1706292000000,99993.77,100028.52
1706292000000,99993.77,100030.69
1706292000000,99993.77,100029.61
1706292000000,99993.77,100030.69
1706292000000,99993.77,100029.61
1706292000000,99993.77,100031.78
1706292000000,99993.77,100030.69
1706292000000,99993.77,100033.95
1706292000000,99993.77,100032.86
1706292000000,99993.77,100033.95
1706292000000,99993.77,100032.86
1706292000000,99993.77,100037.21
1706292000000,99993.77,100038.29
1706292000000,99993.77,100037.21
1706292000000,99993.77,100038.29
1706292000000,99993.77,100036.12
1706292000000,99993.77,100035.04
1706292000000,99993.77,100036.12
1706292000000,99993.77,100035.04
1706292000000,99993.77,100039.38
1706292000000,99993.77,100036.12
1706292000000,99993.77,100032.86
1706292000000,99993.77,100029.6
1706292000000,99993.77,100025.26
1706292000000,99993.77,100024.18
1706292000000,99993.77,100025.26
1706292000000,99993.77,100024.17
1706292000000,99993.77,100026.35
1706292000000,99993.77,100023.09
1706292000000,99993.77,100019.83
1706292000000,99993.77,100016.57
1706292000000,99993.77,100012.23
1706292000000,99993.77,100011.14
1706292000000,99993.77,100012.23
1706292000000,99993.77,100011.14
1706292000000,99993.77,100013.31
1706292000000,99993.77,100010.06
1706292000000,99993.77,100006.8
1706292000000,99993.77,100003.54
1706292000000,99993.77,99999.2
1706292000000,99993.77,100000.29
1706292000000,99993.77,100001.37
1706292000000,99993.77,100002.46
1706292000000,99993.77,100003.54
1706292000000,99993.77,100004.63
1706292000000,99993.77,100003.54
1706292000000,99993.77,100004.63
1706292000000,99993.77,100002.46
1706292000000,99993.77,100003.54
1706292000000,99993.77,100002.46
1706292000000,99993.77,100003.54
1706292000000,99993.77,100002.46
1706292000000,99993.77,100004.63
1706292000000,99993.77,100003.54
1706292000000,99993.77,100005.71
1706292000000,99993.77,100003.54
1706292000000,99993.77,100001.37
1706292000000,99993.77,99999.2
1706292000000,99993.77,99995.94
1706292000000,99993.77,99994.86
1706292000000,99993.77,99995.94
1706292000000,99993.77,99994.86
1706292000000,99993.77,99999.2
1706292000000,99993.77,99998.11
1706292000000,99993.77,99995.94
1706292000000,99993.77,99994.86
1706292000000,99993.77,99992.68
1706292000000,99993.77,99993.77
1706292000000,99993.77,99995.94
1706292000000,99993.77,99997.03
1706292000000,99993.77,99999.2
1706292000000,99993.77,100000.29
1706292000000,99993.77,99999.2
1706292000000,99993.77,100000.29
1706292000000,99993.77,99998.11
1706292000000,99993.77,99999.2
1706292000000,99993.77,100001.37
1706292000000,99993.77,100002.46
1706292000000,99993.77,100004.63
1706292000000,99993.77,100005.71
1706292000000,99993.77,100004.63
1706292000000,99993.77,100005.71
1706292000000,99993.77,100003.54
1706292000000,99993.77,100005.71
1706292000000,99993.77,100007.89
1706292000000,99993.77,100010.06
1706292000000,99993.77,100012.23
1706292000000,99993.77,100011.14
1706292000000,99993.77,100012.23
1706292000000,99993.77,100008.97
1706292000000,99993.77,100007.89
1706292000000,99993.77,100008.97
1706292000000,99993.77,100007.89
1706292000000,99993.77,100010.06
1706292000000,99993.77,100011.14
1706292000000,99993.77,100010.06
1706292000000,99993.77,100011.14
1706292000000,99993.77,100010.06
1706292000000,99993.77,100011.14
1706292000000,99993.77,100010.06
1706292000000,99993.77,100011.14
1706292000000,99993.77,100010.06
1706292000000,99993.77,100011.14
1706292000000,99993.77,100010.06
1706292000000,99993.77,100011.14
1706292000000,99993.77,100010.06
1706292000000,99993.77,100011.14
1706292000000,99993.77,100008.97
1706292000000,99993.77,100007.89
1706292000000,99993.77,100008.97
1706292000000,99993.77,100007.89
1706292000000,99993.77,100008.97
1706292000000,99993.77,100006.8
1706292000000,99993.77,100007.89
1706292000000,99993.77,100002.46
1706292000000,99993.77,100001.37
1706292000000,99993.77,100002.46
1706292000000,99993.77,100001.37
1706292000000,99993.77,100002.46
1706292000000,99993.77,100001.37
1706292000000,99993.77,100004.63
1706292000000,99993.77,100005.71
1706292000000,99993.77,100004.63
1706292000000,99993.77,100005.71
1706292000000,99993.77,100003.54
1706292000000,99993.77,100004.63
1706292000000,99993.77,100001.37
1706292000000,99993.77,100002.46
1706292000000,99993.77,100003.54
1706292000000,99993.77,100004.63
1706292000000,99993.77,100005.71
1706292000000,99993.77,100006.8
1706292000000,99993.77,100008.97
1706292000000,99993.77,100010.06
1706292000000,99993.77,100008.97
1706292000000,99993.77,100010.06
1706292000000,99993.77,100008.97
1706292000000,99993.77,100010.06
1706292000000,99993.77,100007.89
1706292000000,99993.77,100008.97
1706292000000,99993.77,100010.06
1706292000000,99993.77,100011.14
1706292000000,99993.77,100012.23
1706292000000,99993.77,100013.32
1706292000000,99993.77,100015.49
1706292000000,99993.77,100016.57
1706292000000,99993.77,100015.49
1706292000000,99993.77,100016.57
1706292000000,99993.77,100015.49
1706292000000,99993.77,100016.57
1706292000000,99993.77,100014.4
1706292000000,99993.77,100015.49
1706292000000,99993.77,100016.57
1706292000000,99993.77,100017.66
1706292000000,99993.77,100018.74
1706292000000,99993.77,100019.83
1706292000000,99993.77,100022.0
1706292000000,99993.77,100020.91
1706292000000,99993.77,100019.83
1706292000000,99993.77,100018.74
1706292000000,99993.77,100017.66
1706292000000,99993.77,100016.57
1706292000000,99993.77,100015.49
1706292000000,99993.77,100014.4
1706292000000,99993.77,100015.49
1706292000000,99993.77,100014.4
1706292000000,99993.77,100015.49
1706292000000,99993.77,100014.4
1706292000000,99993.77,100017.66
1706292000000,99993.77,100016.57
1706292000000,99993.77,100017.66
1706292000000,99993.77,100016.57
1706292000000,99993.77,100017.66
1706292000000,99993.77,100016.57
1706292000000,99993.77,100017.66
1706292000000,99993.77,100016.57
1706292000000,99993.77,100017.66
1706292000000,99993.77,100015.49
1706292000000,99993.77,100016.57
1706292000000,99993.77,100015.49
1706292000000,99993.77,100016.57
1706292000000,99993.77,100014.4
1706292000000,99993.77,100015.49
1706292000000,99993.77,100014.4
1706292000000,99993.77,100015.49
1706292000000,99993.77,100014.4
1706292000000,99993.77,100015.49
1706292000000,99993.77,100014.4
1706292000000,99993.77,100016.57
1706292000000,99993.77,100015.48
1706292000000,99993.77,100016.57
1706292000000,99993.77,100015.48
1706292000000,99993.77,100016.57
1706292000000,99993.77,100015.48
1706292000000,99993.77,100016.57
1706292000000,99993.77,100015.49
1706292000000,99993.77,100016.57
1706292000000,99993.77,100015.49
1706292000000,99993.77,100016.57
1706292000000,99993.77,100015.49
1706292000000,99993.77,100016.57
1706292000000,99993.77,100015.49
1706292000000,99993.77,100017.66
1706292000000,99993.77,100016.57
1706292000000,99993.77,100015.49
1706292000000,99993.77,100014.4
1706292000000,99993.77,100012.23
1706292000000,99993.77,100011.14
1706292000000,99993.77,100010.06
1706292000000,99993.77,100007.89
1706292000000,99993.77,100008.97
1706292000000,99993.77,100007.89
1706292000000,99993.77,100008.97
1706292000000,99993.77,100007.89
1706292000000,99993.77,100008.97
1706292000000,99993.77,100007.89
1706292000000,99993.77,100008.97
1706292000000,99993.77,100007.89
1706292000000,99993.77,100006.8
1706292000000,99993.77,100005.71
1706292000000,99993.77,100003.54
1706292000000,99993.77,100002.46
1706292000000,99993.77,100001.37
1706292000000,99993.77,99999.2
1706292000000,99993.77,100000.29
1706292000000,99993.77,99999.2
1706292000000,99993.77,100000.29
1706292000000,99993.77,99999.2
1706292000000,99993.77,100000.29
1706292000000,99993.77,99999.2
1706292000000,99993.77,100000.29
1706292000000,99993.77,99999.2
1706292000000,99993.77,99998.11
1706292000000,99993.77,99997.03
1706292000000,99993.77,99994.86
1706292000000,99993.77,99993.77
1706292000000,99993.77,99992.68
1706292000000,99993.77,99990.51
1706292000000,99993.77,99991.6
1706292000000,99993.77,99990.51
1706292000000,99993.77,99991.6
1706292000000,99993.77,99990.51
1706292000000,99993.77,99992.68
1706292000000,99993.77,99991.6
1706292000000,99993.77,99993.77
1706292000000,99993.77,99992.68
1706292000000,99993.77,99993.77
1706292000000,99993.77,99992.68
1706292000000,99993.77,99993.77
1706292000000,99993.77,99992.68
1706292000000,99993.77,99993.77
1706292000000,99993.77,99992.68
1706292000000,99993.77,99991.6
1706292000000,99993.77,99992.68
1706292000000,99993.77,99991.6
1706292000000,99993.77,99992.68
1706292000000,99993.77,99991.6
1706292000000,99993.77,99992.68
1706292000000,99993.77,99991.6
1706292000000,99993.77,99992.68
1706292000000,99993.77,99991.6
1706292000000,99993.77,99992.68
1706292000000,99993.77,99991.6
1706292000000,99993.77,99992.68
1706292000000,99993.77,99991.6
1706292000000,99993.77,99994.86
1706292000000,99993.77,99993.77
1706292000000,99993.77,99992.68
1706292000000,99993.77,99991.6
1706292000000,99993.77,99990.51
1706292000000,99993.77,99989.43
1706292000000,99993.77,99988.34
1706292000000,99993.77,99989.43
1706292000000,99993.77,99988.34
1706292000000,99993.77,99989.43
1706292000000,99993.77,99988.34
1706292000000,99993.77,99990.51
1706292000000,99993.77,99989.43
1706292000000,99993.77,99990.51
1706292000000,99993.77,99988.34
1706292000000,99993.77,99989.43
1706292000000,99993.77,99987.25
1706292000000,99993.77,99989.43
1706292000000,99993.77,99991.6
1706292000000,99993.77,99993.77
1706292000000,99993.77,99995.94
1706292000000,99993.77,99998.11
1706292000000,99993.77,99997.03
1706292000000,99993.77,99998.11
1706292000000,99993.77,99997.03
1706292000000,99993.77,99998.11
1706292000000,99993.77,99997.03
1706292000000,99993.77,99999.2
1706292000000,99993.77,100001.37
1706292000000,99993.77,100003.54
1706292000000,99993.77,100005.72
1706292000000,99993.77,100007.89
1706292000000,99993.77,100006.8
1706292000000,99993.77,100007.89
1706292000000,99993.77,100006.8
1706292000000,99993.77,100007.89
1706292000000,99993.77,100006.8
1706292000000,99993.77,100008.97
1706292000000,99993.77,100011.15
1706292000000,99993.77,100013.32
1706292000000,99993.77,100015.49
1706292000000,99993.77,100017.66
1706292000000,99993.77,100015.49
1706292000000,99993.77,100012.23
1706292000000,99993.77,100008.97
1706292000000,99993.77,100005.72
1706292000000,99993.77,100002.46
1706292000000,99993.77,100003.54
1706292000000,99993.77,100004.63
1706292000000,99993.77,100005.72
1706292000000,99993.77,100006.8
1706292000000,99993.77,100007.89
1706292000000,99993.77,100006.8
1706292000000,99993.77,100007.89
1706292000000,99993.77,100005.72
1706292000000,99993.77,100006.8
1706292000000,99993.77,100004.63
1706292000000,99993.77,100005.72
1706292000000,99993.77,100004.63
1706292000000,99993.77,100005.72
1706292000000,99993.77,100003.54
1706292000000,99993.77,100004.63
1706292000000,99993.77,100002.46
1706292000000,99993.77,100003.54
1706292000000,99993.77,99998.11
1706292000000,99993.77,99999.2
1706292000000,99993.77,99998.11
1706292000000,99993.77,99999.2
1706292000000,99993.77,99995.94
1706292000000,99993.77,99997.03
1706292000000,99993.77,99995.94
1706292000000,99993.77,99997.03
1706292000000,99993.77,99998.11
1706292000000,99993.77,99997.03
1706292000000,99993.77,99998.11
1706292000000,99993.77,99995.94
1706292000000,99993.77,99997.03
1706292000000,99993.77,99998.11
1706292000000,99993.77,99999.2
1706292000000,99993.77,100001.37
1706292000000,99993.77,100002.46
1706292000000,99993.77,100001.37
1706292000000,99993.77,100002.46
1706292000000,99993.77,100000.29
1706292000000,99993.77,100001.37
1706292000000,99993.77,100002.46
1706292000000,99993.77,100003.54
1706292000000,99993.77,100005.72
1706292000000,99993.77,100006.8
1706292000000,99993.77,100005.72
1706292000000,99993.77,100006.8
1706292000000,99993.77,100004.63
1706292000000,99993.77,100005.72
1706292000000,99993.77,100007.89
1706292000000,99993.77,100010.06
1706292000000,99993.77,100012.23
1706292000000,99993.77,100011.15
1706292000000,99993.77,100008.97
1706292000000,99993.77,100006.8
1706292000000,99993.77,100004.63
1706292000000,99993.77,100003.54
1706292000000,99993.77,100004.63
1706292000000,99993.77,100003.54
1706292000000,99993.77,100006.8
1706292000000,99993.77,100005.72
1706292000000,99993.77,100006.8
1706292000000,99993.77,100004.63
1706292000000,99993.77,100005.72
1706292000000,99993.77,100004.63
1706292000000,99993.77,100005.72
1706292000000,99993.77,100002.46
1706292000000,99993.77,100004.63
1706292000000,99993.77,100003.54
1706292000000,99993.77,100005.72
1706292000000,99993.77,100006.8
1706292000000,99993.77,100004.63
1706292000000,99993.77,100005.72
1706292000000,99993.77,100006.8
1706292000000,99993.77,100002.46
1706292000000,99993.77,99998.11
1706292000000,99993.77,99997.03
1706292000000,99993.77,99999.2
1706292000000,99993.77,99994.86
1706292000000,99993.77,99990.51
1706292000000,99993.77,99989.43
1706292000000,99993.77,99991.6
1706292000000,99993.77,99986.17
1706292000000,99993.77,99980.74
1706292000000,99993.77,99983.99
1706292000000,99993.77,99988.34
1706292000000,99993.77,99987.25
1706292000000,99993.77,99988.34
1706292000000,99993.77,99986.17
1706292000000,99993.77,99987.25
1706292000000,99993.77,99988.34
1706292000000,99993.77,99989.43
1706292000000,99993.77,99991.6
1706292000000,99993.77,99992.68
1706292000000,99993.77,99991.6
1706292000000,99993.77,99992.68
1706292000000,99993.77,99991.6
1706292000000,99993.77,99992.68
1706292000000,99993.77,99989.43
1706292000000,99993.77,99990.51
1706292000000,99993.77,99989.43
1706292000000,99993.77,99990.51
1706292000000,99993.77,99989.43
1706292000000,99993.77,99990.51
1706292000000,99993.77,99991.6
1706292000000,99993.77,99990.51
1706292000000,99993.77,99991.6
1706292000000,99993.77,99990.51
1706292000000,99993.77,99991.6
1706292000000,99993.77,99989.43
1706292000000,99993.77,99990.51
1706292000000,99993.77,99991.6
1706292000000,99993.77,99993.77
1706292000000,99993.77,99994.86
1706292000000,99993.77,99995.94
1706292000000,99993.77,99998.11
1706292000000,99993.77,99999.2
1706292000000,99993.77,99998.11
1706292000000,99993.77,99999.2
1706292000000,99993.77,99998.11
1706292000000,99993.77,99999.2
1706292000000,99993.77,99997.03
1706292000000,99993.77,99998.11
1706292000000,99993.77,99999.2
1706292000000,99993.77,100001.37
1706292000000,99993.77,100002.46
1706292000000,99993.77,100003.54
1706292000000,99993.77,100005.72
1706292000000,99993.77,100006.8
1706292000000,99993.77,100005.72
1706292000000,99993.77,100006.8
1706292000000,99993.77,100005.72
1706292000000,99993.77,100006.8
1706292000000,99993.77,100004.63
1706292000000,99993.77,100005.72
1706292000000,99993.77,100007.89
1706292000000,99993.77,100008.97
1706292000000,99993.77,100011.15
1706292000000,99993.77,100012.23
1706292000000,99993.77,100014.4
1706292000000,99993.77,100013.32
1706292000000,99993.77,100014.4
1706292000000,99993.77,100013.32
1706292000000,99993.77,100014.4
1706292000000,99993.77,100013.32
1706292000000,99993.77,100012.23
1706292000000,99993.77,100013.32
1706292000000,99993.77,100012.23
1706292000000,99993.77,100013.32
1706292000000,99993.77,100012.23
1706292000000,99993.77,100014.4
1706292000000,99993.77,100013.32
1706292000000,99993.77,100014.4
1706292000000,99993.77,100013.32
1706292000000,99993.77,100014.4
1706292000000,99993.77,100013.32
1706292000000,99993.77,100014.4
1706292000000,99993.77,100013.32
1706292000000,99993.77,100014.4
1706292000000,99993.77,100013.32
1706292000000,99993.77,100014.4
1706292000000,99993.77,100013.32
1706292000000,99993.77,100014.4
1706292000000,99993.77,100013.32
1706292000000,99993.77,100014.4
1706292000000,99993.77,100013.32
1706292000000,99993.77,100014.4
1706292000000,99993.77,100013.32
1706292000000,99993.77,100012.23
1706292000000,99993.77,100013.32
1706292000000,99993.77,100012.23
1706292000000,99993.77,100013.32
1706292000000,99993.77,100012.23
1706292000000,99993.77,100013.32
1706292000000,99993.77,100012.23
1706292000000,99993.77,100013.32
1706292000000,99993.77,100012.23
1706292000000,99993.77,100013.32
1706292000000,99993.77,100010.06
1706292000000,99993.77,100006.8
1706292000000,99993.77,100002.46
1706292000000,99993.77,100003.54
1706292000000,99993.77,100002.46
1706292000000,99993.77,100003.54
1706292000000,99993.77,100000.29
1706292000000,99993.77,99997.03
1706292000000,99993.77,99992.68
1706292000000,99993.77,99993.77
1706292000000,99993.77,99992.68
1706292000000,99993.77,99993.77
1706292000000,99993.77,99989.43
1706292000000,99993.77,99985.08
1706292000000,99993.77,99980.74
1706292000000,99993.77,99981.82
1706292000000,99993.77,99983.99
1706292000000,99993.77,99986.17
1706292000000,99993.77,99985.08
1706292000000,99993.77,99986.17
1706292000000,99993.77,99983.99
1706292000000,99993.77,99985.08
1706292000000,99993.77,99983.99
1706292000000,99993.77,99986.17
1706292000000,99993.77,99985.08
1706292000000,99993.77,99986.17
1706292000000,99993.77,99985.08
1706292000000,99993.77,99988.34
1706292000000,99993.77,99983.99
1706292000000,99993.77,99981.82
1706292000000,99993.77,99979.65
1706292000000,99993.77,99977.48
1706292000000,99993.77,99975.3
1706292000000,99993.77,99974.22
1706292000000,99993.77,99975.3
1706292000000,99993.77,99974.22
1706292000000,99993.77,99978.56
1706292000000,99993.77,99977.48
1706292000000,99993.77,99976.39
1706292000000,99993.77,99975.3
1706292000000,99993.77,99973.13
1706292000000,99993.77,99975.3
1706292000000,99993.77,99977.48
1706292000000,99993.77,99979.65
1706292000000,99993.77,99982.91
1706292000000,99993.77,99983.99
1706292000000,99993.77,99982.91
1706292000000,99993.77,99983.99
1706292000000,99993.77,99981.82
1706292000000,99993.77,99983.99
1706292000000,99993.77,99986.17
1706292000000,99993.77,99988.34
1706292000000,99993.77,99991.6
1706292000000,99993.77,99992.68
1706292000000,99993.77,99991.6
1706292000000,99993.77,99992.68
1706292000000,99993.77,99990.51
1706292000000,99993.77,99992.68
1706292000000,99993.77,99995.94
1706292000000,99993.77,99999.2
1706292000000,99993.77,100002.46
1706292000000,99993.77,100000.29
1706292000000,99993.77,99998.11
1706292000000,99993.77,99995.94
1706292000000,99993.77,99993.77
1706292000000,99993.77,99992.68
1706292000000,99993.77,99993.77
1706292000000,99993.77,99992.68
1706292000000,99993.77,99997.03
1706292000000,99993.77,99995.94
1706292000000,99993.77,99994.86
1706292000000,99993.77,99993.77
1706292000000,99993.77,99992.68
1706292000000,99993.77,99991.6
1706292000000,99993.77,99992.68
1706292000000,99993.77,99993.77
1706292000000,99993.77,99994.86
1706292000000,99993.77,99995.94
1706292000000,99993.77,99997.03
1706292000000,99993.77,99999.2
1706292000000,99993.77,100000.29
1706292000000,99993.77,99999.2
1706292000000,99993.77,100000.29
1706292000000,99993.77,99999.2
1706292000000,99993.77,100000.29
1706292000000,99993.77,99997.03
1706292000000,99993.77,99995.94
1706292000000,99993.77,99997.03
1706292000000,99993.77,99995.94
1706292000000,99993.77,99998.11
1706292000000,99993.77,99997.03
1706292000000,99993.77,100002.46
1706292000000,99993.77,100001.37
1706292000000,99993.77,100000.29
1706292000000,99993.77,99999.2
1706292000000,99993.77,99998.11
1706292000000,99993.77,99997.03
1706292000000,99993.77,99995.94
1706292000000,99993.77,99994.86
1706292000000,99993.77,99995.94
1706292000000,99993.77,99994.86
1706292000000,99993.77,99995.94
1706292000000,99993.77,99994.86
1706292000000,99993.77,99997.03
1706292000000,99993.77,99995.94
1706292000000,99993.77,99994.86
1706292000000,99993.77,99993.77
1706292000000,99993.77,99992.68
1706292000000,99993.77,99991.6
1706292000000,99993.77,99990.51
1706292000000,99993.77,99989.43
1706292000000,99993.77,99990.51
1706292000000,99993.77,99989.43
1706292000000,99993.77,99990.51
1706292000000,99993.77,99989.43
1706292000000,99993.77,99991.6
1706292000000,99993.77,99990.51
1706292000000,99993.77,99989.43
1706292000000,99993.77,99988.34
1706292000000,99993.77,99987.25
1706292000000,99993.77,99986.17
1706292000000,99993.77,99985.08
1706292000000,99993.77,99986.17
1706292000000,99993.77,99985.08
1706292000000,99993.77,99987.25
1706292000000,99993.77,99986.17
1706292000000,99993.77,99988.34
1706292000000,99993.77,99989.43
1706292000000,99993.77,99988.34
1706292000000,99993.77,99989.43
1706292000000,99993.77,99988.34
1706292000000,99993.77,99989.43
1706292000000,99993.77,99987.25
1706292000000,99993.77,99988.34
1706292000000,99993.77,99987.25
1706292000000,99993.77,99988.34
1706292000000,99993.77,99987.25
1706292000000,99993.77,99988.34
1706292000000,99993.77,99987.25
1706292000000,99993.77,99989.43
1706292000000,99993.77,99988.34
1706292000000,99993.77,99990.51
1706292000000,99993.77,99989.43
1706292000000,99993.77,99988.34
1706292000000,99993.77,99986.17
1706292000000,99993.77,99985.08
1706292000000,99993.77,99982.91
1706292000000,99993.77,99981.82
1706292000000,99993.77,99982.91
1706292000000,99993.77,99981.82
1706292000000,99993.77,99985.08
1706292000000,99993.77,99986.17
1706292000000,99993.77,99985.08
1706292000000,99993.77,99986.17
1706292000000,99993.77,99981.82
1706292000000,99993.77,99982.91
1706292000000,99993.77,99983.99
1706292000000,99993.77,99985.08
1706292000000,99993.77,99986.17
1706292000000,99993.77,99987.25
1706292000000,99993.77,99986.17
1706292000000,99993.77,99987.25
1706292000000,99993.77,99985.08
1706292000000,99993.77,99986.17
1706292000000,99993.77,99987.25
1706292000000,99993.77,99988.34
1706292000000,99993.77,99989.42
1706292000000,99993.77,99990.51
1706292000000,99993.77,99989.42
1706292000000,99993.77,99990.51
1706292000000,99993.77,99988.34
1706292000000,99993.77,99989.42
1706292000000,99993.77,99990.51
1706292000000,99993.77,99991.6
1706292000000,99993.77,99992.68
1706292000000,99993.77,99991.6
1706292000000,99993.77,99992.68
1706292000000,99993.77,99990.51
1706292000000,99993.77,99989.42
1706292000000,99993.77,99990.51
1706292000000,99993.77,99989.42
1706292000000,99993.77,99991.6
1706292000000,99993.77,99990.51
1706292000000,99993.77,99991.6
1706292000000,99993.77,99990.51
1706292000000,99993.77,99991.6
1706292000000,99993.77,99990.51
1706292000000,99993.77,99991.6
1706292000000,99993.77,99990.51
1706292000000,99993.77,99991.6
1706292000000,99993.77,99990.51
1706292000000,99993.77,99991.6
1706292000000,99993.77,99990.51
1706292000000,99993.77,99991.6
1706292000000,99993.77,99990.51
1706292000000,99993.77,99991.6
1706292000000,99993.77,99990.51
1706292000000,99993.77,99989.42
1706292000000,99993.77,99990.51
1706292000000,99993.77,99991.6
1706292000000,99993.77,99992.68
1706292000000,99993.77,99993.77
1706292000000,99993.77,99995.94
1706292000000,99993.77,99994.86
1706292000000,99993.77,99995.94
1706292000000,99993.77,99994.86
1706292000000,99993.77,99995.94
1706292000000,99993.77,99993.77
1706292000000,99993.77,99994.86
1706292000000,99993.77,99995.94
1706292000000,99993.77,99997.03
1706292000000,99993.77,99998.11
1706292000000,99993.77,99999.2
1706292000000,99993.77,99998.11
1706292000000,99993.77,99997.03
1706292000000,99993.77,99994.86
1706292000000,99993.77,99993.77
1706292000000,99993.77,99991.6
1706292000000,99993.77,99992.68
1706292000000,99993.77,99991.6
1706292000000,99993.77,99992.68
1706292000000,99993.77,99991.6
1706292000000,99993.77,99992.68
1706292000000,99993.77,99991.6
1706292000000,99993.77,99990.51
1706292000000,99993.77,99988.34
1706292000000,99993.77,99987.25
1706292000000,99993.77,99985.08
1706292000000,99993.77,99986.17
1706292000000,99993.77,99985.08
1706292000000,99993.77,99986.17
1706292000000,99993.77,99985.08
1706292000000,99993.77,99986.17
1706292000000,99993.77,99985.08
1706292000000,99993.77,99983.99
1706292000000,99993.77,99981.82
1706292000000,99993.77,99980.73
1706292000000,99993.77,99978.56
1706292000000,99993.77,99979.65
1706292000000,99993.77,99978.56
1706292000000,99993.77,99979.65
1706292000000,99993.77,99978.56
1706292000000,99993.77,99979.65
1706292000000,99993.77,99978.56
1706292000000,99993.77,99979.65
1706292000000,99993.77,99978.56
1706292000000,99993.77,99979.65
1706292000000,99993.77,99978.56
1706292000000,99993.77,99979.65
1706292000000,99993.77,99978.56
1706292000000,99993.77,99979.65
1706292000000,99993.77,99978.56
1706292000000,99993.77,99979.65
1706292000000,99993.77,99978.56
1706292000000,99993.77,99979.65
1706292000000,99993.77,99978.56
1706292000000,99993.77,99979.65
1706292000000,99993.77,99978.56
1706292000000,99993.77,99979.65
1706292000000,99993.77,99978.56
1706292000000,99993.77,99977.47
1706292000000,99993.77,99976.39
1706292000000,99993.77,99975.3
1706292000000,99993.77,99973.13
1706292000000,99993.77,99974.22
1706292000000,99993.77,99973.13
1706292000000,99993.77,99974.22
1706292000000,99993.77,99973.13
1706292000000,99993.77,99975.3
1706292000000,99993.77,99974.22
1706292000000,99993.77,99975.3
1706292000000,99993.77,99973.13
1706292000000,99993.77,99974.22
1706292000000,99993.77,99972.04
1706292000000,99993.77,99973.13
1706292000000,99993.77,99974.22
1706292000000,99993.77,99975.3
1706292000000,99993.77,99976.39
1706292000000,99993.77,99978.56
1706292000000,99993.77,99977.47
1706292000000,99993.77,99978.56
1706292000000,99993.77,99977.47
1706292000000,99993.77,99978.56
1706292000000,99993.77,99977.48
1706292000000,99993.77,99978.56
1706292000000,99993.77,99979.65
1706292000000,99993.77,99980.73
1706292000000,99993.77,99981.82
1706292000000,99993.77,99983.99
1706292000000,99993.77,99982.91
1706292000000,99993.77,99983.99
1706292000000,99993.77,99982.91
1706292000000,99993.77,99983.99
1706292000000,99993.77,99982.91
1706292000000,99993.77,99983.99
1706292000000,99993.77,99985.08
1706292000000,99993.77,99986.17
1706292000000,99993.77,99987.25
1706292000000,99993.77,99989.42
1706292000000,99993.77,99988.34
1706292000000,99993.77,99989.42
1706292000000,99993.77,99987.25
1706292000000,99993.77,99988.34
1706292000000,99993.77,99985.08
1706292000000,99993.77,99986.17
1706292000000,99993.77,99985.08
1706292000000,99993.77,99986.17
1706292000000,99993.77,99985.08
1706292000000,99993.77,99986.17
1706292000000,99993.77,99987.25
1706292000000,99993.77,99986.17
1706292000000,99993.77,99987.25
1706292000000,99993.77,99986.17
1706292000000,99993.77,99987.25
1706292000000,99993.77,99986.17
1706292000000,99993.77,99987.25
1706292000000,99993.77,99983.99
1706292000000,99993.77,99982.91
1706292000000,99993.77,99981.82
1706292000000,99993.77,99979.65
1706292000000,99993.77,99980.73
1706292000000,99993.77,99979.65
1706292000000,99993.77,99980.73
1706292000000,99993.77,99979.65
1706292000000,99993.77,99980.73
1706292000000,99993.77,99978.56
1706292000000,99993.77,99979.65
1706292000000,99993.77,99981.82
1706292000000,99993.77,99983.99
1706292000000,99993.77,99982.91
1706292000000,99993.77,99983.99
1706292000000,99993.77,99982.91
1706292000000,99993.77,99983.99
1706292000000,99993.77,99986.17
1706292000000,99993.77,99988.34
1706292000000,99993.77,99987.25
1706292000000,99993.77,99988.34
1706292000000,99993.77,99987.25
1706292000000,99993.77,99989.42
1706292000000,99993.77,99991.6
1706292000000,99993.77,99993.77
1706292000000,99993.77,99991.6
1706292000000,99993.77,99989.42
1706292000000,99993.77,99987.25
1706292000000,99993.77,99988.34
1706292000000,99993.77,99987.25
1706292000000,99993.77,99989.43
1706292000000,99993.77,99990.51
1706292000000,99993.77,99989.42
1706292000000,99993.77,99990.51
1706292000000,99993.77,99989.43
1706292000000,99993.77,99990.51
1706292000000,99993.77,99989.43
1706292000000,99993.77,99990.51
1706292000000,99993.77,99988.34
1706292000000,99993.77,99989.43
1706292000000,99993.77,99988.34
1706292000000,99993.77,99989.43
1706292000000,99993.77,99985.08
1706292000000,99993.77,99983.99
1706292000000,99993.77,99985.08
1706292000000,99993.77,99983.99
1706292000000,99993.77,99985.08
1706292000000,99993.77,99982.91
1706292000000,99993.77,99983.99
1706292000000,99993.77,99981.82
1706292000000,99993.77,99982.91
1706292000000,99993.77,99981.82
1706292000000,99993.77,99982.91
1706292000000,99993.77,99981.82
1706292000000,99993.77,99982.91
1706292000000,99993.77,99981.82
1706292000000,99993.77,99982.91
1706292000000,99993.77,99981.82
1706292000000,99993.77,99982.91
1706292000000,99993.77,99981.82
1706292000000,99993.77,99982.91
1706292000000,99993.77,99981.82
1706292000000,99993.77,99982.91
1706292000000,99993.77,99980.74
1706292000000,99993.77,99981.82
1706292000000,99993.77,99980.74
1706292000000,99993.77,99982.91
1706292000000,99993.77,99981.82
1706292000000,99993.77,99983.99
1706292000000,99993.77,99982.91
1706292000000,99993.77,99987.25
1706292000000,99993.77,99986.17
1706292000000,99993.77,99987.25
1706292000000,99993.77,99986.17
1706292000000,99993.77,99987.25
1706292000000,99993.77,99986.17
1706292000000,99993.77,99987.25
1706292000000,99993.77,99986.17
1706292000000,99993.77,99987.25
1706292000000,99993.77,99986.17
1706292000000,99993.77,99988.34
1706292000000,99993.77,99987.25
1706292000000,99993.77,99989.42
1706292000000,99993.77,99988.34
1706292000000,99993.77,99992.68
1706292000000,99993.77,99991.6
1706292000000,99993.77,99992.68
1706292000000,99993.77,99991.6
1706292000000,99993.77,99992.68
1706292000000,99993.77,99991.6
1706292000000,99993.77,99992.68
1706292000000,99993.77,99991.6
1706292000000,99993.77,99992.68
1706292000000,99993.77,99991.6
1706292000000,99993.77,99993.77
1706292000000,99993.77,99992.68
1706292000000,99993.77,99994.86
1706292000000,99993.77,99993.77
1706292000000,99993.77,99998.12
1706292000000,99993.77,99997.03
1706292000000,99993.77,99995.94
1706292000000,99993.77,99994.86
1706292000000,99993.77,99993.77
1706292000000,99993.77,99992.68
1706292000000,99993.77,99991.6
1706292000000,99993.77,99989.42
1706292000000,99993.77,99990.51
1706292000000,99993.77,99989.42
1706292000000,99993.77,99990.51
1706292000000,99993.77,99989.42
1706292000000,99993.77,99991.6
1706292000000,99993.77,99990.51
1706292000000,99993.77,99992.68
1706292000000,99993.77,99991.6
1706292000000,99993.77,99992.68
1706292000000,99993.77,99991.6
1706292000000,99993.77,99992.68
1706292000000,99993.77,99991.6
1706292000000,99993.77,99992.68
1706292000000,99993.77,99990.51
1706292000000,99993.77,99991.6
1706292000000,99993.77,99990.51
1706292000000,99993.77,99991.6
1706292000000,99993.77,99990.51
1706292000000,99993.77,99991.6
1706292000000,99993.77,99989.42
1706292000000,99993.77,99990.51
1706292000000,99993.77,99989.42
1706292000000,99993.77,99990.51
1706292000000,99993.77,99987.25
1706292000000,99993.77,99990.51
1706292000000,99993.77,99991.6
1706292000000,99993.77,99990.51
1706292000000,99993.77,99992.68
1706292000000,99993.77,99991.6
1706292000000,99993.77,99993.77
1706292000000,99993.77,99992.68
1706292000000,99993.77,99997.03
1706292000000,99993.77,99995.94
1706292000000,99993.77,99997.03
1706292000000,99993.77,99995.94
1706292000000,99993.77,99997.03
1706292000000,99993.77,99995.94
1706292000000,99993.77,99997.03
1706292000000,99993.77,99994.86
1706292000000,99993.77,99995.94
1706292000000,99993.77,99994.86
1706292000000,99993.77,99997.03
1706292000000,99993.77,99995.94
1706292000000,99993.77,99997.03
1706292000000,99993.77,99995.94
1706292000000,99993.77,99999.2
1706292000000,99993.77,99998.11
1706292000000,99993.77,99997.03
1706292000000,99993.77,99995.94
1706292000000,99993.77,99994.86
1706292000000,99993.77,99993.77
1706292000000,99993.77,99992.68
1706292000000,99993.77,99991.6
1706292000000,99993.77,99992.68
1706292000000,99993.77,99991.6
1706292000000,99993.77,99992.68
1706292000000,99993.77,99991.6
1706292000000,99993.77,99992.68
1706292000000,99993.77,99991.6
1706292000000,99993.77,99992.68
1706292000000,99993.77,99991.6
1706292000000,99993.77,99990.51
1706292000000,99993.77,99989.42
1706292000000,99993.77,99988.34
1706292000000,99993.77,99987.25
1706292000000,99993.77,99986.17
1706292000000,99993.77,99985.08
1706292000000,99993.77,99986.17
1706292000000,99993.77,99985.08
1706292000000,99993.77,99986.17
1706292000000,99993.77,99985.08
1706292000000,99993.77,99986.17
1706292000000,99993.77,99985.08
1706292000000,99993.77,99986.17
1706292000000,99993.77,99985.08
1706292000000,99993.77,99983.99
1706292000000,99993.77,99982.91
1706292000000,99993.77,99981.82
1706292000000,99993.77,99980.73
1706292000000,99993.77,99979.65
1706292000000,99993.77,99978.56
1706292000000,99993.77,99979.65
1706292000000,99993.77,99978.56
1706292000000,99993.77,99980.73
1706292000000,99993.77,99979.65
1706292000000,99993.77,99980.73
1706292000000,99993.77,99979.65
1706292000000,99993.77,99982.91
1706292000000,99993.77,99981.82
1706292000000,99993.77,99982.91
1706292000000,99993.77,99981.82
1706292000000,99993.77,99982.91
1706292000000,99993.77,99981.82
1706292000000,99993.77,99982.91
1706292000000,99993.77,99981.82
1706292000000,99993.77,99980.73
1706292000000,99993.77,99981.82
1706292000000,99993.77,99980.73
1706292000000,99993.77,99981.82
1706292000000,99993.77,99980.73
1706292000000,99993.77,99981.82
1706292000000,99993.77,99980.73
1706292000000,99993.77,99982.91
1706292000000,99993.77,99981.82
1706292000000,99993.77,99982.91
1706292000000,99993.77,99981.82
1706292000000,99993.77,99985.08
1706292000000,99993.77,99983.99
1706292000000,99993.77,99982.91
1706292000000,99993.77,99981.82
1706292000000,99993.77,99980.73
1706292000000,99993.77,99978.56
1706292000000,99993.77,99979.65
1706292000000,99993.77,99978.56
1706292000000,99993.77,99979.65
1706292000000,99993.77,99978.56
1706292000000,99993.77,99980.73
1706292000000,99993.77,99979.65
1706292000000,99993.77,99980.73
1706292000000,99993.77,99978.56
1706292000000,99993.77,99979.65
1706292000000,99993.77,99976.39
1706292000000,99993.77,99977.47
1706292000000,99993.77,99979.65
1706292000000,99993.77,99980.73
1706292000000,99993.77,99982.91
1706292000000,99993.77,99985.08
1706292000000,99993.77,99983.99
1706292000000,99993.77,99985.08
1706292000000,99993.77,99983.99
1706292000000,99993.77,99985.08
1706292000000,99993.77,99983.99
1706292000000,99993.77,99985.08
1706292000000,99993.77,99987.25
1706292000000,99993.77,99988.34
1706292000000,99993.77,99990.51
1706292000000,99993.77,99992.68
1706292000000,99993.77,99991.6
1706292000000,99993.77,99992.68
1706292000000,99993.77,99991.6
1706292000000,99993.77,99992.68
1706292000000,99993.77,99991.6
1706292000000,99993.77,99992.68
1706292000000,99993.77,99994.86
1706292000000,99993.77,99997.03
1706292000000,99993.77,99999.2
1706292000000,99993.77,100001.37
1706292000000,99993.77,100000.29
1706292000000,99993.77,100001.37
1706292000000,99993.77,99999.2
1706292000000,99993.77,100000.29
1706292000000,99993.77,99998.12
1706292000000,99993.77,99999.2
1706292000000,99993.77,99998.12
1706292000000,99993.77,99999.2
1706292000000,99993.77,99998.12
1706292000000,99993.77,99999.2
1706292000000,99993.77,100000.29
1706292000000,99993.77,99999.2
1706292000000,99993.77,100000.29
1706292000000,99993.77,99999.2
1706292000000,99993.77,100000.29
1706292000000,99993.77,99999.2
1706292000000,99993.77,100000.29
1706292000000,99993.77,99999.2
1706292000000,99993.77,100000.29
1706292000000,99993.77,99999.2
1706292000000,99993.77,100000.29
1706292000000,99993.77,99999.2
1706292000000,99993.77,100000.29
1706292000000,99993.77,99999.2
1706292000000,99993.77,100000.29
1706292000000,99993.77,99998.12
1706292000000,99993.77,99999.2
1706292000000,99993.77,99998.11
1706292000000,99993.77,99999.2
1706292000000,99993.77,99997.03
1706292000000,99993.77,99998.11
1706292000000,99993.77,99995.94
1706292000000,99993.77,99997.03
1706292000000,99993.77,99992.68
1706292000000,99993.77,99993.77
1706292000000,99993.77,99992.68
1706292000000,99993.77,99993.77
1706292000000,99993.77,99992.68
1706292000000,99993.77,99993.77
1706292000000,99993.77,99992.68
1706292000000,99993.77,99994.86
1706292000000,99993.77,99993.77
1706292000000,99993.77,99994.86
1706292000000,99993.77,99992.68
1706292000000,99993.77,99993.77
1706292000000,99993.77,99992.68
1706292000000,99993.77,99993.77
1706292000000,99993.77,99990.51
1706292000000,99993.77,99991.6
1706292000000,99993.77,99990.51
1706292000000,99993.77,99992.68
1706292000000,99993.77,99991.6
1706292000000,99993.77,99993.77
1706292000000,99993.77,99992.68
1706292000000,99993.77,99997.03
1706292000000,99993.77,99995.94
1706292000000,99993.77,99997.03
1706292000000,99993.77,99995.94
1706292000000,99993.77,99997.03
1706292000000,99993.77,99995.94
1706292000000,99993.77,99997.03
1706292000000,99993.77,99995.94
1706292000000,99993.77,99997.03
1706292000000,99993.77,99995.94
1706292000000,99993.77,99998.11
1706292000000,99993.77,99997.03
1706292000000,99993.77,99999.2
1706292000000,99993.77,99998.11
1706292000000,99993.77,100002.46
1706292000000,99993.77,100001.37
1706292000000,99993.77,100002.46
1706292000000,99993.77,100001.37
1706292000000,99993.77,100002.46
1706292000000,99993.77,100001.37
1706292000000,99993.77,100002.46
1706292000000,99993.77,100001.37
1706292000000,99993.77,100002.46
1706292000000,99993.77,100001.37
1706292000000,99993.77,100003.55
1706292000000,99993.77,100002.46
1706292000000,99993.77,100004.63
1706292000000,99993.77,100003.55
1706292000000,99993.77,100007.89
1706292000000,99993.77,100006.8
1706292000000,99993.77,100007.89
1706292000000,99993.77,100005.72
1706292000000,99993.77,100006.8
1706292000000,99993.77,100004.63
1706292000000,99993.77,100005.72
1706292000000,99993.77,100002.46
1706292000000,99993.77,100003.55
1706292000000,99993.77,100002.46
1706292000000,99993.77,100003.55
1706292000000,99993.77,100002.46
1706292000000,99993.77,100003.55
1706292000000,99993.77,100002.46
1706292000000,99993.77,100004.63
1706292000000,99993.77,100003.55
1706292000000,99993.77,100004.63
1706292000000,99993.77,100003.55
1706292000000,99993.77,100004.63
1706292000000,99993.77,100003.55
1706292000000,99993.77,100004.63
1706292000000,99993.77,100003.55
1706292000000,99993.77,100004.63
1706292000000,99993.77,100002.46
1706292000000,99993.77,100003.55
1706292000000,99993.77,100002.46
1706292000000,99993.77,100003.55
1706292000000,99993.77,100001.37
1706292000000,99993.77,100002.46
1706292000000,99993.77,100001.37
1706292000000,99993.77,100000.29
1706292000000,99993.77,99999.2
1706292000000,99993.77,99997.03
1706292000000,99993.77,99995.94
1706292000000,99993.77,99994.86
1706292000000,99993.77,99993.77
1706292000000,99993.77,99991.6
1706292000000,99993.77,99990.51
1706292000000,99993.77,99991.6
1706292000000,99993.77,99990.51
1706292000000,99993.77,99991.6
1706292000000,99993.77,99990.51
1706292000000,99993.77,99991.6
1706292000000,99993.77,99990.51
1706292000000,99993.77,99992.68
1706292000000,99993.77,99991.6
1706292000000,99993.77,99990.51
1706292000000,99993.77,99989.42
1706292000000,99993.77,99987.25
1706292000000,99993.77,99986.17
1706292000000,99993.77,99985.08
1706292000000,99993.77,99983.99
1706292000000,99993.77,99981.82
1706292000000,99993.77,99980.73
1706292000000,99993.77,99981.82
1706292000000,99993.77,99980.73
1706292000000,99993.77,99981.82
1706292000000,99993.77,99980.73
1706292000000,99993.77,99981.82
1706292000000,99993.77,99980.73
1706292000000,99993.77,99982.91
1706292000000,99993.77,99981.82
1706292000000,99993.77,99980.73
1706292000000,99993.77,99979.65
1706292000000,99993.77,99977.47
1706292000000,99993.77,99976.39
1706292000000,99993.77,99975.3
1706292000000,99993.77,99974.22
1706292000000,99993.77,99972.04
1706292000000,99993.77,99970.96
1706292000000,99993.77,99972.04
1706292000000,99993.77,99970.96
1706292000000,99993.77,99972.04
1706292000000,99993.77,99970.96
1706292000000,99993.77,99972.04
1706292000000,99993.77,99970.96
1706292000000,99993.77,99973.13
1706292000000,99993.77,99972.04
1706292000000,99993.77,99969.87
1706292000000,99993.77,99968.78
1706292000000,99993.77,99966.61
1706292000000,99993.77,99965.52
1706292000000,99993.77,99963.35
1706292000000,99993.77,99962.26
1706292000000,99993.77,99960.09
1706292000000,99993.77,99961.18
1706292000000,99993.77,99962.27
1706292000000,99993.77,99964.44
1706292000000,99993.77,99965.53
1706292000000,99993.77,99966.61
1706292000000,99993.77,99968.78
1706292000000,99993.77,99969.87
1706292000000,99993.77,99972.04
1706292000000,99993.77,99973.13
1706292000000,99993.77,99972.04
1706292000000,99993.77,99973.13
1706292000000,99993.77,99970.96
1706292000000,99993.77,99972.04
1706292000000,99993.77,99970.96
1706292000000,99993.77,99972.04
1706292000000,99993.77,99967.7
1706292000000,99993.77,99968.78
1706292000000,99993.77,99967.7
1706292000000,99993.77,99969.87
1706292000000,99993.77,99968.78
1706292000000,99993.77,99970.96
1706292000000,99993.77,99969.87
1706292000000,99993.77,99970.96
1706292000000,99993.77,99969.87
1706292000000,99993.77,99972.04
1706292000000,99993.77,99970.96
1706292000000,99993.77,99976.39
1706295600000,99993.77,99977.48
1706295600000,99993.77,99978.56
1706295600000,99993.77,99977.48
1706295600000,99993.77,99978.56
1706295600000,99993.77,99977.48
1706295600000,99993.77,99978.56
1706295600000,99993.77,99977.48
1706295600000,99993.77,99978.56
1706295600000,99993.77,99975.3
1706295600000,99993.77,99976.39
1706295600000,99993.77,99975.3
1706295600000,99993.77,99976.39
1706295600000,99993.77,99975.3
1706295600000,99993.77,99976.39
1706295600000,99993.77,99975.3
1706295600000,99993.77,99976.39
1706295600000,99993.77,99977.48
1706295600000,99993.77,99976.39
1706295600000,99993.77,99977.48
1706295600000,99993.77,99976.39
1706295600000,99993.77,99977.48
1706295600000,99993.77,99976.39
1706295600000,99993.77,99977.48
1706295600000,99993.77,99975.3
1706295600000,99993.77,99976.39
1706295600000,99993.77,99975.3
1706295600000,99993.77,99977.48
1706295600000,99993.77,99976.39
1706295600000,99993.77,99977.48
1706295600000,99993.77,99976.39
1706295600000,99993.77,99980.74
1706295600000,99993.77,99981.82
1706295600000,99993.77,99980.74
1706295600000,99993.77,99981.82
1706295600000,99993.77,99980.74
1706295600000,99993.77,99981.82
1706295600000,99993.77,99980.74
1706295600000,99993.77,99981.82
1706295600000,99993.77,99979.65
1706295600000,99993.77,99978.56
1706295600000,99993.77,99979.65
1706295600000,99993.77,99978.56
1706295600000,99993.77,99980.74
1706295600000,99993.77,99979.65
1706295600000,99993.77,99980.74
1706295600000,99993.77,99979.65
1706295600000,99993.77,99985.08
1706295600000,99993.77,99986.17
1706295600000,99993.77,99985.08
1706295600000,99993.77,99986.17
1706295600000,99993.77,99985.08
1706295600000,99993.77,99986.17
1706295600000,99993.77,99985.08
1706295600000,99993.77,99986.17
1706295600000,99993.77,99983.99
1706295600000,99993.77,99982.91
1706295600000,99993.77,99984.0
1706295600000,99993.77,99982.91
1706295600000,99993.77,99985.08
1706295600000,99993.77,99984.0
1706295600000,99993.77,99986.17
1706295600000,99993.77,99985.08
1706295600000,99993.77,99990.51
1706295600000,99993.77,99989.43
1706295600000,99993.77,99990.51
1706295600000,99993.77,99988.34
1706295600000,99993.77,99989.43
1706295600000,99993.77,99987.25
1706295600000,99993.77,99988.34
1706295600000,99993.77,99983.99
1706295600000,99993.77,99982.91
1706295600000,99993.77,99983.99
1706295600000,99993.77,99982.91
1706295600000,99993.77,99984.0
1706295600000,99993.77,99982.91
1706295600000,99993.77,99983.99
1706295600000,99993.77,99982.91
1706295600000,99993.77,99986.17
1706295600000,99993.77,99987.25
1706295600000,99993.77,99986.17
1706295600000,99993.77,99987.25
1706295600000,99993.77,99986.17
1706295600000,99993.77,99987.25
1706295600000,99993.77,99986.17
1706295600000,99993.77,99987.25
1706295600000,99993.77,99986.17
1706295600000,99993.77,99987.25
1706295600000,99993.77,99986.17
1706295600000,99993.77,99987.25
1706295600000,99993.77,99985.08
1706295600000,99993.77,99986.17
1706295600000,99993.77,99985.08
1706295600000,99993.77,99986.17
1706295600000,99993.77,99985.08
1706295600000,99993.77,99986.17
1706295600000,99993.77,99985.08
1706295600000,99993.77,99986.17
1706295600000,99993.77,99985.08
1706295600000,99993.77,99986.17
1706295600000,99993.77,99981.82
1706295600000,99993.77,99982.91
1706295600000,99993.77,99983.99
1706295600000,99993.77,99982.91
1706295600000,99993.77,99985.08
1706295600000,99993.77,99983.99
1706295600000,99993.77,99985.08
1706295600000,99993.77,99983.99
1706295600000,99993.77,99986.17
1706295600000,99993.77,99985.08
1706295600000,99993.77,99989.43
1706295600000,99993.77,99988.34
1706295600000,99993.77,99989.43
1706295600000,99993.77,99988.34
1706295600000,99993.77,99989.43
1706295600000,99993.77,99988.34
1706295600000,99993.77,99989.43
1706295600000,99993.77,99988.34
1706295600000,99993.77,99989.43
1706295600000,99993.77,99987.25
1706295600000,99993.77,99988.34
1706295600000,99993.77,99987.25
1706295600000,99993.77,99989.43
1706295600000,99993.77,99988.34
1706295600000,99993.77,99989.43
1706295600000,99993.77,99988.34
1706295600000,99993.77,99990.51
1706295600000,99993.77,99989.42
1706295600000,99993.77,99992.68
1706295600000,99993.77,99991.6
1706295600000,99993.77,99989.43
1706295600000,99993.77,99987.25
1706295600000,99993.77,99986.17
1706295600000,99993.77,99983.99
1706295600000,99993.77,99981.82
1706295600000,99993.77,99980.74
1706295600000,99993.77,99978.56
1706295600000,99993.77,99976.39
1706295600000,99993.77,99977.48
1706295600000,99993.77,99976.39
1706295600000,99993.77,99977.48
1706295600000,99993.77,99976.39
1706295600000,99993.77,99977.48
1706295600000,99993.77,99976.39
1706295600000,99993.77,99977.48
1706295600000,99993.77,99976.39
1706295600000,99993.77,99977.48
1706295600000,99993.77,99976.39
1706295600000,99993.77,99974.22
1706295600000,99993.77,99972.05
1706295600000,99993.77,99970.96
1706295600000,99993.77,99968.79
1706295600000,99993.77,99966.62
1706295600000,99993.77,99965.53
1706295600000,99993.77,99963.36
1706295600000,99993.77,99961.19
1706295600000,99993.77,99962.27
1706295600000,99993.77,99961.19
1706295600000,99993.77,99962.27
1706295600000,99993.77,99961.19
1706295600000,99993.77,99962.27
1706295600000,99993.77,99961.19
1706295600000,99993.77,99962.27
1706295600000,99993.77,99961.19
1706295600000,99993.77,99962.27
1706295600000,99993.77,99961.19
1706295600000,99993.77,99959.01
1706295600000,99993.77,99956.84
1706295600000,99993.77,99955.76
1706295600000,99993.77,99953.58
1706295600000,99993.77,99951.41
1706295600000,99993.77,99950.33
1706295600000,99993.77,99948.15
1706295600000,99993.77,99945.98
1706295600000,99993.77,99948.15
1706295600000,99993.77,99950.33
1706295600000,99993.77,99952.5
1706295600000,99993.77,99954.67
1706295600000,99993.77,99956.84
1706295600000,99993.77,99959.01
1706295600000,99993.77,99961.19
1706295600000,99993.77,99963.36
1706295600000,99993.77,99965.53
1706295600000,99993.77,99964.45
1706295600000,99993.77,99965.53
1706295600000,99993.77,99963.36
1706295600000,99993.77,99964.45
1706295600000,99993.77,99963.36
1706295600000,99993.77,99964.44
1706295600000,99993.77,99962.27
1706295600000,99993.77,99963.36
1706295600000,99993.77,99959.01
1706295600000,99993.77,99960.1
1706295600000,99993.77,99961.19
1706295600000,99993.77,99962.27
1706295600000,99993.77,99963.36
1706295600000,99993.77,99964.45
1706295600000,99993.77,99965.53
1706295600000,99993.77,99966.62
1706295600000,99993.77,99967.7
1706295600000,99993.77,99968.79
1706295600000,99993.77,99969.88
1706295600000,99993.77,99970.96
1706295600000,99993.77,99972.05
1706295600000,99993.77,99973.14
1706295600000,99993.77,99972.05
1706295600000,99993.77,99973.14
1706295600000,99993.77,99972.05
1706295600000,99993.77,99974.22
1706295600000,99993.77,99973.14
1706295600000,99993.77,99975.31
1706295600000,99993.77,99974.22
1706295600000,99993.77,99975.31
1706295600000,99993.77,99974.22
1706295600000,99993.77,99975.31
1706295600000,99993.77,99974.22
1706295600000,99993.77,99975.31
1706295600000,99993.77,99974.22
1706295600000,99993.77,99975.31
1706295600000,99993.77,99974.22
1706295600000,99993.77,99976.39
1706295600000,99993.77,99975.31
1706295600000,99993.77,99974.22
1706295600000,99993.77,99972.05
1706295600000,99993.77,99970.96
1706295600000,99993.77,99968.79
1706295600000,99993.77,99969.88
1706295600000,99993.77,99968.79
1706295600000,99993.77,99969.88
1706295600000,99993.77,99968.79
1706295600000,99993.77,99969.88
1706295600000,99993.77,99968.79
1706295600000,99993.77,99967.7
1706295600000,99993.77,99965.53
1706295600000,99993.77,99964.44
1706295600000,99993.77,99962.27
1706295600000,99993.77,99963.36
1706295600000,99993.77,99962.27
1706295600000,99993.77,99963.36
1706295600000,99993.77,99962.27
1706295600000,99993.77,99963.36
1706295600000,99993.77,99962.27
1706295600000,99993.77,99960.1
1706295600000,99993.77,99959.01
1706295600000,99993.77,99956.84
1706295600000,99993.77,99954.67
1706295600000,99993.77,99955.75
1706295600000,99993.77,99954.67
1706295600000,99993.77,99956.84
1706295600000,99993.77,99955.75
1706295600000,99993.77,99959.01
1706295600000,99993.77,99957.92
1706295600000,99993.77,99959.01
1706295600000,99993.77,99957.93
1706295600000,99993.77,99959.01
1706295600000,99993.77,99957.92
1706295600000,99993.77,99956.84
1706295600000,99993.77,99957.92
1706295600000,99993.77,99956.84
1706295600000,99993.77,99959.01
1706295600000,99993.77,99957.92
1706295600000,99993.77,99961.18
1706295600000,99993.77,99962.27
1706295600000,99993.77,99963.36
1706295600000,99993.77,99962.27
1706295600000,99993.77,99963.36
1706295600000,99993.77,99962.27
1706295600000,99993.77,99963.36
1706295600000,99993.77,99961.18
1706295600000,99993.77,99962.27
1706295600000,99993.77,99961.18
1706295600000,99993.77,99962.27
1706295600000,99993.77,99961.18
1706295600000,99993.77,99962.27
1706295600000,99993.77,99963.36
1706295600000,99993.77,99962.27
1706295600000,99993.77,99963.36
1706295600000,99993.77,99962.27
1706295600000,99993.77,99963.36
1706295600000,99993.77,99961.18
1706295600000,99993.77,99962.27
1706295600000,99993.77,99961.18
1706295600000,99993.77,99963.36
1706295600000,99993.77,99962.27
1706295600000,99993.77,99966.61
1706295600000,99993.77,99967.7
1706295600000,99993.77,99966.62
1706295600000,99993.77,99967.7
1706295600000,99993.77,99966.62
1706295600000,99993.77,99967.7
1706295600000,99993.77,99965.53
1706295600000,99993.77,99964.44
1706295600000,99993.77,99965.53
1706295600000,99993.77,99964.44
1706295600000,99993.77,99966.62
1706295600000,99993.77,99965.53
1706295600000,99993.77,99970.96
1706295600000,99993.77,99972.05
1706295600000,99993.77,99970.96
1706295600000,99993.77,99972.05
1706295600000,99993.77,99970.96
1706295600000,99993.77,99972.05
1706295600000,99993.77,99969.87
1706295600000,99993.77,99968.79
1706295600000,99993.77,99969.87
1706295600000,99993.77,99968.79
1706295600000,99993.77,99970.96
1706295600000,99993.77,99969.88
1706295600000,99993.77,99975.31
1706295600000,99993.77,99974.22
1706295600000,99993.77,99975.31
1706295600000,99993.77,99973.13
1706295600000,99993.77,99974.22
1706295600000,99993.77,99969.87
1706295600000,99993.77,99968.79
1706295600000,99993.77,99969.87
1706295600000,99993.77,99968.79
1706295600000,99993.77,99969.87
1706295600000,99993.77,99968.79
1706295600000,99993.77,99972.05
1706295600000,99993.77,99973.13
1706295600000,99993.77,99972.05
1706295600000,99993.77,99973.13
1706295600000,99993.77,99972.05
1706295600000,99993.77,99973.13
1706295600000,99993.77,99972.05
1706295600000,99993.77,99973.13
1706295600000,99993.77,99970.96
1706295600000,99993.77,99972.05
1706295600000,99993.77,99970.96
1706295600000,99993.77,99972.05
1706295600000,99993.77,99968.79
1706295600000,99993.77,99967.7
1706295600000,99993.77,99966.62
1706295600000,99993.77,99967.7
1706295600000,99993.77,99965.53
1706295600000,99993.77,99966.62
1706295600000,99993.77,99964.44
1706295600000,99993.77,99965.53
1706295600000,99993.77,99964.44
1706295600000,99993.77,99965.53
1706295600000,99993.77,99964.44
1706295600000,99993.77,99965.53
1706295600000,99993.77,99964.44
1706295600000,99993.77,99965.53
1706295600000,99993.77,99964.44
1706295600000,99993.77,99965.53
1706295600000,99993.77,99963.36
1706295600000,99993.77,99964.44
1706295600000,99993.77,99965.53
1706295600000,99993.77,99966.62
1706295600000,99993.77,99967.7
1706295600000,99993.77,99969.87
1706295600000,99993.77,99968.79
1706295600000,99993.77,99969.87
1706295600000,99993.77,99968.79
1706295600000,99993.77,99969.87
1706295600000,99993.77,99968.79
1706295600000,99993.77,99969.87
1706295600000,99993.77,99970.96
1706295600000,99993.77,99972.05
1706295600000,99993.77,99973.13
1706295600000,99993.77,99975.31
1706295600000,99993.77,99974.22
1706295600000,99993.77,99975.31
1706295600000,99993.77,99974.22
1706295600000,99993.77,99975.31
1706295600000,99993.77,99974.22
1706295600000,99993.77,99975.31
1706295600000,99993.77,99976.39
1706295600000,99993.77,99978.56
1706295600000,99993.77,99979.65
1706295600000,99993.77,99981.82
1706295600000,99993.77,99980.74
1706295600000,99993.77,99981.82
1706295600000,99993.77,99979.65
1706295600000,99993.77,99980.74
1706295600000,99993.77,99978.56
1706295600000,99993.77,99979.65
1706295600000,99993.77,99978.57
1706295600000,99993.77,99979.65
1706295600000,99993.77,99978.56
1706295600000,99993.77,99979.65
1706295600000,99993.77,99978.56
1706295600000,99993.77,99979.65
1706295600000,99993.77,99978.57
1706295600000,99993.77,99979.65
1706295600000,99993.77,99978.57
1706295600000,99993.77,99979.65
1706295600000,99993.77,99977.48
1706295600000,99993.77,99978.56
1706295600000,99993.77,99977.48
1706295600000,99993.77,99978.56
1706295600000,99993.77,99976.39
1706295600000,99993.77,99977.48
1706295600000,99993.77,99972.05
1706295600000,99993.77,99970.96
1706295600000,99993.77,99972.05
1706295600000,99993.77,99970.96
1706295600000,99993.77,99972.05
1706295600000,99993.77,99970.96
1706295600000,99993.77,99974.22
1706295600000,99993.77,99975.31
1706295600000,99993.77,99974.22
1706295600000,99993.77,99975.31
1706295600000,99993.77,99973.13
1706295600000,99993.77,99974.22
1706295600000,99993.77,99970.96
1706295600000,99993.77,99972.05
1706295600000,99993.77,99973.13
1706295600000,99993.77,99974.22
1706295600000,99993.77,99975.31
1706295600000,99993.77,99976.39
1706295600000,99993.77,99978.56
1706295600000,99993.77,99979.65
1706295600000,99993.77,99978.56
1706295600000,99993.77,99979.65
1706295600000,99993.77,99978.56
1706295600000,99993.77,99979.65
1706295600000,99993.77,99977.48
1706295600000,99993.77,99978.56
1706295600000,99993.77,99979.65
1706295600000,99993.77,99980.74
1706295600000,99993.77,99981.82
1706295600000,99993.77,99982.91
1706295600000,99993.77,99985.08
1706295600000,99993.77,99986.17
1706295600000,99993.77,99985.08
1706295600000,99993.77,99986.17
1706295600000,99993.77,99985.08
1706295600000,99993.77,99986.17
1706295600000,99993.77,99983.99
1706295600000,99993.77,99985.08
1706295600000,99993.77,99987.25
1706295600000,99993.77,99988.34
1706295600000,99993.77,99990.51
1706295600000,99993.77,99991.6
1706295600000,99993.77,99993.77
1706295600000,99993.77,99992.68
1706295600000,99993.77,99993.77
1706295600000,99993.77,99992.68
1706295600000,99993.77,99993.77
1706295600000,99993.77,99991.6
1706295600000,99993.77,99990.51
1706295600000,99993.77,99991.6
1706295600000,99993.77,99990.51
1706295600000,99993.77,99991.6
1706295600000,99993.77,99990.51
1706295600000,99993.77,99992.68
1706295600000,99993.77,99991.6
1706295600000,99993.77,99992.68
1706295600000,99993.77,99991.6
1706295600000,99993.77,99992.68
1706295600000,99993.77,99991.6
1706295600000,99993.77,99992.68
1706295600000,99993.77,99991.6
1706295600000,99993.77,99992.68
1706295600000,99993.77,99991.6
1706295600000,99993.77,99992.68
1706295600000,99993.77,99991.6
1706295600000,99993.77,99993.77
1706295600000,99993.77,99994.86
1706295600000,99993.77,99993.77
1706295600000,99993.77,99994.86
1706295600000,99993.77,99992.68
1706295600000,99993.77,99993.77
1706295600000,99993.77,99990.51
1706295600000,99993.77,99991.6
1706295600000,99993.77,99990.51
1706295600000,99993.77,99991.6
1706295600000,99993.77,99990.51
1706295600000,99993.77,99991.6
1706295600000,99993.77,99992.68
1706295600000,99993.77,99991.6
1706295600000,99993.77,99992.68
1706295600000,99993.77,99991.6
1706295600000,99993.77,99992.68
1706295600000,99993.77,99990.51
1706295600000,99993.77,99991.6
1706295600000,99993.77,99992.68
1706295600000,99993.77,99993.77
1706295600000,99993.77,99994.86
1706295600000,99993.77,99995.94
1706295600000,99993.77,99997.03
1706295600000,99993.77,99998.11
1706295600000,99993.77,99997.03
1706295600000,99993.77,99998.11
1706295600000,99993.77,99997.03
1706295600000,99993.77,99998.11
1706295600000,99993.77,99995.94
1706295600000,99993.77,99997.03
1706295600000,99993.77,99998.11
1706295600000,99993.77,99999.2
1706295600000,99993.77,100000.29
1706295600000,99993.77,100001.37
1706295600000,99993.77,100002.46
1706295600000,99993.77,100003.54
1706295600000,99993.77,100002.46
1706295600000,99993.77,100003.54
1706295600000,99993.77,100002.46
1706295600000,99993.77,100003.54
1706295600000,99993.77,100001.37
1706295600000,99993.77,100002.46
1706295600000,99993.77,100003.54
1706295600000,99993.77,100004.63
1706295600000,99993.77,100005.72
1706295600000,99993.77,100006.8
1706295600000,99993.77,100007.89
1706295600000,99993.77,100006.8
1706295600000,99993.77,100007.89
1706295600000,99993.77,100005.72
1706295600000,99993.77,100006.8
1706295600000,99993.77,100004.63
1706295600000,99993.77,100003.54
1706295600000,99993.77,100004.63
1706295600000,99993.77,100003.54
1706295600000,99993.77,100004.63
1706295600000,99993.77,100003.54
1706295600000,99993.77,100005.72
1706295600000,99993.77,100004.63
1706295600000,99993.77,100005.72
1706295600000,99993.77,100004.63
1706295600000,99993.77,100005.72
1706295600000,99993.77,100004.63
1706295600000,99993.77,100005.72
1706295600000,99993.77,100004.63
1706295600000,99993.77,100005.72
1706295600000,99993.77,100004.63
1706295600000,99993.77,100005.72
1706295600000,99993.77,100004.63
1706295600000,99993.77,100005.72
1706295600000,99993.77,100004.63
1706295600000,99993.77,100005.72
1706295600000,99993.77,100004.63
1706295600000,99993.77,100005.72
1706295600000,99993.77,100004.63
1706295600000,99993.77,100005.72
1706295600000,99993.77,100004.63
1706295600000,99993.77,100013.32
1706295600000,99993.77,100012.23
1706295600000,99993.77,100011.15
1706295600000,99993.77,100010.06
1706295600000,99993.77,100007.89
1706295600000,99993.77,100006.8
1706295600000,99993.77,100007.89
1706295600000,99993.77,100006.8
1706295600000,99993.77,100008.97
1706295600000,99993.77,100007.89
1706295600000,99993.77,100006.8
1706295600000,99993.77,100005.72
1706295600000,99993.77,100003.54
1706295600000,99993.77,100002.46
1706295600000,99993.77,100003.54
1706295600000,99993.77,100002.46
1706295600000,99993.77,100004.63
1706295600000,99993.77,100003.54
1706295600000,99993.77,100002.46
1706295600000,99993.77,100001.37
1706295600000,99993.77,99999.2
1706295600000,99993.77,99998.11
1706295600000,99993.77,99999.2
1706295600000,99993.77,99998.11
1706295600000,99993.77,100000.29
1706295600000,99993.77,99998.11
1706295600000,99993.77,99995.94
1706295600000,99993.77,99993.77
1706295600000,99993.77,99991.6
1706295600000,99993.77,99992.68
1706295600000,99993.77,99993.77
1706295600000,99993.77,99994.86
1706295600000,99993.77,99995.94
1706295600000,99993.77,99997.03
1706295600000,99993.77,99995.94
1706295600000,99993.77,99997.03
1706295600000,99993.77,99994.86
1706295600000,99993.77,99995.94
1706295600000,99993.77,99994.86
1706295600000,99993.77,99995.94
1706295600000,99993.77,99994.86
1706295600000,99993.77,99995.94
1706295600000,99993.77,99994.86
1706295600000,99993.77,99997.03
1706295600000,99993.77,99995.94
1706295600000,99993.77,99997.03
1706295600000,99993.77,99995.94
1706295600000,99993.77,99998.11
1706295600000,99993.77,99995.94
1706295600000,99993.77,99993.77
1706295600000,99993.77,99991.6
1706295600000,99993.77,99989.43
1706295600000,99993.77,99986.17
1706295600000,99993.77,99985.08
1706295600000,99993.77,99986.17
1706295600000,99993.77,99985.08
1706295600000,99993.77,99989.43
1706295600000,99993.77,99988.34
1706295600000,99993.77,99987.25
1706295600000,99993.77,99986.17
1706295600000,99993.77,99984.0
1706295600000,99993.77,99986.17
1706295600000,99993.77,99989.43
1706295600000,99993.77,99991.6
1706295600000,99993.77,99994.86
1706295600000,99993.77,99995.94
1706295600000,99993.77,99994.86
1706295600000,99993.77,99995.94
1706295600000,99993.77,99993.77
1706295600000,99993.77,99995.94
1706295600000,99993.77,99999.2
1706295600000,99993.77,100001.37
1706295600000,99993.77,100004.63
1706295600000,99993.77,100005.71
1706295600000,99993.77,100004.63
1706295600000,99993.77,100005.71
1706295600000,99993.77,100003.54
1706295600000,99993.77,100005.71
1706295600000,99993.77,100008.97
1706295600000,99993.77,100011.14
1706295600000,99993.77,100014.4
1706295600000,99993.77,100015.49
1706295600000,99993.77,100014.4
1706295600000,99993.77,100015.49
1706295600000,99993.77,100013.32
1706295600000,99993.77,100015.49
1706295600000,99993.77,100017.66
1706295600000,99993.77,100019.83
1706295600000,99993.77,100022.0
1706295600000,99993.77,100024.17
1706295600000,99993.77,100026.35
1706295600000,99993.77,100025.26
1706295600000,99993.77,100026.35
1706295600000,99993.77,100028.52
1706295600000,99993.77,100029.6
1706295600000,99993.77,100031.77
1706295600000,99993.77,100033.95
1706295600000,99993.77,100032.86
1706295600000,99993.77,100033.95
1706295600000,99993.77,100031.78
1706295600000,99993.77,100032.86
1706295600000,99993.77,100030.69
1706295600000,99993.77,100031.78
1706295600000,99993.77,100032.86
1706295600000,99993.77,100033.95
1706295600000,99993.77,100035.03
1706295600000,99993.77,100037.21
1706295600000,99993.77,100036.12
1706295600000,99993.77,100033.95
1706295600000,99993.77,100032.86
1706295600000,99993.77,100030.69
1706295600000,99993.77,100028.52
1706295600000,99993.77,100029.6
1706295600000,99993.77,100028.52
1706295600000,99993.77,100029.6
1706295600000,99993.77,100028.52
1706295600000,99993.77,100029.6
1706295600000,99993.77,100028.52
1706295600000,99993.77,100026.35
1706295600000,99993.77,100025.26
1706295600000,99993.77,100023.09
1706295600000,99993.77,100020.92
1706295600000,99993.77,100022.0
1706295600000,99993.77,100020.92
1706295600000,99993.77,100022.0
1706295600000,99993.77,100020.92
1706295600000,99993.77,100022.0
1706295600000,99993.77,100020.92
1706295600000,99993.77,100018.74
1706295600000,99993.77,100017.66
1706295600000,99993.77,100015.48
1706295600000,99993.77,100013.31
1706295600000,99993.77,100014.4
1706295600000,99993.77,100015.48
1706295600000,99993.77,100016.57
1706295600000,99993.77,100017.66
1706295600000,99993.77,100019.83
1706295600000,99993.77,100018.74
1706295600000,99993.77,100019.83
1706295600000,99993.77,100018.74
1706295600000,99993.77,100019.83
1706295600000,99993.77,100017.66
1706295600000,99993.77,100018.74
1706295600000,99993.77,100017.66
1706295600000,99993.77,100018.74
1706295600000,99993.77,100017.66
1706295600000,99993.77,100019.83
1706295600000,99993.77,100018.74
1706295600000,99993.77,100019.83
1706295600000,99993.77,100018.74
1706295600000,99993.77,100020.91
1706295600000,99993.77,100019.83
1706295600000,99993.77,100023.09
1706295600000,99993.77,100020.92
1706295600000,99993.77,100019.83
1706295600000,99993.77,100018.74
1706295600000,99993.77,100017.66
1706295600000,99993.77,100016.57
1706295600000,99993.77,100015.48
1706295600000,99993.77,100014.4
1706295600000,99993.77,100013.31
1706295600000,99993.77,100014.4
1706295600000,99993.77,100013.31
1706295600000,99993.77,100014.4
1706295600000,99993.77,100013.31
1706295600000,99993.77,100014.4
1706295600000,99993.77,100013.31
1706295600000,99993.77,100015.48
1706295600000,99993.77,100014.4
1706295600000,99993.77,100015.48
1706295600000,99993.77,100013.31
1706295600000,99993.77,100014.4
1706295600000,99993.77,100013.31
1706295600000,99993.77,100014.4
1706295600000,99993.77,100011.14
1706295600000,99993.77,100012.23
1706295600000,99993.77,100013.31
1706295600000,99993.77,100014.4
1706295600000,99993.77,100016.57
1706295600000,99993.77,100017.65
1706295600000,99993.77,100018.74
1706295600000,99993.77,100020.91
1706295600000,99993.77,100019.83
1706295600000,99993.77,100020.91
1706295600000,99993.77,100019.83
1706295600000,99993.77,100020.91
1706295600000,99993.77,100019.83
1706295600000,99993.77,100020.91
1706295600000,99993.77,100019.83
1706295600000,99993.77,100020.91
1706295600000,99993.77,100022.0
1706295600000,99993.77,100023.08
1706295600000,99993.77,100025.26
1706295600000,99993.77,100026.34
1706295600000,99993.77,100027.43
1706295600000,99993.77,100029.6
1706295600000,99993.77,100028.52
1706295600000,99993.77,100029.6
1706295600000,99993.77,100028.52
1706295600000,99993.77,100029.6
1706295600000,99993.77,100028.52
1706295600000,99993.77,100029.6
1706295600000,99993.77,100028.52
1706295600000,99993.77,100029.6
1706295600000,99993.77,100031.77
1706295600000,99993.77,100032.86
1706295600000,99993.77,100035.03
1706295600000,99993.77,100036.12
1706295600000,99993.77,100038.29
1706295600000,99993.77,100040.46
1706295600000,99993.77,100039.38
1706295600000,99993.77,100037.21
1706295600000,99993.77,100035.03
1706295600000,99993.77,100033.95
1706295600000,99993.77,100031.77
1706295600000,99993.77,100029.6
1706295600000,99993.77,100027.43
1706295600000,99993.77,100028.52
1706295600000,99993.77,100027.43
1706295600000,99993.77,100029.6
1706295600000,99993.77,100028.52
1706295600000,99993.77,100029.6
1706295600000,99993.77,100028.52
1706295600000,99993.77,100031.77
1706295600000,99993.77,100030.69
1706295600000,99993.77,100031.77
1706295600000,99993.77,100029.6
1706295600000,99993.77,100030.69
1706295600000,99993.77,100028.52
1706295600000,99993.77,100029.6
1706295600000,99993.77,100028.52
1706295600000,99993.77,100029.6
1706295600000,99993.77,100027.43
1706295600000,99993.77,100028.52
1706295600000,99993.77,100023.09
1706295600000,99993.77,100020.92
1706295600000,99993.77,100019.83
1706295600000,99993.77,100020.92
1706295600000,99993.77,100019.83
1706295600000,99993.77,100020.92
1706295600000,99993.77,100019.83
1706295600000,99993.77,100020.92
1706295600000,99993.77,100019.83
1706295600000,99993.77,100020.92
1706295600000,99993.77,100019.83
1706295600000,99993.77,100020.92
1706295600000,99993.77,100019.83
1706295600000,99993.77,100020.92
1706295600000,99993.77,100019.83
1706295600000,99993.77,100020.92
1706295600000,99993.77,100019.83
1706295600000,99993.77,100020.92
1706295600000,99993.77,100022.0
1706295600000,99993.77,100023.09
1706295600000,99993.77,100024.17
1706295600000,99993.77,100025.26
1706295600000,99993.77,100024.17
1706295600000,99993.77,100025.26
1706295600000,99993.77,100024.17
1706295600000,99993.77,100025.26
1706295600000,99993.77,100024.17
1706295600000,99993.77,100025.26
1706295600000,99993.77,100026.35
1706295600000,99993.77,100027.43
1706295600000,99993.77,100028.52
1706295600000,99993.77,100029.6
1706295600000,99993.77,100028.52
1706295600000,99993.77,100029.6
1706295600000,99993.77,100028.52
1706295600000,99993.77,100029.6
1706295600000,99993.77,100028.52
1706295600000,99993.77,100029.6
1706295600000,99993.77,100030.69
1706295600000,99993.77,100032.86
1706295600000,99993.77,100033.95
1706295600000,99993.77,100036.12
1706295600000,99993.77,100035.04
1706295600000,99993.77,100036.12
1706295600000,99993.77,100033.95
1706295600000,99993.77,100035.03
1706295600000,99993.77,100031.78
1706295600000,99993.77,100032.86
1706295600000,99993.77,100031.78
1706295600000,99993.77,100032.86
1706295600000,99993.77,100031.78
1706295600000,99993.77,100032.86
1706295600000,99993.77,100033.95
1706295600000,99993.77,100032.86
1706295600000,99993.77,100033.95
1706295600000,99993.77,100032.86
1706295600000,99993.77,100033.95
1706295600000,99993.77,100032.86
1706295600000,99993.77,100033.95
1706295600000,99993.77,100032.86
1706295600000,99993.77,100033.95
1706295600000,99993.77,100030.69
1706295600000,99993.77,100029.6
1706295600000,99993.77,100028.52
1706295600000,99993.77,100027.43
1706295600000,99993.77,100026.35
1706295600000,99993.77,100024.18
1706295600000,99993.77,100025.26
1706295600000,99993.77,100024.17
1706295600000,99993.77,100025.26
1706295600000,99993.77,100024.17
1706295600000,99993.77,100026.35
1706295600000,99993.77,100025.26
1706295600000,99993.77,100026.35
1706295600000,99993.77,100024.18
1706295600000,99993.77,100025.26
1706295600000,99993.77,100023.09
1706295600000,99993.77,100025.26
1706295600000,99993.77,100027.43
1706295600000,99993.77,100029.6
1706295600000,99993.77,100031.78
1706295600000,99993.77,100033.95
1706295600000,99993.77,100032.86
1706295600000,99993.77,100033.95
1706295600000,99993.77,100032.86
1706295600000,99993.77,100033.95
1706295600000,99993.77,100032.86
1706295600000,99993.77,100035.04
1706295600000,99993.77,100037.21
1706295600000,99993.77,100039.38
1706295600000,99993.77,100041.55
1706295600000,99993.77,100043.72
1706295600000,99993.77,100042.64
1706295600000,99993.77,100043.72
1706295600000,99993.77,100042.64
1706295600000,99993.77,100043.72
1706295600000,99993.77,100042.64
1706295600000,99993.77,100044.81
1706295600000,99993.77,100046.99
1706295600000,99993.77,100050.24
1706295600000,99993.77,100052.42
1706295600000,99993.77,100055.67
1706295600000,99993.77,100054.59
1706295600000,99993.77,100053.5
1706295600000,99993.77,100052.41
1706295600000,99993.77,100051.32
1706295600000,99993.77,100049.15
1706295600000,99993.77,100050.24
1706295600000,99993.77,100049.15
1706295600000,99993.77,100050.24
1706295600000,99993.77,100049.15
1706295600000,99993.77,100051.32
1706295600000,99993.77,100050.24
1706295600000,99993.77,100051.32
1706295600000,99993.77,100049.15
1706295600000,99993.77,100050.24
1706295600000,99993.77,100049.15
1706295600000,99993.77,100050.24
1706295600000,99993.77,100046.98
1706295600000,99993.77,100048.07
1706295600000,99993.77,100046.98
1706295600000,99993.77,100048.07
1706295600000,99993.77,100046.98
1706295600000,99993.77,100048.07
1706295600000,99993.77,100046.98
1706295600000,99993.77,100048.07
1706295600000,99993.77,100046.99
1706295600000,99993.77,100048.07
1706295600000,99993.77,100046.99
1706295600000,99993.77,100048.07
1706295600000,99993.77,100046.99
1706295600000,99993.77,100048.07
1706295600000,99993.77,100046.99
1706295600000,99993.77,100048.07
1706295600000,99993.77,100046.99
1706295600000,99993.77,100048.07
1706295600000,99993.77,100046.99
1706295600000,99993.77,100048.07
1706295600000,99993.77,100046.99
1706295600000,99993.77,100048.07
1706295600000,99993.77,100045.9
1706295600000,99993.77,100043.73
1706295600000,99993.77,100041.56
1706295600000,99993.77,100039.39
1706295600000,99993.77,100037.22
1706295600000,99993.77,100035.04
1706295600000,99993.77,100032.87
1706295600000,99993.77,100033.96
1706295600000,99993.77,100032.87
1706295600000,99993.77,100033.96
1706295600000,99993.77,100032.87
1706295600000,99993.77,100033.96
1706295600000,99993.77,100032.87
1706295600000,99993.77,100033.96
1706295600000,99993.77,100031.78
1706295600000,99993.77,100029.61
1706295600000,99993.77,100027.44
1706295600000,99993.77,100025.27
1706295600000,99993.77,100023.1
1706295600000,99993.77,100020.93
1706295600000,99993.77,100018.75
1706295600000,99993.77,100019.84
1706295600000,99993.77,100018.75
1706295600000,99993.77,100019.84
1706295600000,99993.77,100018.75
1706295600000,99993.77,100019.84
1706295600000,99993.77,100018.75
1706295600000,99993.77,100019.84
1706295600000,99993.77,100017.67
1706295600000,99993.77,100015.49
1706295600000,99993.77,100013.32
1706295600000,99993.77,100011.15
1706295600000,99993.77,100008.98
1706295600000,99993.77,100006.81
1706295600000,99993.77,100004.63
1706295600000,99993.77,100005.72
1706295600000,99993.77,100006.81
1706295600000,99993.77,100007.89
1706295600000,99993.77,100008.98
1706295600000,99993.77,100010.07
1706295600000,99993.77,100011.15
1706295600000,99993.77,100012.24
1706295600000,99993.77,100011.15
1706295600000,99993.77,100012.24
1706295600000,99993.77,100011.15
1706295600000,99993.77,100012.24
1706295600000,99993.77,100011.15
1706295600000,99993.77,100012.24
1706295600000,99993.77,100010.06
1706295600000,99993.77,100008.98
1706295600000,99993.77,100010.06
1706295600000,99993.77,100008.98
1706295600000,99993.77,100010.07
1706295600000,99993.77,100008.98
1706295600000,99993.77,100010.07
1706295600000,99993.77,100008.98
1706295600000,99993.77,100011.15
1706295600000,99993.77,100010.07
1706295600000,99993.77,100011.15
1706295600000,99993.77,100010.07
1706295600000,99993.77,100011.15
1706295600000,99993.77,100010.07
1706295600000,99993.77,100011.15
1706295600000,99993.77,100010.07
1706295600000,99993.77,100012.24
1706295600000,99993.77,100011.15
1706295600000,99993.77,100015.5
1706295600000,99993.77,100014.41
1706295600000,99993.77,100015.5
1706295600000,99993.77,100014.41
1706295600000,99993.77,100015.5
1706295600000,99993.77,100013.32
1706295600000,99993.77,100014.41
1706295600000,99993.77,100013.32
1706295600000,99993.77,100014.41
1706295600000,99993.77,100013.32
1706295600000,99993.77,100014.41
1706295600000,99993.77,100011.15
1706295600000,99993.77,100012.24
1706295600000,99993.77,100011.15
1706295600000,99993.77,100012.24
1706295600000,99993.77,100011.15
1706295600000,99993.77,100012.24
1706295600000,99993.77,100011.15
1706295600000,99993.77,100012.24
1706295600000,99993.77,100011.15
1706295600000,99993.77,100012.24
1706295600000,99993.77,100011.15
1706295600000,99993.77,100012.24
1706295600000,99993.77,100011.15
1706295600000,99993.77,100012.24
1706295600000,99993.77,100011.15
1706295600000,99993.77,100012.24
1706295600000,99993.77,100011.15
1706295600000,99993.77,100012.24
1706295600000,99993.77,100011.15
1706295600000,99993.77,100012.24
1706295600000,99993.77,100011.15
1706295600000,99993.77,100012.24
1706295600000,99993.77,100010.07
1706295600000,99993.77,100011.15
1706295600000,99993.77,100010.07
1706295600000,99993.77,100011.15
1706295600000,99993.77,100010.07
1706295600000,99993.77,100012.24
1706295600000,99993.77,100011.15
1706295600000,99993.77,100012.24
1706295600000,99993.77,100011.15
1706295600000,99993.77,100013.32
1706295600000,99993.77,100012.24
1706295600000,99993.77,100015.5
1706295600000,99993.77,100014.41
1706295600000,99993.77,100015.5
1706295600000,99993.77,100014.41
1706295600000,99993.77,100015.5
1706295600000,99993.77,100014.41
1706295600000,99993.77,100015.5
1706295600000,99993.77,100014.41
1706295600000,99993.77,100015.5
1706295600000,99993.77,100014.41
1706295600000,99993.77,100015.5
1706295600000,99993.77,100014.41
1706295600000,99993.77,100015.5
1706295600000,99993.77,100014.41
1706295600000,99993.77,100015.5
1706295600000,99993.77,100014.41
1706295600000,99993.77,100016.58
1706295600000,99993.77,100015.5
1706295600000,99993.77,100016.58
1706295600000,99993.77,100015.5
1706295600000,99993.77,100017.67
1706295600000,99993.77,100016.58
1706295600000,99993.77,100019.84
1706295600000,99993.77,100018.75
1706295600000,99993.77,100019.84
1706295600000,99993.77,100018.76
1706295600000,99993.77,100019.84
1706295600000,99993.77,100018.75
1706295600000,99993.77,100019.84
1706295600000,99993.77,100018.76
1706295600000,99993.77,100019.84
1706295600000,99993.77,100018.75
1706295600000,99993.77,100019.84
1706295600000,99993.77,100018.75
1706295600000,99993.77,100019.84
1706295600000,99993.77,100018.75
1706295600000,99993.77,100019.84
1706295600000,99993.77,100018.75
1706295600000,99993.77,100020.93
1706295600000,99993.77,100019.84
1706295600000,99993.77,100020.93
1706295600000,99993.77,100019.84
1706295600000,99993.77,100022.01
1706295600000,99993.77,100020.93
1706295600000,99993.77,100024.19
1706295600000,99993.77,100023.1
1706295600000,99993.77,100024.19
1706295600000,99993.77,100023.1
1706295600000,99993.77,100024.19
1706295600000,99993.77,100023.1
1706295600000,99993.77,100024.19
1706295600000,99993.77,100023.1
1706295600000,99993.77,100024.19
1706295600000,99993.77,100023.1
1706295600000,99993.77,100024.19
1706295600000,99993.77,100023.1
1706295600000,99993.77,100024.19
1706295600000,99993.77,100023.1
1706295600000,99993.77,100024.19
1706295600000,99993.77,100023.1
1706295600000,99993.77,100025.27
1706295600000,99993.77,100024.19
1706295600000,99993.77,100025.27
1706295600000,99993.77,100024.19
1706295600000,99993.77,100025.27
1706295600000,99993.77,100024.19
1706295600000,99993.77,100026.36
1706295600000,99993.77,100025.27
1706295600000,99993.77,100028.53
1706295600000,99993.77,100027.44
1706295600000,99993.77,100026.36
1706295600000,99993.77,100025.27
1706295600000,99993.77,100024.19
1706295600000,99993.77,100023.1
1706295600000,99993.77,100022.01
1706295600000,99993.77,100020.93
1706295600000,99993.77,100018.76
1706295600000,99993.77,100017.67
1706295600000,99993.77,100018.76
1706295600000,99993.77,100017.67
1706295600000,99993.77,100018.76
1706295600000,99993.77,100017.67
1706295600000,99993.77,100019.84
1706295600000,99993.77,100018.76
1706295600000,99993.77,100022.01
1706295600000,99993.77,100023.1
1706295600000,99993.77,100022.01
1706295600000,99993.77,100023.1
1706295600000,99993.77,100020.93
1706295600000,99993.77,100022.02
1706295600000,99993.77,100019.84
1706295600000,99993.77,100020.93
1706295600000,99993.77,100015.5
1706295600000,99993.77,100016.58
1706295600000,99993.77,100017.67
1706295600000,99993.77,100018.75
1706295600000,99993.77,100019.84
1706295600000,99993.77,100020.93
1706295600000,99993.77,100022.01
1706295600000,99993.77,100023.1
1706295600000,99993.77,100024.19
1706295600000,99993.77,100025.27
1706295600000,99993.77,100024.19
1706295600000,99993.77,100025.27
1706295600000,99993.77,100024.19
1706295600000,99993.77,100025.27
1706295600000,99993.77,100024.18
1706295600000,99993.77,100025.27
1706295600000,99993.77,100023.1
1706295600000,99993.77,100024.18
1706295600000,99993.77,100025.27
1706295600000,99993.77,100026.36
1706295600000,99993.77,100027.44
1706295600000,99993.77,100028.53
1706295600000,99993.77,100029.62
1706295600000,99993.77,100030.7
1706295600000,99993.77,100031.79
1706295600000,99993.77,100032.87
1706295600000,99993.77,100031.79
1706295600000,99993.77,100032.87
1706295600000,99993.77,100031.79
1706295600000,99993.77,100032.87
1706295600000,99993.77,100031.79
1706295600000,99993.77,100032.87
1706295600000,99993.77,100030.7
1706295600000,99993.77,100031.79
1706295600000,99993.77,100032.87
1706295600000,99993.77,100033.96
1706295600000,99993.77,100036.13
1706295600000,99993.77,100037.22
1706295600000,99993.77,100038.3
1706295600000,99993.77,100039.39
1706295600000,99993.77,100041.56
1706295600000,99993.77,100040.48
1706295600000,99993.77,100041.56
1706295600000,99993.77,100040.48
1706295600000,99993.77,100041.56
1706295600000,99993.77,100039.39
1706295600000,99993.77,100040.48
1706295600000,99993.77,100038.3
1706295600000,99993.77,100037.22
1706295600000,99993.77,100038.3
1706295600000,99993.77,100037.22
1706295600000,99993.77,100038.3
1706295600000,99993.77,100037.22
1706295600000,99993.77,100038.3
1706295600000,99993.77,100037.22
1706295600000,99993.77,100039.39
1706295600000,99993.77,100038.3
1706295600000,99993.77,100039.39
1706295600000,99993.77,100038.3
1706295600000,99993.77,100039.39
1706295600000,99993.77,100038.3
1706295600000,99993.77,100039.39
1706295600000,99993.77,100038.3
1706295600000,99993.77,100039.39
1706295600000,99993.77,100038.3
1706295600000,99993.77,100039.39
1706295600000,99993.77,100037.22
1706295600000,99993.77,100036.13
1706295600000,99993.77,100037.22
1706295600000,99993.77,100038.3
1706295600000,99993.77,100039.39
1706295600000,99993.77,100041.56
1706295600000,99993.77,100042.65
1706295600000,99993.77,100043.74
1706295600000,99993.77,100044.82
1706295600000,99993.77,100046.99
1706295600000,99993.77,100048.08
1706295600000,99993.77,100046.99
1706295600000,99993.77,100048.08
1706295600000,99993.77,100046.99
1706295600000,99993.77,100048.08
1706295600000,99993.77,100045.91
1706295600000,99993.77,100046.99
1706295600000,99993.77,100043.73
1706295600000,99993.77,100042.65
1706295600000,99993.77,100043.73
1706295600000,99993.77,100042.65
1706295600000,99993.77,100044.82
1706295600000,99993.77,100043.73
1706295600000,99993.77,100045.9
1706295600000,99993.77,100044.82
1706295600000,99993.77,100051.33
1706295600000,99993.77,100050.25
1706295600000,99993.77,100051.33
1706295600000,99993.77,100049.16
1706295600000,99993.77,100050.25
1706295600000,99993.77,100048.08
1706295600000,99993.77,100049.16
1706295600000,99993.77,100044.82
1706295600000,99993.77,100043.73
1706295600000,99993.77,100044.82
1706295600000,99993.77,100043.73
1706295600000,99993.77,100044.82
1706295600000,99993.77,100043.73
1706295600000,99993.77,100044.82
1706295600000,99993.77,100043.73
1706295600000,99993.77,100045.91
1706295600000,99993.77,100046.99
1706295600000,99993.77,100045.91
1706295600000,99993.77,100046.99
1706295600000,99993.77,100044.82
1706295600000,99993.77,100045.91
1706295600000,99993.77,100043.74
1706295600000,99993.77,100044.82
1706295600000,99993.77,100039.39
1706295600000,99993.77,100038.3
1706295600000,99993.77,100039.39
1706295600000,99993.77,100038.3
1706295600000,99993.77,100039.39
1706295600000,99993.77,100038.3
1706295600000,99993.77,100039.39
1706295600000,99993.77,100038.3
1706295600000,99993.77,100040.48
1706295600000,99993.77,100041.56
1706295600000,99993.77,100040.48
1706295600000,99993.77,100041.56
1706295600000,99993.77,100039.39
1706295600000,99993.77,100040.48
1706295600000,99993.77,100038.31
1706295600000,99993.77,100039.39
1706295600000,99993.77,100033.96
1706295600000,99993.77,100032.87
1706295600000,99993.77,100033.96
1706295600000,99993.77,100032.87
1706295600000,99993.77,100033.96
1706295600000,99993.77,100032.87
1706295600000,99993.77,100033.96
1706295600000,99993.77,100032.88
1706295600000,99993.77,100035.05
1706295600000,99993.77,100033.96
1706295600000,99993.77,100035.05
1706295600000,99993.77,100033.96
1706295600000,99993.77,100035.05
1706295600000,99993.77,100032.88
1706295600000,99993.77,100033.96
1706295600000,99993.77,100032.88
1706295600000,99993.77,100033.96
1706295600000,99993.77,100032.88
1706295600000,99993.77,100033.96
1706295600000,99993.77,100031.79
1706295600000,99993.77,100032.88
1706295600000,99993.77,100031.79
1706295600000,99993.77,100032.88
1706295600000,99993.77,100031.79
1706295600000,99993.77,100032.88
1706295600000,99993.77,100028.53
1706295600000,99993.77,100027.45
1706295600000,99993.77,100028.53
1706295600000,99993.77,100027.45
1706295600000,99993.77,100028.53
1706295600000,99993.77,100027.45
1706295600000,99993.77,100029.62
1706295600000,99993.77,100028.53
1706295600000,99993.77,100029.62
1706295600000,99993.77,100028.53
1706295600000,99993.77,100031.79
1706295600000,99993.77,100030.71
1706295600000,99993.77,100031.79
1706295600000,99993.77,100030.71
1706295600000,99993.77,100031.79
1706295600000,99993.77,100030.71
1706295600000,99993.77,100031.79
1706295600000,99993.77,100030.71
1706295600000,99993.77,100031.79
1706295600000,99993.77,100030.71
1706295600000,99993.77,100031.79
1706295600000,99993.77,100030.71
1706295600000,99993.77,100031.79
1706295600000,99993.77,100030.7
1706295600000,99993.77,100032.88
1706295600000,99993.77,100031.79
1706295600000,99993.77,100032.88
1706295600000,99993.77,100031.79
1706295600000,99993.77,100035.05
1706295600000,99993.77,100033.96
1706295600000,99993.77,100035.05
1706295600000,99993.77,100033.96
1706295600000,99993.77,100035.05
1706295600000,99993.77,100033.96
1706295600000,99993.77,100035.05
1706295600000,99993.77,100033.96
1706295600000,99993.77,100035.05
1706295600000,99993.77,100033.96
1706295600000,99993.77,100035.05
1706295600000,99993.77,100033.96
1706295600000,99993.77,100035.05
1706295600000,99993.77,100033.96
1706295600000,99993.77,100036.14
1706295600000,99993.77,100035.05
1706295600000,99993.77,100036.14
1706295600000,99993.77,100035.05
1706295600000,99993.77,100038.31
1706295600000,99993.77,100037.22
1706295600000,99993.77,100038.31
1706295600000,99993.77,100037.22
1706295600000,99993.77,100038.31
1706295600000,99993.77,100037.22
1706295600000,99993.77,100038.31
1706295600000,99993.77,100037.22
1706295600000,99993.77,100038.31
1706295600000,99993.77,100037.22
1706295600000,99993.77,100038.31
1706295600000,99993.77,100037.22
1706295600000,99993.77,100039.4
1706295600000,99993.77,100038.31
1706295600000,99993.77,100039.4
1706295600000,99993.77,100038.31
1706295600000,99993.77,100040.48
1706295600000,99993.77,100039.4
1706295600000,99993.77,100042.66
1706295600000,99993.77,100041.57
1706295600000,99993.77,100042.65
1706295600000,99993.77,100040.48
1706295600000,99993.77,100041.57
1706295600000,99993.77,100040.48
1706295600000,99993.77,100041.57
1706295600000,99993.77,100039.4
1706295600000,99993.77,100040.48
1706295600000,99993.77,100036.14
1706295600000,99993.77,100037.22
1706295600000,99993.77,100036.14
1706295600000,99993.77,100037.22
1706295600000,99993.77,100036.14
1706295600000,99993.77,100037.22
1706295600000,99993.77,100036.14
1706295600000,99993.77,100037.22
1706295600000,99993.77,100036.14
1706295600000,99993.77,100038.31
1706295600000,99993.77,100039.4
1706295600000,99993.77,100038.31
1706295600000,99993.77,100039.4
1706295600000,99993.77,100038.31
1706295600000,99993.77,100039.4
1706295600000,99993.77,100038.31
1706295600000,99993.77,100039.4
1706295600000,99993.77,100038.31
1706295600000,99993.77,100039.4
1706295600000,99993.77,100037.22
1706295600000,99993.77,100038.31
1706295600000,99993.77,100037.22
1706295600000,99993.77,100038.31
1706295600000,99993.77,100035.05
1706295600000,99993.77,100037.22
1706295600000,99993.77,100038.31
1706295600000,99993.77,100037.22
1706295600000,99993.77,100038.31
1706295600000,99993.77,100037.22
1706295600000,99993.77,100039.4
1706295600000,99993.77,100038.31
1706295600000,99993.77,100040.48
1706295600000,99993.77,100039.39
1706295600000,99993.77,100040.48
1706295600000,99993.77,100039.4
1706295600000,99993.77,100040.48
1706295600000,99993.77,100039.4
1706295600000,99993.77,100040.48
1706295600000,99993.77,100039.39
1706295600000,99993.77,100040.48
1706295600000,99993.77,100039.39
1706295600000,99993.77,100040.48
1706295600000,99993.77,100039.4
1706295600000,99993.77,100041.57
1706295600000,99993.77,100040.48
1706295600000,99993.77,100042.65
1706295600000,99993.77,100041.57
1706295600000,99993.77,100042.65
1706295600000,99993.77,100040.48
1706295600000,99993.77,100041.57
1706295600000,99993.77,100040.48
1706295600000,99993.77,100041.57
1706295600000,99993.77,100038.31
1706295600000,99993.77,100039.4
1706295600000,99993.77,100038.31
1706295600000,99993.77,100039.4
1706295600000,99993.77,100038.31
1706295600000,99993.77,100039.4
1706295600000,99993.77,100038.31
1706295600000,99993.77,100039.4
1706295600000,99993.77,100038.31
1706295600000,99993.77,100039.4
1706295600000,99993.77,100037.22
1706295600000,99993.77,100038.31
1706295600000,99993.77,100037.22
1706295600000,99993.77,100038.31
1706295600000,99993.77,100035.05
1706295600000,99993.77,100036.14
1706295600000,99993.77,100035.05
1706295600000,99993.77,100036.14
1706295600000,99993.77,100035.05
1706295600000,99993.77,100036.14
1706295600000,99993.77,100035.05
1706295600000,99993.77,100036.14
1706295600000,99993.77,100035.05
1706295600000,99993.77,100036.14
1706295600000,99993.77,100033.96
1706295600000,99993.77,100035.05
1706295600000,99993.77,100032.88
1706295600000,99993.77,100033.96
1706295600000,99993.77,100029.62
1706295600000,99993.77,100030.7
1706295600000,99993.77,100029.62
1706295600000,99993.77,100030.71
1706295600000,99993.77,100029.62
1706295600000,99993.77,100031.79
1706295600000,99993.77,100030.7
1706295600000,99993.77,100032.88
1706295600000,99993.77,100031.79
1706295600000,99993.77,100032.88
1706295600000,99993.77,100031.79
1706295600000,99993.77,100032.88
1706295600000,99993.77,100031.79
1706295600000,99993.77,100032.88
1706295600000,99993.77,100031.79
1706295600000,99993.77,100030.7
1706295600000,99993.77,100031.79
1706295600000,99993.77,100030.7
1706295600000,99993.77,100031.79
1706295600000,99993.77,100030.7
1706295600000,99993.77,100031.79
1706295600000,99993.77,100030.7
1706295600000,99993.77,100031.79
1706295600000,99993.77,100030.7
1706295600000,99993.77,100033.96
1706295600000,99993.77,100030.7
1706295600000,99993.77,100031.79
1706295600000,99993.77,100030.7
1706295600000,99993.77,100031.79
1706295600000,99993.77,100030.7
1706295600000,99993.77,100031.79
1706295600000,99993.77,100030.7
1706295600000,99993.77,100031.79
1706295600000,99993.77,100028.53
1706295600000,99993.77,100029.62
1706295600000,99993.77,100028.53
1706295600000,99993.77,100029.62
1706295600000,99993.77,100028.53
1706295600000,99993.77,100029.62
1706295600000,99993.77,100028.53
1706295600000,99993.77,100029.62
1706295600000,99993.77,100030.71
1706295600000,99993.77,100029.62
1706295600000,99993.77,100030.71
1706295600000,99993.77,100029.62
1706295600000,99993.77,100030.71
1706295600000,99993.77,100029.62
1706295600000,99993.77,100030.7
1706295600000,99993.77,100028.53
1706295600000,99993.77,100029.62
1706295600000,99993.77,100028.53
1706295600000,99993.77,100030.7
1706295600000,99993.77,100029.62
1706295600000,99993.77,100030.7
1706295600000,99993.77,100029.62
1706295600000,99993.77,100033.96
1706295600000,99993.77,100035.05
1706295600000,99993.77,100033.96
1706295600000,99993.77,100035.05
1706295600000,99993.77,100033.96
1706295600000,99993.77,100035.05
1706295600000,99993.77,100033.96
1706295600000,99993.77,100035.05
1706295600000,99993.77,100032.88
1706295600000,99993.77,100031.79
1706295600000,99993.77,100032.88
1706295600000,99993.77,100031.79
1706295600000,99993.77,100033.96
1706295600000,99993.77,100032.88
1706295600000,99993.77,100033.96
1706295600000,99993.77,100032.88
1706295600000,99993.77,100038.31
1706295600000,99993.77,100039.39
1706295600000,99993.77,100038.31
1706295600000,99993.77,100039.39
1706295600000,99993.77,100038.31
1706295600000,99993.77,100039.39
1706295600000,99993.77,100038.31
1706295600000,99993.77,100039.39
1706295600000,99993.77,100037.22
1706295600000,99993.77,100036.13
1706295600000,99993.77,100037.22
1706295600000,99993.77,100036.13
1706295600000,99993.77,100038.31
1706295600000,99993.77,100037.22
1706295600000,99993.77,100038.31
1706295600000,99993.77,100037.22
1706295600000,99993.77,100042.65
1706295600000,99993.77,100043.74
1706295600000,99993.77,100042.65
1706295600000,99993.77,100043.74
1706295600000,99993.77,100042.65
1706295600000,99993.77,100043.74
1706295600000,99993.77,100042.65
1706295600000,99993.77,100043.74
1706295600000,99993.77,100041.56
1706295600000,99993.77,100042.65
1706295600000,99993.77,100041.56
1706295600000,99993.77,100042.65
1706295600000,99993.77,100041.56
1706295600000,99993.77,100042.65
1706295600000,99993.77,100041.56
1706295600000,99993.77,100043.74
1706295600000,99993.77,100042.65
1706295600000,99993.77,100043.74
1706295600000,99993.77,100042.65
1706295600000,99993.77,100043.74
1706295600000,99993.77,100042.65
1706295600000,99993.77,100044.82
1706295600000,99993.77,100043.74
1706295600000,99993.77,100044.82
1706295600000,99993.77,100043.74
1706295600000,99993.77,100044.82
1706295600000,99993.77,100043.74
1706295600000,99993.77,100048.08
1706295600000,99993.77,100049.17
1706295600000,99993.77,100048.08
1706295600000,99993.77,100050.25
1706295600000,99993.77,100049.17
1706295600000,99993.77,100051.34
1706295600000,99993.77,100050.25
1706295600000,99993.77,100054.6
1706295600000,99993.77,100053.51
1706295600000,99993.77,100054.6
1706295600000,99993.77,100053.51
1706295600000,99993.77,100054.6
1706295600000,99993.77,100053.51
1706295600000,99993.77,100054.6
1706295600000,99993.77,100052.42
1706295600000,99993.77,100053.51
1706295600000,99993.77,100052.42
1706295600000,99993.77,100054.6
1706295600000,99993.77,100053.51
1706295600000,99993.77,100054.6
1706295600000,99993.77,100053.51
1706295600000,99993.77,100056.77
1706295600000,99993.77,100055.68
1706295600000,99993.77,100056.77
1706295600000,99993.77,100054.6
1706295600000,99993.77,100055.68
1706295600000,99993.77,100053.51
1706295600000,99993.77,100054.6
1706295600000,99993.77,100051.34
1706295600000,99993.77,100052.42
1706295600000,99993.77,100051.34
1706295600000,99993.77,100052.43
1706295600000,99993.77,100051.34
1706295600000,99993.77,100052.43
1706295600000,99993.77,100051.34
1706295600000,99993.77,100052.43
1706295600000,99993.77,100051.34
1706295600000,99993.77,100052.42
1706295600000,99993.77,100050.25
1706295600000,99993.77,100051.34
1706295600000,99993.77,100049.17
1706295600000,99993.77,100050.25
1706295600000,99993.77,100046.99
1706295600000,99993.77,100048.08
1706295600000,99993.77,100046.99
1706295600000,99993.77,100048.08
1706295600000,99993.77,100046.99
1706295600000,99993.77,100048.08
1706295600000,99993.77,100046.99
1706295600000,99993.77,100048.08
1706295600000,99993.77,100046.99
1706295600000,99993.77,100048.08
1706295600000,99993.77,100045.91
1706295600000,99993.77,100046.99
1706295600000,99993.77,100044.82
1706295600000,99993.77,100045.91
1706295600000,99993.77,100042.65
1706295600000,99993.77,100043.74
1706295600000,99993.77,100042.65
1706295600000,99993.77,100043.74
1706295600000,99993.77,100042.65
1706295600000,99993.77,100043.74
1706295600000,99993.77,100042.65
1706295600000,99993.77,100043.73
1706295600000,99993.77,100042.65
1706295600000,99993.77,100043.73
1706295600000,99993.77,100042.65
1706295600000,99993.77,100043.73
1706295600000,99993.77,100042.65
1706295600000,99993.77,100043.74
1706295600000,99993.77,100042.65
1706295600000,99993.77,100043.74
1706295600000,99993.77,100042.65
1706295600000,99993.77,100043.74
1706295600000,99993.77,100042.65
1706295600000,99993.77,100043.74
1706295600000,99993.77,100042.65
1706295600000,99993.77,100043.74
1706295600000,99993.77,100042.65
1706295600000,99993.77,100043.74
1706295600000,99993.77,100042.65
1706295600000,99993.77,100043.74
1706295600000,99993.77,100042.65
1706295600000,99993.77,100043.74
1706295600000,99993.77,100042.65
1706295600000,99993.77,100044.83
1706295600000,99993.77,100041.57
1706295600000,99993.77,100040.48
1706295600000,99993.77,100041.57
1706295600000,99993.77,100040.48
1706295600000,99993.77,100041.57
1706295600000,99993.77,100039.4
1706295600000,99993.77,100040.48
1706295600000,99993.77,100039.4
1706295600000,99993.77,100040.48
1706295600000,99993.77,100037.22
1706295600000,99993.77,100038.31
1706295600000,99993.77,100037.22
1706295600000,99993.77,100038.31
1706295600000,99993.77,100037.22
1706295600000,99993.77,100038.31
1706295600000,99993.77,100037.22
1706295600000,99993.77,100038.31
1706295600000,99993.77,100037.22
1706295600000,99993.77,100038.31
1706295600000,99993.77,100037.22
1706295600000,99993.77,100038.31
1706295600000,99993.77,100037.22
1706295600000,99993.77,100038.31
1706295600000,99993.77,100036.14
1706295600000,99993.77,100037.22
1706295600000,99993.77,100036.14
1706295600000,99993.77,100037.22
1706295600000,99993.77,100033.97
1706295600000,99993.77,100035.05
1706295600000,99993.77,100033.97
1706295600000,99993.77,100035.05
1706295600000,99993.77,100033.97
1706295600000,99993.77,100035.05
1706295600000,99993.77,100033.97
1706295600000,99993.77,100035.05
1706295600000,99993.77,100033.97
1706295600000,99993.77,100035.05
1706295600000,99993.77,100033.97
1706295600000,99993.77,100035.05
1706295600000,99993.77,100033.97
1706295600000,99993.77,100035.05
1706295600000,99993.77,100032.88
1706295600000,99993.77,100033.97
1706295600000,99993.77,100032.88
1706295600000,99993.77,100033.97
1706295600000,99993.77,100030.71
1706295600000,99993.77,100031.79
1706295600000,99993.77,100030.71
1706295600000,99993.77,100031.79
1706295600000,99993.77,100030.71
1706295600000,99993.77,100031.8
1706295600000,99993.77,100030.71
1706295600000,99993.77,100031.8
1706295600000,99993.77,100030.71
1706295600000,99993.77,100031.79
1706295600000,99993.77,100030.71
1706295600000,99993.77,100031.79
1706295600000,99993.77,100029.62
1706295600000,99993.77,100030.71
1706295600000,99993.77,100029.62
1706295600000,99993.77,100030.71
1706295600000,99993.77,100028.54
1706295600000,99993.77,100029.62
1706295600000,99993.77,100025.28
1706295600000,99993.77,100026.36
1706295600000,99993.77,100025.28
1706295600000,99993.77,100027.45
1706295600000,99993.77,100026.36
1706295600000,99993.77,100027.45
1706295600000,99993.77,100026.36
1706295600000,99993.77,100028.54
1706295600000,99993.77,100027.45
1706295600000,99993.77,100030.71
1706295600000,99993.77,100029.62
1706295600000,99993.77,100030.71
1706295600000,99993.77,100029.62
1706295600000,99993.77,100030.71
1706295600000,99993.77,100029.62
1706295600000,99993.77,100030.71
1706295600000,99993.77,100029.62
1706295600000,99993.77,100030.71
1706295600000,99993.77,100028.54
1706295600000,99993.77,100027.45
1706295600000,99993.77,100028.54
1706295600000,99993.77,100027.45
1706295600000,99993.77,100028.54
1706295600000,99993.77,100027.45
1706295600000,99993.77,100028.54
1706295600000,99993.77,100027.45
1706295600000,99993.77,100029.62
1706295600000,99993.77,100028.54
1706295600000,99993.77,100029.62
1706295600000,99993.77,100028.54
1706295600000,99993.77,100029.62
1706295600000,99993.77,100028.54
1706295600000,99993.77,100029.62
1706295600000,99993.77,100028.54
1706295600000,99993.77,100032.88
1706295600000,99993.77,100031.8
1706295600000,99993.77,100032.88
1706295600000,99993.77,100031.8
1706295600000,99993.77,100033.97
1706295600000,99993.77,100032.88
1706295600000,99993.77,100033.97
1706295600000,99993.77,100032.88
1706295600000,99993.77,100038.32
1706295600000,99993.77,100039.4
1706295600000,99993.77,100038.32
1706295600000,99993.77,100039.4
1706295600000,99993.77,100038.32
1706295600000,99993.77,100039.4
1706295600000,99993.77,100038.32
1706295600000,99993.77,100039.4
1706295600000,99993.77,100036.14
1706295600000,99993.77,100035.06
1706295600000,99993.77,100036.14
1706295600000,99993.77,100035.06
1706295600000,99993.77,100037.23
1706295600000,99993.77,100036.14
1706295600000,99993.77,100037.23
1706295600000,99993.77,100036.14
1706295600000,99993.77,100040.49
1706295600000,99993.77,100039.4
1706295600000,99993.77,100038.32
1706295600000,99993.77,100037.23
1706295600000,99993.77,100036.14
1706295600000,99993.77,100035.06
1706295600000,99993.77,100033.97
1706295600000,99993.77,100032.89
1706295600000,99993.77,100031.8
1706295600000,99993.77,100030.71
1706295600000,99993.77,100031.8
1706295600000,99993.77,100030.71
1706295600000,99993.77,100031.8
1706295600000,99993.77,100030.71
1706295600000,99993.77,100031.8
1706295600000,99993.77,100030.71
1706295600000,99993.77,100032.88
1706295600000,99993.77,100031.8
1706295600000,99993.77,100030.71
1706295600000,99993.77,100029.62
1706295600000,99993.77,100028.54
1706295600000,99993.77,100027.45
1706295600000,99993.77,100026.37
1706295600000,99993.77,100025.28
1706295600000,99993.77,100024.19
1706295600000,99993.77,100023.1
1706295600000,99993.77,100024.19
1706295600000,99993.77,100023.11
1706295600000,99993.77,100024.19
1706295600000,99993.77,100023.11
1706295600000,99993.77,100024.19
1706295600000,99993.77,100023.11
1706295600000,99993.77,100025.28
1706295600000,99993.77,100024.19
1706295600000,99993.77,100023.1
1706295600000,99993.77,100022.02
1706295600000,99993.77,100020.93
1706295600000,99993.77,100019.84
1706295600000,99993.77,100018.76
1706295600000,99993.77,100017.67
1706295600000,99993.77,100015.5
1706295600000,99993.77,100016.59
1706295600000,99993.77,100015.5
1706295600000,99993.77,100017.67
1706295600000,99993.77,100016.59
1706295600000,99993.77,100018.76
1706295600000,99993.77,100017.67
1706295600000,99993.77,100023.1
1706295600000,99993.77,100024.19
1706295600000,99993.77,100023.1
1706295600000,99993.77,100024.19
1706295600000,99993.77,100023.1
1706295600000,99993.77,100024.19
1706295600000,99993.77,100023.1
1706295600000,99993.77,100024.19
1706295600000,99993.77,100020.93
1706295600000,99993.77,100022.02
1706295600000,99993.77,100020.93
1706295600000,99993.77,100022.02
1706295600000,99993.77,100020.93
1706295600000,99993.77,100023.1
1706295600000,99993.77,100022.02
1706295600000,99993.77,100023.1
1706295600000,99993.77,100022.02
1706295600000,99993.77,100024.19
1706295600000,99993.77,100023.1
1706295600000,99993.77,100026.36
1706295600000,99993.77,100023.1
1706295600000,99993.77,100022.02
1706295600000,99993.77,100023.11
1706295600000,99993.77,100020.93
1706295600000,99993.77,100022.02
1706295600000,99993.77,100019.85
1706295600000,99993.77,100020.93
1706295600000,99993.77,100019.85
1706295600000,99993.77,100020.93
1706295600000,99993.77,100019.85
1706295600000,99993.77,100020.93
1706295600000,99993.77,100019.85
1706295600000,99993.77,100020.93
1706295600000,99993.77,100019.85
1706295600000,99993.77,100020.93
1706295600000,99993.77,100019.84
1706295600000,99993.77,100022.02
1706295600000,99993.77,100024.19
1706295600000,99993.77,100026.36
1706295600000,99993.77,100028.54
1706295600000,99993.77,100031.8
1706295600000,99993.77,100030.71
1706295600000,99993.77,100031.8
1706295600000,99993.77,100030.71
1706295600000,99993.77,100031.79
1706295600000,99993.77,100030.71
1706295600000,99993.77,100032.88
1706295600000,99993.77,100035.05
1706295600000,99993.77,100037.23
1706295600000,99993.77,100039.4
1706295600000,99993.77,100042.66
1706295600000,99993.77,100041.57
1706295600000,99993.77,100042.66
1706295600000,99993.77,100041.57
1706295600000,99993.77,100042.66
1706295600000,99993.77,100041.57
1706295600000,99993.77,100043.74
1706295600000,99993.77,100045.92
1706295600000,99993.77,100048.09
1706295600000,99993.77,100050.26
1706295600000,99993.77,100053.52
1706295600000,99993.77,100052.43
1706295600000,99993.77,100053.52
1706295600000,99993.77,100051.34
1706295600000,99993.77,100052.43
1706295600000,99993.77,100050.26
1706295600000,99993.77,100051.34
1706295600000,99993.77,100050.26
1706295600000,99993.77,100051.35
1706295600000,99993.77,100050.26
1706295600000,99993.77,100051.35
1706295600000,99993.77,100052.43
1706295600000,99993.77,100051.35
1706295600000,99993.77,100052.43
1706295600000,99993.77,100051.35
1706295600000,99993.77,100052.43
1706295600000,99993.77,100051.35
1706295600000,99993.77,100052.43
1706295600000,99993.77,100049.17
1706295600000,99993.77,100050.26
1706295600000,99993.77,100051.34
1706295600000,99993.77,100052.43
1706295600000,99993.77,100053.51
1706295600000,99993.77,100054.6
1706295600000,99993.77,100055.68
1706295600000,99993.77,100056.77
1706295600000,99993.77,100055.68
1706295600000,99993.77,100056.77
1706295600000,99993.77,100055.68
1706295600000,99993.77,100056.77
1706295600000,99993.77,100055.68
1706295600000,99993.77,100056.77
1706295600000,99993.77,100055.68
1706295600000,99993.77,100056.77
1706295600000,99993.77,100057.85
1706295600000,99993.77,100058.94
1706295600000,99993.77,100060.02
1706295600000,99993.77,100061.11
1706295600000,99993.77,100062.19
1706295600000,99993.77,100063.28
1706295600000,99993.77,100062.2
1706295600000,99993.77,100063.28
1706295600000,99993.77,100062.2
1706295600000,99993.77,100063.28
1706295600000,99993.77,100062.19
1706295600000,99993.77,100063.28
1706295600000,99993.77,100062.19
1706295600000,99993.77,100063.28
1706295600000,99993.77,100064.36
1706295600000,99993.77,100065.45
1706295600000,99993.77,100066.54
1706295600000,99993.77,100067.62
1706295600000,99993.77,100068.71
1706295600000,99993.77,100069.79
1706295600000,99993.77,100068.71
1706295600000,99993.77,100069.79
1706295600000,99993.77,100068.71
1706295600000,99993.77,100069.79
1706295600000,99993.77,100068.71
1706295600000,99993.77,100069.79
1706295600000,99993.77,100068.7
1706295600000,99993.77,100069.79
1706295600000,99993.77,100070.87
1706295600000,99993.77,100071.96
1706295600000,99993.77,100073.04
1706295600000,99993.77,100074.13
1706295600000,99993.77,100075.22
1706295600000,99993.77,100076.3
1706295600000,99993.77,100075.21
1706295600000,99993.77,100076.3
1706295600000,99993.77,100075.22
1706295600000,99993.77,100076.3
1706295600000,99993.77,100074.13
1706295600000,99993.77,100075.21
1706295600000,99993.77,100073.04
1706295600000,99993.77,100074.13
1706295600000,99993.77,100073.04
1706295600000,99993.77,100074.13
1706295600000,99993.77,100073.04
1706295600000,99993.77,100074.13
1706295600000,99993.77,100073.04
1706295600000,99993.77,100074.13
1706295600000,99993.77,100073.04
1706295600000,99993.77,100074.13
1706295600000,99993.77,100073.04
1706295600000,99993.77,100074.13
1706295600000,99993.77,100073.04
1706295600000,99993.77,100074.13
1706295600000,99993.77,100073.04
1706295600000,99993.77,100074.13
1706295600000,99993.77,100073.04
1706295600000,99993.77,100074.13
1706295600000,99993.77,100073.05
1706295600000,99993.77,100074.13
1706295600000,99993.77,100075.22
1706295600000,99993.77,100076.3
1706295600000,99993.77,100077.39
1706295600000,99993.77,100078.47
1706295600000,99993.77,100079.56
1706295600000,99993.77,100080.65
1706295600000,99993.77,100081.73
1706295600000,99993.77,100080.65
1706295600000,99993.77,100081.73
1706295600000,99993.77,100080.65
1706295600000,99993.77,100081.73
1706295600000,99993.77,100078.47
1706295600000,99993.77,100077.39
1706295600000,99993.77,100078.47
1706295600000,99993.77,100077.39
1706295600000,99993.77,100079.56
1706295600000,99993.77,100078.47
1706295600000,99993.77,100082.82
1706295600000,99993.77,100081.73
1706295600000,99993.77,100080.64
1706295600000,99993.77,100079.56
1706295600000,99993.77,100078.47
1706295600000,99993.77,100077.39
1706295600000,99993.77,100075.22
1706295600000,99993.77,100074.13
1706295600000,99993.77,100075.21
1706295600000,99993.77,100074.13
1706295600000,99993.77,100075.21
1706295600000,99993.77,100074.13
1706295600000,99993.77,100076.3
1706295600000,99993.77,100075.21
1706295600000,99993.77,100074.13
1706295600000,99993.77,100073.04
1706295600000,99993.77,100071.96
1706295600000,99993.77,100070.87
1706295600000,99993.77,100068.7
1706295600000,99993.77,100067.61
1706295600000,99993.77,100068.7
1706295600000,99993.77,100067.61
1706295600000,99993.77,100068.7
1706295600000,99993.77,100067.61
1706295600000,99993.77,100069.78
1706295600000,99993.77,100068.7
1706295600000,99993.77,100066.53
1706295600000,99993.77,100065.44
1706295600000,99993.77,100063.27
1706295600000,99993.77,100062.18
1706295600000,99993.77,100060.01
1706295600000,99993.77,100061.1
1706295600000,99993.77,100060.01
1706295600000,99993.77,100061.1
1706295600000,99993.77,100060.01
1706295600000,99993.77,100061.1
1706295600000,99993.77,100062.18
1706295600000,99993.77,100061.1
1706295600000,99993.77,100062.18
1706295600000,99993.77,100061.1
1706295600000,99993.77,100062.18
1706295600000,99993.77,100060.01
1706295600000,99993.77,100061.1
1706295600000,99993.77,100060.01
1706295600000,99993.77,100061.1
1706295600000,99993.77,100060.01
1706295600000,99993.77,100061.1
1706295600000,99993.77,100060.01
1706295600000,99993.77,100061.1
1706295600000,99993.77,100060.01
1706295600000,99993.77,100061.1
1706295600000,99993.77,100060.01
1706295600000,99993.77,100061.1
1706295600000,99993.77,100060.01
1706295600000,99993.77,100061.1
1706295600000,99993.77,100060.01
1706295600000,99993.77,100061.1
1706295600000,99993.77,100060.01
1706295600000,99993.77,100062.19
1706295600000,99993.77,100063.27
1706295600000,99993.77,100062.19
1706295600000,99993.77,100063.27
1706295600000,99993.77,100062.19
1706295600000,99993.77,100063.27
1706295600000,99993.77,100061.1
1706295600000,99993.77,100062.18
1706295600000,99993.77,100061.1
1706295600000,99993.77,100062.18
1706295600000,99993.77,100061.1
1706295600000,99993.77,100062.19
1706295600000,99993.77,100061.1
1706295600000,99993.77,100062.18
1706295600000,99993.77,100061.1
1706295600000,99993.77,100062.19
1706295600000,99993.77,100061.1
1706295600000,99993.77,100062.18
1706295600000,99993.77,100064.35
1706295600000,99993.77,100065.44
1706295600000,99993.77,100067.61
1706295600000,99993.77,100069.78
1706295600000,99993.77,100068.7
1706295600000,99993.77,100069.78
1706295600000,99993.77,100068.7
1706295600000,99993.77,100069.78
1706295600000,99993.77,100068.69
1706295600000,99993.77,100069.78
1706295600000,99993.77,100071.95
1706295600000,99993.77,100073.04
1706295600000,99993.77,100075.21
1706295600000,99993.77,100077.38
1706295600000,99993.77,100076.29
1706295600000,99993.77,100077.38
1706295600000,99993.77,100076.29
1706295600000,99993.77,100077.38
1706295600000,99993.77,100076.29
1706295600000,99993.77,100078.46
1706295600000,99993.77,100080.63
1706295600000,99993.77,100082.81
1706295600000,99993.77,100084.98
1706295600000,99993.77,100087.15
1706295600000,99993.77,100086.07
1706295600000,99993.77,100087.15
1706295600000,99993.77,100084.98
1706295600000,99993.77,100086.07
1706295600000,99993.77,100082.81
1706295600000,99993.77,100083.9
1706295600000,99993.77,100082.81
1706295600000,99993.77,100083.89
1706295600000,99993.77,100082.81
1706295600000,99993.77,100083.89
1706295600000,99993.77,100084.98
1706295600000,99993.77,100083.89
1706295600000,99993.77,100084.98
1706295600000,99993.77,100083.89
1706295600000,99993.77,100084.98
1706295600000,99993.77,100083.9
1706295600000,99993.77,100084.98
1706295600000,99993.77,100083.9
1706295600000,99993.77,100084.98
1706295600000,99993.77,100083.89
1706295600000,99993.77,100084.98
1706295600000,99993.77,100083.89
1706295600000,99993.77,100084.98
1706295600000,99993.77,100081.73
1706295600000,99993.77,100082.81
1706295600000,99993.77,100083.9
1706295600000,99993.77,100084.98
1706295600000,99993.77,100086.07
1706295600000,99993.77,100087.16
1706295600000,99993.77,100088.24
1706295600000,99993.77,100089.33
1706295600000,99993.77,100090.41
1706295600000,99993.77,100089.33
1706295600000,99993.77,100090.41
1706295600000,99993.77,100089.33
1706295600000,99993.77,100090.42
1706295600000,99993.77,100087.16
1706295600000,99993.77,100086.07
1706295600000,99993.77,100087.15
1706295600000,99993.77,100086.06
1706295600000,99993.77,100088.24
1706295600000,99993.77,100087.15
1706295600000,99993.77,100091.5
1706295600000,99993.77,100090.41
1706295600000,99993.77,100091.49
1706295600000,99993.77,100089.32
1706295600000,99993.77,100090.41
1706295600000,99993.77,100086.07
1706295600000,99993.77,100084.98
1706295600000,99993.77,100086.06
1706295600000,99993.77,100084.98
1706295600000,99993.77,100086.06
1706295600000,99993.77,100084.98
1706295600000,99993.77,100087.14
1706295600000,99993.77,100088.23
1706295600000,99993.77,100087.15
1706295600000,99993.77,100088.23
1706295600000,99993.77,100086.06
1706295600000,99993.77,100087.14
1706295600000,99993.77,100081.72
1706295600000,99993.77,100080.63
1706295600000,99993.77,100081.71
1706295600000,99993.77,100080.63
1706295600000,99993.77,100081.71
1706295600000,99993.77,100080.63
1706295600000,99993.77,100082.79
1706295600000,99993.77,100083.88
1706295600000,99993.77,100082.79
1706295600000,99993.77,100083.88
1706295600000,99993.77,100081.71
1706295600000,99993.77,100082.79
1706295600000,99993.77,100077.37
1706295600000,99993.77,100076.28
1706295600000,99993.77,100077.37
1706295600000,99993.77,100076.28
1706295600000,99993.77,100077.37
1706295600000,99993.77,100076.28
1706295600000,99993.77,100078.45
1706295600000,99993.77,100077.37
1706295600000,99993.77,100078.45
1706295600000,99993.77,100077.37
1706295600000,99993.77,100078.45
1706295600000,99993.77,100076.28
1706295600000,99993.77,100077.37
1706295600000,99993.77,100076.28
1706295600000,99993.77,100077.37
1706295600000,99993.77,100075.19
1706295600000,99993.77,100076.28
1706295600000,99993.77,100075.19
1706295600000,99993.77,100076.28
1706295600000,99993.77,100071.94
1706295600000,99993.77,100075.2
1706295600000,99993.77,100074.11
1706295600000,99993.77,100073.03
1706295600000,99993.77,100071.94
1706295600000,99993.77,100070.85
1706295600000,99993.77,100068.68
1706295600000,99993.77,100069.77
1706295600000,99993.77,100068.68
1706295600000,99993.77,100069.77
1706295600000,99993.77,100068.68
1706295600000,99993.77,100070.85
1706295600000,99993.77,100069.77
1706295600000,99993.77,100070.85
1706295600000,99993.77,100068.68
1706295600000,99993.77,100069.77
1706295600000,99993.77,100066.51
1706295600000,99993.77,100067.6
1706295600000,99993.77,100068.68
1706295600000,99993.77,100069.77
1706295600000,99993.77,100070.85
1706295600000,99993.77,100073.02
1706295600000,99993.77,100071.94
1706295600000,99993.77,100073.02
1706295600000,99993.77,100071.94
1706295600000,99993.77,100073.02
1706295600000,99993.77,100071.94
1706295600000,99993.77,100073.02
1706295600000,99993.77,100074.11
1706295600000,99993.77,100075.19
1706295600000,99993.77,100076.28
1706295600000,99993.77,100078.45
1706295600000,99993.77,100077.36
1706295600000,99993.77,100078.45
1706295600000,99993.77,100077.36
1706295600000,99993.77,100078.45
1706295600000,99993.77,100077.36
1706295600000,99993.77,100078.45
1706295600000,99993.77,100079.53
1706295600000,99993.77,100080.62
1706295600000,99993.77,100081.7
1706295600000,99993.77,100083.87
1706295600000,99993.77,100082.79
1706295600000,99993.77,100083.88
1706295600000,99993.77,100081.71
1706295600000,99993.77,100082.79
1706295600000,99993.77,100079.54
1706295600000,99993.77,100080.62
1706295600000,99993.77,100079.53
1706295600000,99993.77,100080.62
1706295600000,99993.77,100079.53
1706295600000,99993.77,100080.62
1706295600000,99993.77,100081.71
1706295600000,99993.77,100080.62
1706295600000,99993.77,100081.71
1706295600000,99993.77,100080.62
1706295600000,99993.77,100081.71
1706295600000,99993.77,100078.45
1706295600000,99993.77,100077.37
1706295600000,99993.77,100078.45
1706295600000,99993.77,100077.37
1706295600000,99993.77,100078.45
1706295600000,99993.77,100077.37
1706295600000,99993.77,100078.45
1706295600000,99993.77,100077.37
1706295600000,99993.77,100078.46
1706295600000,99993.77,100077.37
1706295600000,99993.77,100078.46
1706295600000,99993.77,100077.37
1706295600000,99993.77,100078.45
1706295600000,99993.77,100077.37
1706295600000,99993.77,100078.45
1706295600000,99993.77,100077.37
1706295600000,99993.77,100078.46
1706295600000,99993.77,100076.28
1706295600000,99993.77,100074.12
1706295600000,99993.77,100070.86
1706295600000,99993.77,100068.69
1706295600000,99993.77,100065.43
1706295600000,99993.77,100066.52
1706295600000,99993.77,100065.43
1706295600000,99993.77,100066.51
1706295600000,99993.77,100065.43
1706295600000,99993.77,100066.51
1706295600000,99993.77,100064.34
1706295600000,99993.77,100062.17
1706295600000,99993.77,100058.91
1706295600000,99993.77,100056.75
1706295600000,99993.77,100053.49
1706295600000,99993.77,100054.57
1706295600000,99993.77,100053.49
1706295600000,99993.77,100054.57
1706295600000,99993.77,100053.49
1706295600000,99993.77,100054.57
1706295600000,99993.77,100052.4
1706295600000,99993.77,100049.14
1706295600000,99993.77,100045.89
1706295600000,99993.77,100042.63
1706295600000,99993.77,100039.37
1706295600000,99993.77,100040.46
1706295600000,99993.77,100039.37
1706295600000,99993.77,100041.55
1706295600000,99993.77,100040.46
1706295600000,99993.77,100042.63
1706295600000,99993.77,100041.55
1706295600000,99993.77,100042.63
1706295600000,99993.77,100041.55
1706295600000,99993.77,100042.63
1706295600000,99993.77,100041.55
1706295600000,99993.77,100042.63
1706295600000,99993.77,100041.55
1706295600000,99993.77,100042.63
1706295600000,99993.77,100041.55
1706295600000,99993.77,100042.63
1706295600000,99993.77,100041.55
1706295600000,99993.77,100042.63
1706295600000,99993.77,100041.55
1706295600000,99993.77,100042.63
1706295600000,99993.77,100041.55
1706295600000,99993.77,100043.72
1706295600000,99993.77,100042.64
1706295600000,99993.77,100044.81
1706295600000,99993.77,100046.98
1706295600000,99993.77,100049.15
1706295600000,99993.77,100051.32
1706295600000,99993.77,100053.49
1706295600000,99993.77,100055.66
1706295600000,99993.77,100057.83
1706295600000,99993.77,100056.75
1706295600000,99993.77,100057.83
1706295600000,99993.77,100055.66
1706295600000,99993.77,100056.75
1706295600000,99993.77,100054.57
1706295600000,99993.77,100055.66
1706295600000,99993.77,100052.4
1706295600000,99993.77,100053.49
1706295600000,99993.77,100054.57
1706295600000,99993.77,100056.74
1706295600000,99993.77,100057.83
1706295600000,99993.77,100060.0
1706295600000,99993.77,100061.08
1706295600000,99993.77,100063.26
1706295600000,99993.77,100062.17
1706295600000,99993.77,100061.08
1706295600000,99993.77,100060.0
1706295600000,99993.77,100058.91
1706295600000,99993.77,100057.82
1706295600000,99993.77,100056.74
1706295600000,99993.77,100055.65
1706295600000,99993.77,100056.74
1706295600000,99993.77,100055.65
1706295600000,99993.77,100056.74
1706295600000,99993.77,100055.65
1706295600000,99993.77,100056.74
1706295600000,99993.77,100055.65
1706295600000,99993.77,100056.74
1706295600000,99993.77,100055.65
1706295600000,99993.77,100054.56
1706295600000,99993.77,100053.48
1706295600000,99993.77,100052.39
1706295600000,99993.77,100051.31
1706295600000,99993.77,100050.22
1706295600000,99993.77,100049.13
1706295600000,99993.77,100050.21
1706295600000,99993.77,100049.13
1706295600000,99993.77,100050.22
1706295600000,99993.77,100049.13
1706295600000,99993.77,100050.22
1706295600000,99993.77,100049.13
1706295600000,99993.77,100050.22
1706295600000,99993.77,100049.13
1706295600000,99993.77,100048.05
1706295600000,99993.77,100046.96
1706295600000,99993.77,100045.88
1706295600000,99993.77,100044.79
1706295600000,99993.77,100043.71
1706295600000,99993.77,100042.62
1706295600000,99993.77,100043.71
1706295600000,99993.77,100042.62
1706295600000,99993.77,100043.71
1706295600000,99993.77,100042.62
1706295600000,99993.77,100043.71
1706295600000,99993.77,100042.62
1706295600000,99993.77,100043.71
1706295600000,99993.77,100042.62
1706295600000,99993.77,100043.71
1706295600000,99993.77,100041.54
1706295600000,99993.77,100042.62
1706295600000,99993.77,100041.54
1706295600000,99993.77,100042.62
1706295600000,99993.77,100040.45
1706295600000,99993.77,100041.54
1706295600000,99993.77,100040.45
1706295600000,99993.77,100041.54
1706295600000,99993.77,100039.36
1706295600000,99993.77,100040.45
1706295600000,99993.77,100039.36
1706295600000,99993.77,100040.45
1706295600000,99993.77,100035.02
1706295600000,99993.77,100033.94
1706295600000,99993.77,100035.03
1706295600000,99993.77,100033.94
1706295600000,99993.77,100035.03
1706295600000,99993.77,100033.94
1706295600000,99993.77,100036.11
1706295600000,99993.77,100035.02
1706295600000,99993.77,100038.28
1706295600000,99993.77,100039.37
1706295600000,99993.77,100038.28
1706295600000,99993.77,100039.37
1706295600000,99993.77,100038.28
1706295600000,99993.77,100039.37
1706295600000,99993.77,100038.28
1706295600000,99993.77,100039.37
1706295600000,99993.77,100037.19
1706295600000,99993.77,100036.11
1706295600000,99993.77,100037.19
1706295600000,99993.77,100036.11
1706295600000,99993.77,100037.19
1706295600000,99993.77,100036.11
1706295600000,99993.77,100038.28
1706295600000,99993.77,100037.19
1706295600000,99993.77,100040.45
1706295600000,99993.77,100039.37
1706295600000,99993.77,100040.45
1706295600000,99993.77,100038.28
1706295600000,99993.77,100039.37
1706295600000,99993.77,100037.2
1706295600000,99993.77,100038.28
1706295600000,99993.77,100032.85
1706295600000,99993.77,100031.77
1706295600000,99993.77,100032.85
1706295600000,99993.77,100031.77
1706295600000,99993.77,100032.85
1706295600000,99993.77,100031.77
1706295600000,99993.77,100032.85
1706295600000,99993.77,100031.77
1706295600000,99993.77,100033.94
1706295600000,99993.77,100035.03
1706295600000,99993.77,100033.94
1706295600000,99993.77,100035.03
1706295600000,99993.77,100032.86
1706295600000,99993.77,100033.94
1706295600000,99993.77,100031.77
1706295600000,99993.77,100032.86
1706295600000,99993.77,100026.34
1706295600000,99993.77,100025.26
1706295600000,99993.77,100026.34
1706295600000,99993.77,100025.26
1706295600000,99993.77,100026.34
1706295600000,99993.77,100025.26
1706295600000,99993.77,100026.34
1706295600000,99993.77,100025.26
1706295600000,99993.77,100027.43
1706295600000,99993.77,100026.34
1706295600000,99993.77,100025.26
1706295600000,99993.77,100024.17
1706295600000,99993.77,100023.09
1706295600000,99993.77,100022.0
1706295600000,99993.77,100020.92
1706295600000,99993.77,100019.83
1706295600000,99993.77,100017.66
1706295600000,99993.77,100018.74
1706295600000,99993.77,100017.66
1706295600000,99993.77,100018.74
1706295600000,99993.77,100017.66
1706295600000,99993.77,100019.83
1706295600000,99993.77,100018.74
1706295600000,99993.77,100020.92
1706295600000,99993.77,100022.0
1706295600000,99993.77,100020.91
1706295600000,99993.77,100022.0
1706295600000,99993.77,100020.92
1706295600000,99993.77,100022.0
1706295600000,99993.77,100020.92
1706295600000,99993.77,100022.0
1706295600000,99993.77,100019.83
1706295600000,99993.77,100018.74
1706295600000,99993.77,100019.83
1706295600000,99993.77,100018.74
1706295600000,99993.77,100019.83
1706295600000,99993.77,100018.74
1706295600000,99993.77,100019.83
1706295600000,99993.77,100018.74
1706295600000,99993.77,100019.83
1706295600000,99993.77,100018.74
1706295600000,99993.77,100019.83
1706295600000,99993.77,100018.74
1706295600000,99993.77,100022.0
1706295600000,99993.77,100020.91
1706295600000,99993.77,100019.83
1706295600000,99993.77,100020.92
1706295600000,99993.77,100019.83
1706295600000,99993.77,100022.0
1706295600000,99993.77,100020.91
1706295600000,99993.77,100023.09
1706295600000,99993.77,100022.0
1706295600000,99993.77,100027.43
1706295600000,99993.77,100028.52
1706295600000,99993.77,100027.43
1706295600000,99993.77,100028.52
1706295600000,99993.77,100027.43
1706295600000,99993.77,100028.52
1706295600000,99993.77,100027.43
1706295600000,99993.77,100028.52
1706295600000,99993.77,100025.26
1706295600000,99993.77,100024.17
1706295600000,99993.77,100025.26
1706295600000,99993.77,100024.17
1706295600000,99993.77,100026.34
1706295600000,99993.77,100025.26
1706295600000,99993.77,100026.34
1706295600000,99993.77,100025.26
1706295600000,99993.77,100030.69
1706295600000,99993.77,100029.6
1706295600000,99993.77,100030.69
1706295600000,99993.77,100028.52
1706295600000,99993.77,100029.6
1706295600000,99993.77,100028.51
1706295600000,99993.77,100029.6
1706295600000,99993.77,100026.34
1706295600000,99993.77,100025.26
1706295600000,99993.77,100026.34
1706295600000,99993.77,100025.26
1706295600000,99993.77,100026.34
1706295600000,99993.77,100025.26
1706295600000,99993.77,100026.34
1706295600000,99993.77,100025.26
1706295600000,99993.77,100027.43
1706295600000,99993.77,100028.51
1706295600000,99993.77,100027.43
1706295600000,99993.77,100028.51
1706295600000,99993.77,100026.34
1706295600000,99993.77,100027.43
1706295600000,99993.77,100026.34
1706295600000,99993.77,100027.43
1706295600000,99993.77,100023.08
1706295600000,99993.77,100022.0
1706295600000,99993.77,100023.08
1706295600000,99993.77,100022.0
1706295600000,99993.77,100023.08
1706295600000,99993.77,100022.0
1706295600000,99993.77,100023.08
1706295600000,99993.77,100022.0
1706295600000,99993.77,100024.17
1706295600000,99993.77,100025.26
1706295600000,99993.77,100024.17
1706295600000,99993.77,100025.26
1706295600000,99993.77,100023.09
1706295600000,99993.77,100024.17
1706295600000,99993.77,100023.09
1706295600000,99993.77,100024.17
1706295600000,99993.77,100019.83
1706295600000,99993.77,100018.74
1706295600000,99993.77,100019.83
1706295600000,99993.77,100018.74
1706295600000,99993.77,100019.83
1706295600000,99993.77,100018.74
1706295600000,99993.77,100019.83
1706295600000,99993.77,100018.74
1706295600000,99993.77,100020.91
1706295600000,99993.77,100019.83
1706295600000,99993.77,100020.91
1706295600000,99993.77,100019.83
1706295600000,99993.77,100020.91
1706295600000,99993.77,100018.74
1706295600000,99993.77,100019.83
1706295600000,99993.77,100018.74
1706295600000,99993.77,100019.83
1706295600000,99993.77,100017.66
1706295600000,99993.77,100018.74
1706295600000,99993.77,100017.66
1706295600000,99993.77,100018.74
1706295600000,99993.77,100014.4
1706295600000,99993.77,100016.57
1706295600000,99993.77,100018.74
1706295600000,99993.77,100020.91
1706295600000,99993.77,100023.09
1706295600000,99993.77,100022.0
1706295600000,99993.77,100023.09
1706295600000,99993.77,100020.91
1706295600000,99993.77,100022.0
1706295600000,99993.77,100023.08
1706295600000,99993.77,100025.26
1706295600000,99993.77,100022.0
1706295600000,99993.77,100018.74
1706295600000,99993.77,100015.49
1706295600000,99993.77,100016.57
1706295600000,99993.77,100015.49
1706295600000,99993.77,100016.57
1706295600000,99993.77,100013.31
1706295600000,99993.77,100010.06
1706295600000,99993.77,100006.8
1706295600000,99993.77,100007.89
1706295600000,99993.77,100006.8
1706295600000,99993.77,100007.89
1706295600000,99993.77,100004.63
1706295600000,99993.77,100001.37
1706295600000,99993.77,99998.11
1706295600000,99993.77,99999.2
1706295600000,99993.77,99998.11
1706295600000,99993.77,99999.2
1706295600000,99993.77,99998.11
1706295600000,99993.77,99999.2
1706295600000,99993.77,99998.11
1706295600000,99993.77,99999.2
1706295600000,99993.77,99998.11
1706295600000,99993.77,99999.2
1706295600000,99993.77,99998.11
1706295600000,99993.77,99999.2
1706295600000,99993.77,99998.11
1706295600000,99993.77,99999.2
1706295600000,99993.77,99998.11
1706295600000,99993.77,99999.2
1706295600000,99993.77,99998.11
1706295600000,99993.77,99999.2
1706295600000,99993.77,99998.11
1706295600000,99993.77,99999.2
1706295600000,99993.77,100001.37
1706295600000,99993.77,100000.29
1706295600000,99993.77,100001.37
1706295600000,99993.77,100000.29
1706295600000,99993.77,100001.37
1706295600000,99993.77,100000.29
1706295600000,99993.77,100002.46
1706295600000,99993.77,100003.54
1706295600000,99993.77,100002.46
1706295600000,99993.77,100003.54
1706295600000,99993.77,100002.46
1706295600000,99993.77,100003.54
1706295600000,99993.77,100001.37
1706295600000,99993.77,100000.29
1706295600000,99993.77,100001.37
1706295600000,99993.77,100000.29
1706295600000,99993.77,100001.37
1706295600000,99993.77,100000.29
1706295600000,99993.77,100003.54
1706295600000,99993.77,100002.46
1706295600000,99993.77,100001.37
1706295600000,99993.77,100000.29
1706295600000,99993.77,99999.2
1706295600000,99993.77,99998.11
1706295600000,99993.77,99997.03
1706295600000,99993.77,99995.94
1706295600000,99993.77,99997.03
1706295600000,99993.77,99995.94
1706295600000,99993.77,99997.03
1706295600000,99993.77,99995.94
1706295600000,99993.77,99998.11
1706295600000,99993.77,99997.03
1706295600000,99993.77,99995.94
1706295600000,99993.77,99994.86
1706295600000,99993.77,99993.77
1706295600000,99993.77,99992.68
1706295600000,99993.77,99991.6
1706295600000,99993.77,99990.51
1706295600000,99993.77,99991.6
1706295600000,99993.77,99990.51
1706295600000,99993.77,99991.6
1706295600000,99993.77,99990.51
1706295600000,99993.77,99992.68
1706295600000,99993.77,99991.6
1706295600000,99993.77,99990.51
1706295600000,99993.77,99989.43
1706295600000,99993.77,99988.34
1706295600000,99993.77,99987.25
1706295600000,99993.77,99986.17
1706295600000,99993.77,99987.25
1706295600000,99993.77,99988.34
1706295600000,99993.77,99989.43
1706295600000,99993.77,99990.51
1706295600000,99993.77,99991.6
1706295600000,99993.77,99992.68
1706295600000,99993.77,99993.77
1706295600000,99993.77,99992.68
1706295600000,99993.77,99993.77
1706295600000,99993.77,99992.68
1706295600000,99993.77,99993.77
1706295600000,99993.77,99990.51
1706295600000,99993.77,99991.6
1706295600000,99993.77,99990.51
1706295600000,99993.77,99992.68
1706295600000,99993.77,99991.6
1706295600000,99993.77,99992.68
1706295600000,99993.77,99991.6
1706295600000,99993.77,99993.77
1706295600000,99993.77,99992.68
1706295600000,99993.77,99995.94
1706295600000,99993.77,99999.2
1706295600000,99993.77,99998.11
1706295600000,99993.77,99999.2
1706295600000,99993.77,99998.11
1706295600000,99993.77,99999.2
1706295600000,99993.77,99998.11
1706295600000,99993.77,99999.2
1706295600000,99993.77,99997.03
1706295600000,99993.77,99998.11
1706295600000,99993.77,99995.94
1706295600000,99993.77,99997.03
1706295600000,99993.77,99995.94
1706295600000,99993.77,99997.03
1706295600000,99993.77,99995.94
1706295600000,99993.77,99997.03
1706295600000,99993.77,99995.94
1706295600000,99993.77,99997.03
1706295600000,99993.77,99995.94
1706295600000,99993.77,99997.03
1706295600000,99993.77,99995.94
1706295600000,99993.77,99997.03
1706295600000,99993.77,99995.94
1706295600000,99993.77,99997.03
1706295600000,99993.77,99995.94
1706295600000,99993.77,99997.03
1706295600000,99993.77,99995.94
1706295600000,99993.77,99997.03
1706295600000,99993.77,99994.86
1706295600000,99993.77,99995.94
1706295600000,99993.77,99994.86
1706295600000,99993.77,99997.03
1706295600000,99993.77,99995.94
1706295600000,99993.77,99997.03
1706295600000,99993.77,99995.94
1706295600000,99993.77,99998.11
1706295600000,99993.77,99997.03
1706295600000,99993.77,100001.37
1706295600000,99993.77,100000.29
1706295600000,99993.77,100001.37
1706295600000,99993.77,100000.29
1706295600000,99993.77,100001.37
1706295600000,99993.77,100000.29
1706295600000,99993.77,100001.37
1706295600000,99993.77,100000.29
1706295600000,99993.77,100001.37
1706295600000,99993.77,100000.29
1706295600000,99993.77,100001.37
1706295600000,99993.77,100000.29
1706295600000,99993.77,100002.46
1706295600000,99993.77,100001.37
1706295600000,99993.77,100002.46
1706295600000,99993.77,100001.37
1706295600000,99993.77,100003.54
1706295600000,99993.77,100002.46
1706295600000,99993.77,100006.8
1706295600000,99993.77,100005.71
1706295600000,99993.77,100006.8
1706295600000,99993.77,100005.71
1706295600000,99993.77,100006.8
1706295600000,99993.77,100005.71
1706295600000,99993.77,100006.8
1706295600000,99993.77,100005.71
1706295600000,99993.77,100006.8
1706295600000,99993.77,100005.71
1706295600000,99993.77,100006.8
1706295600000,99993.77,100005.71
1706295600000,99993.77,100007.89
1706295600000,99993.77,100006.8
1706295600000,99993.77,100008.97
1706295600000,99993.77,100007.89
1706295600000,99993.77,100010.06
1706295600000,99993.77,100008.97
1706295600000,99993.77,100013.32
1706295600000,99993.77,100012.23
1706295600000,99993.77,100013.31
1706295600000,99993.77,100011.14
1706295600000,99993.77,100012.23
1706295600000,99993.77,100011.14
1706295600000,99993.77,100012.23
1706295600000,99993.77,100010.06
1706295600000,99993.77,100011.14
1706295600000,99993.77,100006.8
1706295600000,99993.77,100007.89
1706295600000,99993.77,100006.8
1706295600000,99993.77,100007.89
1706295600000,99993.77,100006.8
1706295600000,99993.77,100007.89
1706295600000,99993.77,100006.8
1706295600000,99993.77,100007.89
1706295600000,99993.77,100006.8
1706295600000,99993.77,100008.97
1706295600000,99993.77,100010.06
1706295600000,99993.77,100008.97
1706295600000,99993.77,100010.06
1706295600000,99993.77,100008.97
1706295600000,99993.77,100010.06
1706295600000,99993.77,100007.89
1706295600000,99993.77,100008.97
1706295600000,99993.77,100007.89
1706295600000,99993.77,100008.97
1706295600000,99993.77,100004.63
1706295600000,99993.77,100003.54
1706295600000,99993.77,100004.63
1706295600000,99993.77,100005.71
1706295600000,99993.77,100006.8
1706295600000,99993.77,100008.97
1706295600000,99993.77,100010.06
1706295600000,99993.77,100008.97
1706295600000,99993.77,100010.06
1706295600000,99993.77,100007.89
1706295600000,99993.77,100008.97
1706295600000,99993.77,100010.06
1706295600000,99993.77,100011.14
1706295600000,99993.77,100013.32
1706295600000,99993.77,100014.4
1706295600000,99993.77,100013.32
1706295600000,99993.77,100014.4
1706295600000,99993.77,100012.23
1706295600000,99993.77,100013.31
1706295600000,99993.77,100014.4
1706295600000,99993.77,100015.49
1706295600000,99993.77,100017.66
1706295600000,99993.77,100018.74
1706295600000,99993.77,100017.66
1706295600000,99993.77,100018.74
1706295600000,99993.77,100016.57
1706295600000,99993.77,100017.66
1706295600000,99993.77,100019.83
1706295600000,99993.77,100020.91
1706295600000,99993.77,100023.09
1706295600000,99993.77,100022.0
1706295600000,99993.77,100023.09
1706295600000,99993.77,100019.83
1706295600000,99993.77,100018.74
1706295600000,99993.77,100019.83
1706295600000,99993.77,100018.74
1706295600000,99993.77,100020.91
1706295600000,99993.77,100019.83
1706295600000,99993.77,100020.91
1706295600000,99993.77,100019.83
1706295600000,99993.77,100020.91
1706295600000,99993.77,100019.83
1706295600000,99993.77,100020.91
1706295600000,99993.77,100019.83
1706295600000,99993.77,100020.91
1706295600000,99993.77,100019.83
1706295600000,99993.77,100020.91
1706295600000,99993.77,100019.83
1706295600000,99993.77,100020.91
1706295600000,99993.77,100019.83
1706295600000,99993.77,100020.91
1706295600000,99993.77,100019.83
1706295600000,99993.77,100018.74
1706295600000,99993.77,100017.66
1706295600000,99993.77,100016.57
1706295600000,99993.77,100015.48
1706295600000,99993.77,100013.31
1706295600000,99993.77,100012.23
1706295600000,99993.77,100013.31
1706295600000,99993.77,100012.23
1706295600000,99993.77,100015.48
1706295600000,99993.77,100016.57
1706295600000,99993.77,100015.48
1706295600000,99993.77,100016.57
1706295600000,99993.77,100012.23
1706295600000,99993.77,100013.31
1706295600000,99993.77,100015.48
1706295600000,99993.77,100016.57
1706295600000,99993.77,100018.74
1706295600000,99993.77,100019.83
1706295600000,99993.77,100018.74
1706295600000,99993.77,100019.83
1706295600000,99993.77,100017.66
1706295600000,99993.77,100018.74
1706295600000,99993.77,100020.91
1706295600000,99993.77,100022.0
1706295600000,99993.77,100024.17
1706295600000,99993.77,100025.26
1706295600000,99993.77,100024.17
1706295600000,99993.77,100025.26
1706295600000,99993.77,100023.09
1706295600000,99993.77,100024.17
1706295600000,99993.77,100026.34
1706295600000,99993.77,100027.43
1706295600000,99993.77,100029.6
1706295600000,99993.77,100028.52
1706295600000,99993.77,100026.34
1706295600000,99993.77,100025.26
1706295600000,99993.77,100023.09
1706295600000,99993.77,100022.0
1706295600000,99993.77,100023.09
1706295600000,99993.77,100022.0
1706295600000,99993.77,100025.26
1706295600000,99993.77,100024.17
1706295600000,99993.77,100025.26
1706295600000,99993.77,100024.17
1706295600000,99993.77,100025.26
1706295600000,99993.77,100024.17
1706295600000,99993.77,100025.26
1706295600000,99993.77,100023.09
1706295600000,99993.77,100024.17
1706295600000,99993.77,100023.09
1706295600000,99993.77,100024.17
1706295600000,99993.77,100023.09
1706295600000,99993.77,100024.17
1706295600000,99993.77,100023.09
1706295600000,99993.77,100024.17
1706295600000,99993.77,100020.92
1706295600000,99993.77,100019.83
1706295600000,99993.77,100018.74
1706295600000,99993.77,100019.83
1706295600000,99993.77,100018.74
1706295600000,99993.77,100019.83
1706295600000,99993.77,100018.74
1706295600000,99993.77,100019.83
1706295600000,99993.77,100018.74
1706295600000,99993.77,100019.83
1706295600000,99993.77,100018.74
1706295600000,99993.77,100019.83
1706295600000,99993.77,100018.74
1706295600000,99993.77,100019.83
1706295600000,99993.77,100018.74
1706295600000,99993.77,100019.83
1706295600000,99993.77,100018.74
1706295600000,99993.77,100019.83
1706295600000,99993.77,100018.74
1706295600000,99993.77,100019.83
1706295600000,99993.77,100018.74
1706295600000,99993.77,100019.83
1706295600000,99993.77,100018.74
1706295600000,99993.77,100019.82
1706295600000,99993.77,100018.74
1706295600000,99993.77,100019.82
1706295600000,99993.77,100018.74
1706295600000,99993.77,100019.82
1706295600000,99993.77,100018.74
1706295600000,99993.77,100019.82
1706295600000,99993.77,100018.74
1706295600000,99993.77,100020.91
1706295600000,99993.77,100019.82
1706295600000,99993.77,100022.0
1706295600000,99993.77,100020.91
1706295600000,99993.77,100023.08
1706295600000,99993.77,100022.0
1706295600000,99993.77,100026.34
1706295600000,99993.77,100025.25
1706295600000,99993.77,100026.34
1706295600000,99993.77,100025.25
1706295600000,99993.77,100026.34
1706295600000,99993.77,100025.25
1706295600000,99993.77,100026.34
1706295600000,99993.77,100025.25
1706295600000,99993.77,100026.34
1706295600000,99993.77,100025.25
1706295600000,99993.77,100026.34
1706295600000,99993.77,100025.25
1706295600000,99993.77,100027.42
1706295600000,99993.77,100026.34
1706295600000,99993.77,100028.51
1706295600000,99993.77,100027.42
1706295600000,99993.77,100029.59
1706295600000,99993.77,100028.51
1706295600000,99993.77,100032.85
1706295600000,99993.77,100031.76
1706295600000,99993.77,100032.85
1706295600000,99993.77,100031.76
1706295600000,99993.77,100032.85
1706295600000,99993.77,100031.76
1706295600000,99993.77,100032.85
1706295600000,99993.77,100031.76
1706295600000,99993.77,100032.85
1706295600000,99993.77,100031.76
1706295600000,99993.77,100032.85
1706295600000,99993.77,100033.93
1706295600000,99993.77,100035.02
1706295600000,99993.77,100036.11
1706295600000,99993.77,100037.19
1706295600000,99993.77,100038.28
1706295600000,99993.77,100039.36
1706295600000,99993.77,100040.45
1706295600000,99993.77,100041.53
1706295600000,99993.77,100040.45
1706295600000,99993.77,100038.28
1706295600000,99993.77,100036.11
1706295600000,99993.77,100035.02
1706295600000,99993.77,100032.85
1706295600000,99993.77,100030.68
1706295600000,99993.77,100029.59
1706295600000,99993.77,100027.42
1706295600000,99993.77,100025.25
1706295600000,99993.77,100026.34
1706295600000,99993.77,100025.25
1706295600000,99993.77,100027.42
1706295600000,99993.77,100026.33
1706295600000,99993.77,100027.42
1706295600000,99993.77,100026.34
1706295600000,99993.77,100028.51
1706295600000,99993.77,100027.42
1706295600000,99993.77,100030.68
1706295600000,99993.77,100029.59
1706295600000,99993.77,100030.68
1706295600000,99993.77,100028.51
1706295600000,99993.77,100029.59
1706295600000,99993.77,100028.51
1706295600000,99993.77,100029.59
1706295600000,99993.77,100027.42
1706295600000,99993.77,100028.51
1706295600000,99993.77,100026.34
1706295600000,99993.77,100027.42
1706295600000,99993.77,100026.34
1706295600000,99993.77,100027.42
1706295600000,99993.77,100025.25
1706295600000,99993.77,100026.34
1706295600000,99993.77,100020.91
1706295600000,99993.77,100019.82
1706295600000,99993.77,100018.74
1706295600000,99993.77,100019.82
1706295600000,99993.77,100018.74
1706295600000,99993.77,100019.82
1706295600000,99993.77,100018.74
1706295600000,99993.77,100020.91
1706295600000,99993.77,100019.82
1706295600000,99993.77,100023.08
1706295600000,99993.77,100024.16
1706295600000,99993.77,100023.08
1706295600000,99993.77,100024.16
1706295600000,99993.77,100023.08
1706295600000,99993.77,100024.16
1706295600000,99993.77,100023.08
1706295600000,99993.77,100024.16
1706295600000,99993.77,100021.99
1706295600000,99993.77,100020.91
1706295600000,99993.77,100021.99
1706295600000,99993.77,100020.91
1706295600000,99993.77,100021.99
1706295600000,99993.77,100020.91
1706295600000,99993.77,100023.08
1706295600000,99993.77,100021.99
1706295600000,99993.77,100025.25
1706295600000,99993.77,100024.17
1706295600000,99993.77,100025.25
1706295600000,99993.77,100023.08
1706295600000,99993.77,100024.17
1706295600000,99993.77,100023.08
1706295600000,99993.77,100024.17
1706295600000,99993.77,100020.91
1706295600000,99993.77,100019.82
1706295600000,99993.77,100020.91
1706295600000,99993.77,100019.82
1706295600000,99993.77,100020.91
1706295600000,99993.77,100019.82
1706295600000,99993.77,100020.91
1706295600000,99993.77,100019.82
1706295600000,99993.77,100022.0
1706295600000,99993.77,100023.08
1706295600000,99993.77,100022.0
1706295600000,99993.77,100023.08
1706295600000,99993.77,100020.91
1706295600000,99993.77,100022.0
1706295600000,99993.77,100020.91
1706295600000,99993.77,100022.0
1706295600000,99993.77,100017.65
1706295600000,99993.77,100016.57
1706295600000,99993.77,100017.65
1706295600000,99993.77,100016.57
1706295600000,99993.77,100017.65
1706295600000,99993.77,100016.57
1706295600000,99993.77,100017.65
1706295600000,99993.77,100016.57
1706295600000,99993.77,100018.74
1706295600000,99993.77,100019.83
1706295600000,99993.77,100018.74
1706295600000,99993.77,100019.83
1706295600000,99993.77,100017.66
1706295600000,99993.77,100018.74
1706295600000,99993.77,100017.66
1706295600000,99993.77,100018.74
1706295600000,99993.77,100013.31
1706295600000,99993.77,100014.4
1706295600000,99993.77,100013.31
1706295600000,99993.77,100014.4
1706295600000,99993.77,100013.31
1706295600000,99993.77,100014.4
1706295600000,99993.77,100013.31
1706295600000,99993.77,100015.48
1706295600000,99993.77,100016.57
1706295600000,99993.77,100015.48
1706295600000,99993.77,100016.57
1706295600000,99993.77,100015.48
1706295600000,99993.77,100016.57
1706295600000,99993.77,100015.48
1706295600000,99993.77,100016.57
1706295600000,99993.77,100014.4
1706295600000,99993.77,100013.31
1706295600000,99993.77,100014.4
1706295600000,99993.77,100013.31
1706295600000,99993.77,100014.4
1706295600000,99993.77,100013.31
1706295600000,99993.77,100014.4
1706295600000,99993.77,100013.31
1706295600000,99993.77,100014.4
1706295600000,99993.77,100013.31
1706295600000,99993.77,100014.4
1706295600000,99993.77,100013.31
1706295600000,99993.77,100016.57
1706295600000,99993.77,100023.08
1706295600000,99993.77,100022.0
1706295600000,99993.77,100023.08
1706295600000,99993.77,100020.91
1706295600000,99993.77,100022.0
1706295600000,99993.77,100020.91
1706295600000,99993.77,100022.0
1706295600000,99993.77,100017.66
1706295600000,99993.77,100016.57
1706295600000,99993.77,100017.66
1706295600000,99993.77,100016.57
1706295600000,99993.77,100017.66
1706295600000,99993.77,100016.57
1706295600000,99993.77,100017.66
1706295600000,99993.77,100016.57
1706295600000,99993.77,100018.74
1706295600000,99993.77,100019.83
1706295600000,99993.77,100018.74
1706295600000,99993.77,100019.83
1706295600000,99993.77,100017.66
1706295600000,99993.77,100018.74
1706295600000,99993.77,100017.66
1706295600000,99993.77,100018.74
1706295600000,99993.77,100013.31
1706295600000,99993.77,100012.23
1706295600000,99993.77,100013.31
1706295600000,99993.77,100012.23
1706295600000,99993.77,100013.31
1706295600000,99993.77,100012.23
1706295600000,99993.77,100013.31
1706295600000,99993.77,100012.23
1706295600000,99993.77,100014.4
1706295600000,99993.77,100015.48
1706295600000,99993.77,100014.4
1706295600000,99993.77,100015.48
1706295600000,99993.77,100013.31
1706295600000,99993.77,100014.4
1706295600000,99993.77,100013.31
1706295600000,99993.77,100014.4
1706295600000,99993.77,100008.97
1706295600000,99993.77,100007.88
1706295600000,99993.77,100008.97
1706295600000,99993.77,100007.88
1706295600000,99993.77,100008.97
1706295600000,99993.77,100007.88
1706295600000,99993.77,100008.97
1706295600000,99993.77,100007.88
1706295600000,99993.77,100010.05
1706295600000,99993.77,100008.97
1706295600000,99993.77,100007.88
1706295600000,99993.77,100006.8
1706295600000,99993.77,100005.71
1706295600000,99993.77,100004.63
1706295600000,99993.77,100003.54
1706295600000,99993.77,100002.45
1706295600000,99993.77,100001.37
1706295600000,99993.77,100002.45
1706295600000,99993.77,100001.37
1706295600000,99993.77,100003.54
1706295600000,99993.77,100002.45
1706295600000,99993.77,100004.63
1706295600000,99993.77,100003.54
1706295600000,99993.77,100008.97
1706295600000,99993.77,100010.05
1706295600000,99993.77,100008.97
1706295600000,99993.77,100010.05
1706295600000,99993.77,100008.97
1706295600000,99993.77,100010.05
1706295600000,99993.77,100008.97
1706295600000,99993.77,100010.05
1706295600000,99993.77,100006.8
1706295600000,99993.77,100007.88
1706295600000,99993.77,100006.8
1706295600000,99993.77,100007.88
1706295600000,99993.77,100006.8
1706295600000,99993.77,100007.88
1706295600000,99993.77,100006.8
1706295600000,99993.77,100008.97
1706295600000,99993.77,100007.88
1706295600000,99993.77,100008.97
1706295600000,99993.77,100007.88
1706295600000,99993.77,100010.05
1706295600000,99993.77,100008.97
1706295600000,99993.77,100010.05
1706295600000,99993.77,100008.97
1706295600000,99993.77,100012.22
1706295600000,99993.77,100011.14
1706295600000,99993.77,100012.23
1706295600000,99993.77,100011.14
1706295600000,99993.77,100013.31
1706295600000,99993.77,100012.22
1706295600000,99993.77,100013.31
1706295600000,99993.77,100012.22
1706295600000,99993.77,100015.48
1706295600000,99993.77,100014.4
1706295600000,99993.77,100015.48
1706295600000,99993.77,100014.4
1706295600000,99993.77,100015.48
1706295600000,99993.77,100014.4
1706295600000,99993.77,100015.48
1706295600000,99993.77,100014.4
1706295600000,99993.77,100015.48
1706295600000,99993.77,100014.4
1706295600000,99993.77,100016.57
1706295600000,99993.77,100015.48
1706295600000,99993.77,100016.57
1706295600000,99993.77,100015.48
1706295600000,99993.77,100018.74
1706295600000,99993.77,100017.65
1706295600000,99993.77,100018.74
1706295600000,99993.77,100017.65
1706295600000,99993.77,100018.74
1706295600000,99993.77,100017.65
1706295600000,99993.77,100018.74
1706295600000,99993.77,100017.65
1706295600000,99993.77,100018.74
1706295600000,99993.77,100017.65
1706295600000,99993.77,100019.82
1706295600000,99993.77,100018.74
1706295600000,99993.77,100019.82
1706295600000,99993.77,100018.74
1706295600000,99993.77,100022.0
1706295600000,99993.77,100020.91
1706295600000,99993.77,100022.0
1706295600000,99993.77,100020.91
1706295600000,99993.77,100022.0
1706295600000,99993.77,100020.91
1706295600000,99993.77,100022.0
1706295600000,99993.77,100020.91
1706295600000,99993.77,100022.0
1706295600000,99993.77,100020.91
1706295600000,99993.77,100023.08
1706295600000,99993.77,100022.0
1706295600000,99993.77,100023.08
1706295600000,99993.77,100022.0
1706295600000,99993.77,100025.25
1706295600000,99993.77,100024.17
1706295600000,99993.77,100023.08
1706295600000,99993.77,100022.0
1706295600000,99993.77,100019.83
1706295600000,99993.77,100018.74
1706295600000,99993.77,100017.66
1706295600000,99993.77,100015.48
1706295600000,99993.77,100016.57
1706295600000,99993.77,100015.48
1706295600000,99993.77,100016.57
1706295600000,99993.77,100015.48
1706295600000,99993.77,100017.66
1706295600000,99993.77,100016.57
1706295600000,99993.77,100018.74
1706295600000,99993.77,100019.83
1706295600000,99993.77,100018.74
1706295600000,99993.77,100019.83
1706295600000,99993.77,100018.74
1706295600000,99993.77,100019.83
1706295600000,99993.77,100018.74
1706295600000,99993.77,100019.83
1706295600000,99993.77,100017.66
1706295600000,99993.77,100018.74
1706295600000,99993.77,100017.66
1706295600000,99993.77,100018.74
1706295600000,99993.77,100017.66
1706295600000,99993.77,100018.74
1706295600000,99993.77,100016.57
1706295600000,99993.77,100017.66
1706295600000,99993.77,100013.31
1706295600000,99993.77,100011.14
1706295600000,99993.77,100010.06
1706295600000,99993.77,100011.14
1706295600000,99993.77,100010.06
1706295600000,99993.77,100012.23
1706295600000,99993.77,100011.14
1706295600000,99993.77,100013.31
1706295600000,99993.77,100012.23
1706295600000,99993.77,100017.66
1706295600000,99993.77,100018.74
1706295600000,99993.77,100017.66
1706295600000,99993.77,100018.74
1706295600000,99993.77,100017.66
1706295600000,99993.77,100018.74
1706295600000,99993.77,100017.66
1706295600000,99993.77,100018.74
1706295600000,99993.77,100015.48
1706295600000,99993.77,100014.4
1706295600000,99993.77,100015.49
1706295600000,99993.77,100014.4
1706295600000,99993.77,100016.57
1706295600000,99993.77,100015.48
1706295600000,99993.77,100016.57
1706295600000,99993.77,100015.49
1706295600000,99993.77,100019.83
1706295600000,99993.77,100018.74
1706295600000,99993.77,100019.83
1706295600000,99993.77,100017.66
1706295600000,99993.77,100018.74
1706295600000,99993.77,100017.66
1706295600000,99993.77,100018.74
1706295600000,99993.77,100014.4
1706295600000,99993.77,100013.31
1706295600000,99993.77,100014.4
1706295600000,99993.77,100013.31
1706295600000,99993.77,100014.4
1706295600000,99993.77,100013.31
1706295600000,99993.77,100014.4
1706295600000,99993.77,100013.31
1706295600000,99993.77,100015.48
1706295600000,99993.77,100016.57
1706295600000,99993.77,100015.48
1706295600000,99993.77,100016.57
1706295600000,99993.77,100014.4
1706295600000,99993.77,100015.48
1706295600000,99993.77,100014.4
1706295600000,99993.77,100015.48
1706295600000,99993.77,100010.06
1706295600000,99993.77,100008.97
1706295600000,99993.77,100010.05
1706295600000,99993.77,100008.97
1706295600000,99993.77,100010.05
1706295600000,99993.77,100008.97
1706295600000,99993.77,100010.06
1706295600000,99993.77,100008.97
1706295600000,99993.77,100011.14
1706295600000,99993.77,100012.23
1706295600000,99993.77,100011.14
1706295600000,99993.77,100012.23
1706295600000,99993.77,100010.05
1706295600000,99993.77,100011.14
1706295600000,99993.77,100008.97
1706295600000,99993.77,100010.05
1706295600000,99993.77,100003.54
1706295600000,99993.77,100004.63
1706295600000,99993.77,100003.54
1706295600000,99993.77,100005.71
1706295600000,99993.77,100004.63
1706295600000,99993.77,100005.71
1706295600000,99993.77,100004.63
1706295600000,99993.77,100008.97
1706295600000,99993.77,100010.05
1706295600000,99993.77,100008.97
1706295600000,99993.77,100010.05
1706295600000,99993.77,100008.97
1706295600000,99993.77,100010.05
1706295600000,99993.77,100008.97
1706295600000,99993.77,100010.05
1706295600000,99993.77,100006.8
1706295600000,99993.77,100007.88
1706295600000,99993.77,100006.8
1706295600000,99993.77,100007.88
1706295600000,99993.77,100006.8
1706295600000,99993.77,100008.97
1706295600000,99993.77,100007.88
1706295600000,99993.77,100008.97
1706295600000,99993.77,100007.88
1706295600000,99993.77,100008.97
1706295600000,99993.77,100007.88
1706295600000,99993.77,100011.14
1706295600000,99993.77,100015.48
1706295600000,99993.77,100016.57
1706295600000,99993.77,100015.48
1706295600000,99993.77,100016.57
1706295600000,99993.77,100014.4
1706295600000,99993.77,100015.48
1706295600000,99993.77,100012.23
1706295600000,99993.77,100011.14
1706295600000,99993.77,100012.22
1706295600000,99993.77,100011.14
1706295600000,99993.77,100012.22
1706295600000,99993.77,100011.14
1706295600000,99993.77,100013.31
1706295600000,99993.77,100014.4
1706295600000,99993.77,100013.31
1706295600000,99993.77,100014.4
1706295600000,99993.77,100013.31
1706295600000,99993.77,100014.4
1706295600000,99993.77,100011.14
1706295600000,99993.77,100012.22
1706295600000,99993.77,100014.4
1706295600000,99993.77,100015.48
1706295600000,99993.77,100017.65
1706295600000,99993.77,100018.74
1706295600000,99993.77,100020.91
1706295600000,99993.77,100021.99
1706295600000,99993.77,100020.91
1706295600000,99993.77,100021.99
1706295600000,99993.77,100020.91
1706295600000,99993.77,100021.99
1706295600000,99993.77,100019.82
1706295600000,99993.77,100020.91
1706295600000,99993.77,100023.08
1706295600000,99993.77,100024.16
1706295600000,99993.77,100026.33
1706295600000,99993.77,100027.42
1706295600000,99993.77,100029.59
1706295600000,99993.77,100030.68
1706295600000,99993.77,100029.59
1706295600000,99993.77,100030.68
1706295600000,99993.77,100029.59
1706295600000,99993.77,100030.68
1706295600000,99993.77,100028.5
1706295600000,99993.77,100029.59
1706295600000,99993.77,100031.76
1706295600000,99993.77,100033.93
1706295600000,99993.77,100036.1
1706295600000,99993.77,100038.27
1706295600000,99993.77,100040.44
1706295600000,99993.77,100038.27
1706295600000,99993.77,100035.02
1706295600000,99993.77,100032.85
1706295600000,99993.77,100029.59
1706295600000,99993.77,100027.42
1706295600000,99993.77,100024.16
1706295600000,99993.77,100023.08
1706295600000,99993.77,100024.16
1706295600000,99993.77,100023.08
1706295600000,99993.77,100025.25
1706295600000,99993.77,100024.16
1706295600000,99993.77,100029.59
1706295600000,99993.77,100030.68
1706295600000,99993.77,100029.59
1706295600000,99993.77,100030.68
1706295600000,99993.77,100028.51
1706295600000,99993.77,100029.59
1706295600000,99993.77,100027.42
1706295600000,99993.77,100028.51
1706295600000,99993.77,100027.42
1706295600000,99993.77,100028.51
1706295600000,99993.77,100026.34
1706295600000,99993.77,100027.42
1706295600000,99993.77,100025.25
1706295600000,99993.77,100026.34
1706295600000,99993.77,100018.74
1706295600000,99993.77,100017.65
1706295600000,99993.77,100018.74
1706295600000,99993.77,100017.65
1706295600000,99993.77,100018.74
1706295600000,99993.77,100017.65
1706295600000,99993.77,100018.74
1706295600000,99993.77,100017.65
1706295600000,99993.77,100019.82
1706295600000,99993.77,100018.74
1706295600000,99993.77,100019.82
1706295600000,99993.77,100018.74
1706295600000,99993.77,100019.82
1706295600000,99993.77,100018.74
1706295600000,99993.77,100019.82
1706295600000,99993.77,100018.74
1706295600000,99993.77,100019.82
1706295600000,99993.77,100018.74
1706295600000,99993.77,100019.82
1706295600000,99993.77,100018.74
1706295600000,99993.77,100019.82
1706295600000,99993.77,100018.74
1706295600000,99993.77,100020.91
1706295600000,99993.77,100019.82
1706295600000,99993.77,100020.91
1706295600000,99993.77,100018.74
1706295600000,99993.77,100019.82
1706295600000,99993.77,100018.74
1706295600000,99993.77,100019.82
1706295600000,99993.77,100016.57
1706295600000,99993.77,100017.65
1706295600000,99993.77,100016.57
1706295600000,99993.77,100017.65
1706295600000,99993.77,100016.57
1706295600000,99993.77,100017.65
1706295600000,99993.77,100016.57
1706295600000,99993.77,100017.65
1706295600000,99993.77,100016.57
1706295600000,99993.77,100017.65
1706295600000,99993.77,100015.48
1706295600000,99993.77,100016.57
1706295600000,99993.77,100015.48
1706295600000,99993.77,100016.57
1706295600000,99993.77,100013.31
1706295600000,99993.77,100014.4
1706295600000,99993.77,100013.31
1706295600000,99993.77,100014.4
1706295600000,99993.77,100013.31
1706295600000,99993.77,100014.4
1706295600000,99993.77,100013.31
1706295600000,99993.77,100014.4
1706295600000,99993.77,100013.31
1706295600000,99993.77,100014.4
1706295600000,99993.77,100012.23
1706295600000,99993.77,100013.31
1706295600000,99993.77,100011.14
1706295600000,99993.77,100012.23
1706295600000,99993.77,100008.97
1706295600000,99993.77,100010.06
1706295600000,99993.77,100008.97
1706295600000,99993.77,100011.14
1706295600000,99993.77,100010.05
1706295600000,99993.77,100012.23
1706295600000,99993.77,100011.14
1706295600000,99993.77,100015.48
1706295600000,99993.77,100014.4
1706295600000,99993.77,100015.48
1706295600000,99993.77,100014.4
1706295600000,99993.77,100015.48
1706295600000,99993.77,100014.4
1706295600000,99993.77,100015.48
1706295600000,99993.77,100013.31
1706295600000,99993.77,100012.23
1706295600000,99993.77,100013.31
1706295600000,99993.77,100012.23
1706295600000,99993.77,100013.31
1706295600000,99993.77,100012.23
1706295600000,99993.77,100013.31
1706295600000,99993.77,100012.23
1706295600000,99993.77,100014.4
1706295600000,99993.77,100013.31
1706295600000,99993.77,100014.4
1706295600000,99993.77,100013.31
1706295600000,99993.77,100014.4
1706295600000,99993.77,100013.31
1706295600000,99993.77,100014.4
1706295600000,99993.77,100013.31
1706295600000,99993.77,100017.65
1706295600000,99993.77,100020.91
1706295600000,99993.77,100019.83
1706295600000,99993.77,100020.91
1706295600000,99993.77,100019.83
1706295600000,99993.77,100022.0
1706295600000,99993.77,100020.91
1706295600000,99993.77,100023.08
1706295600000,99993.77,100022.0
1706295600000,99993.77,100028.51
1706295600000,99993.77,100029.6
1706295600000,99993.77,100028.51
1706295600000,99993.77,100029.6
1706295600000,99993.77,100028.51
1706295600000,99993.77,100029.6
1706295600000,99993.77,100028.51
1706295600000,99993.77,100029.6
1706295600000,99993.77,100026.34
1706295600000,99993.77,100025.26
1706295600000,99993.77,100026.34
1706295600000,99993.77,100025.26
1706295600000,99993.77,100027.43
1706295600000,99993.77,100026.34
1706295600000,99993.77,100027.43
1706295600000,99993.77,100026.34
1706295600000,99993.77,100031.77
1706295600000,99993.77,100030.68
1706295600000,99993.77,100029.6
1706295600000,99993.77,100028.51
1706295600000,99993.77,100027.42
1706295600000,99993.77,100026.34
1706295600000,99993.77,100025.25
1706295600000,99993.77,100024.17
1706295600000,99993.77,100023.08
1706295600000,99993.77,100022.0
1706295600000,99993.77,100023.08
1706295600000,99993.77,100022.0
1706295600000,99993.77,100023.08
1706295600000,99993.77,100022.0
1706295600000,99993.77,100023.08
1706295600000,99993.77,100022.0
1706295600000,99993.77,100024.17
1706295600000,99993.77,100023.08
1706295600000,99993.77,100022.0
1706295600000,99993.77,100020.91
1706295600000,99993.77,100019.82
1706295600000,99993.77,100018.74
1706295600000,99993.77,100017.65
1706295600000,99993.77,100016.57
1706295600000,99993.77,100015.48
1706295600000,99993.77,100014.4
1706295600000,99993.77,100015.48
1706295600000,99993.77,100014.4
1706295600000,99993.77,100015.48
1706295600000,99993.77,100014.4
1706295600000,99993.77,100015.48
1706295600000,99993.77,100014.4
1706295600000,99993.77,100016.57
1706295600000,99993.77,100015.48
1706295600000,99993.77,100014.39
1706295600000,99993.77,100013.31
1706295600000,99993.77,100011.14
1706295600000,99993.77,100010.05
1706295600000,99993.77,100008.97
1706295600000,99993.77,100007.88
1706295600000,99993.77,100005.71
1706295600000,99993.77,100006.8
1706295600000,99993.77,100007.88
1706295600000,99993.77,100008.97
1706295600000,99993.77,100011.14
1706295600000,99993.77,100012.22
1706295600000,99993.77,100013.31
1706295600000,99993.77,100014.4
1706295600000,99993.77,100016.57
1706295600000,99993.77,100017.65
1706295600000,99993.77,100016.57
1706295600000,99993.77,100017.65
1706295600000,99993.77,100016.57
1706295600000,99993.77,100017.65
1706295600000,99993.77,100015.48
1706295600000,99993.77,100016.57
1706295600000,99993.77,100013.31
1706295600000,99993.77,100014.4
1706295600000,99993.77,100013.31
1706295600000,99993.77,100015.48
1706295600000,99993.77,100014.4
1706295600000,99993.77,100015.48
1706295600000,99993.77,100014.4
1706295600000,99993.77,100016.57
1706295600000,99993.77,100015.48
1706295600000,99993.77,100017.65
1706295600000,99993.77,100016.57
1706295600000,99993.77,100020.91
1706295600000,99993.77,100014.4
1706295600000,99993.77,100015.48
1706295600000,99993.77,100014.4
1706295600000,99993.77,100015.48
1706295600000,99993.77,100013.31
1706295600000,99993.77,100014.4
1706295600000,99993.77,100013.31
1706295600000,99993.77,100014.4
1706295600000,99993.77,100008.97
1706295600000,99993.77,100007.88
1706295600000,99993.77,100008.97
1706295600000,99993.77,100007.88
1706295600000,99993.77,100008.97
1706295600000,99993.77,100007.88
1706295600000,99993.77,100008.97
1706295600000,99993.77,100007.88
1706295600000,99993.77,100011.14
1706295600000,99993.77,100012.22
1706295600000,99993.77,100011.14
1706295600000,99993.77,100012.22
1706295600000,99993.77,100011.14
1706295600000,99993.77,100012.22
1706295600000,99993.77,100010.05
1706295600000,99993.77,100011.14
1706295600000,99993.77,100007.88
1706295600000,99993.77,100008.97
1706295600000,99993.77,100007.88
1706295600000,99993.77,100010.05
1706295600000,99993.77,100008.97
1706295600000,99993.77,100011.14
1706295600000,99993.77,100010.05
1706295600000,99993.77,100014.4
1706295600000,99993.77,100015.48
1706295600000,99993.77,100014.4
1706295600000,99993.77,100015.48
1706295600000,99993.77,100014.4
1706295600000,99993.77,100015.48
1706295600000,99993.77,100014.4
1706295600000,99993.77,100015.48
1706295600000,99993.77,100013.31
1706295600000,99993.77,100012.23
1706295600000,99993.77,100013.31
1706295600000,99993.77,100012.23
1706295600000,99993.77,100014.4
1706295600000,99993.77,100013.31
1706295600000,99993.77,100015.48
1706295600000,99993.77,100014.4
1706295600000,99993.77,100019.83
1706295600000,99993.77,100020.91
1706295600000,99993.77,100019.83
1706295600000,99993.77,100020.91
1706295600000,99993.77,100019.83
1706295600000,99993.77,100020.91
1706295600000,99993.77,100019.83
1706295600000,99993.77,100020.91
1706295600000,99993.77,100018.74
1706295600000,99993.77,100017.65
1706295600000,99993.77,100018.74
1706295600000,99993.77,100017.66
1706295600000,99993.77,100019.83
1706295600000,99993.77,100018.74
1706295600000,99993.77,100020.91
1706295600000,99993.77,100019.83
1706295600000,99993.77,100025.25
1706295600000,99993.77,100026.34
1706295600000,99993.77,100025.25
1706295600000,99993.77,100026.34
1706295600000,99993.77,100025.25
1706295600000,99993.77,100026.34
1706295600000,99993.77,100025.25
1706295600000,99993.77,100026.34
1706295600000,99993.77,100024.17
1706295600000,99993.77,100023.08
1706295600000,99993.77,100024.17
1706295600000,99993.77,100023.08
1706295600000,99993.77,100024.17
1706295600000,99993.77,100023.08
1706295600000,99993.77,100025.25
1706295600000,99993.77,100024.17
1706295600000,99993.77,100025.25
1706295600000,99993.77,100024.17
1706295600000,99993.77,100026.34
1706295600000,99993.77,100025.25
1706295600000,99993.77,100026.34
1706295600000,99993.77,100025.25
1706295600000,99993.77,100030.68
1706295600000,99993.77,100028.51
1706295600000,99993.77,100029.59
1706295600000,99993.77,100028.51
1706295600000,99993.77,100029.59
1706295600000,99993.77,100027.42
1706295600000,99993.77,100028.51
1706295600000,99993.77,100026.33
1706295600000,99993.77,100027.42
1706295600000,99993.77,100021.99
1706295600000,99993.77,100020.91
1706295600000,99993.77,100021.99
1706295600000,99993.77,100020.91
1706295600000,99993.77,100021.99
1706295600000,99993.77,100020.91
1706295600000,99993.77,100021.99
1706295600000,99993.77,100020.91
1706295600000,99993.77,100024.16
1706295600000,99993.77,100025.25
1706295600000,99993.77,100024.16
1706295600000,99993.77,100025.25
1706295600000,99993.77,100024.16
1706295600000,99993.77,100025.25
1706295600000,99993.77,100023.08
1706295600000,99993.77,100024.16
1706295600000,99993.77,100020.91
1706295600000,99993.77,100021.99
1706295600000,99993.77,100020.91
1706295600000,99993.77,100023.08
1706295600000,99993.77,100021.99
1706295600000,99993.77,100024.17
1706295600000,99993.77,100023.08
1706295600000,99993.77,100028.51
1706295600000,99993.77,100029.59
1706295600000,99993.77,100028.51
1706295600000,99993.77,100029.59
1706295600000,99993.77,100028.51
1706295600000,99993.77,100029.59
1706295600000,99993.77,100028.51
1706295600000,99993.77,100029.59
1706295600000,99993.77,100027.42
1706295600000,99993.77,100026.34
1706295600000,99993.77,100027.42
1706295600000,99993.77,100026.34
1706295600000,99993.77,100028.51
1706295600000,99993.77,100027.42
1706295600000,99993.77,100029.59
1706295600000,99993.77,100028.51
1706295600000,99993.77,100035.02
1706295600000,99993.77,100036.11
1706295600000,99993.77,100035.02
1706295600000,99993.77,100036.11
1706295600000,99993.77,100035.02
1706295600000,99993.77,100036.11
1706295600000,99993.77,100035.02
1706295600000,99993.77,100036.11
1706295600000,99993.77,100033.94
1706295600000,99993.77,100035.02
1706295600000,99993.77,100036.11
1706295600000,99993.77,100037.2
1706295600000,99993.77,100038.28
1706295600000,99993.77,100039.37
1706295600000,99993.77,100040.45
1706295600000,99993.77,100041.54
1706295600000,99993.77,100042.63
1706295600000,99993.77,100041.54
1706295600000,99993.77,100040.45
1706295600000,99993.77,100039.37
1706295600000,99993.77,100038.28
1706295600000,99993.77,100037.2
1706295600000,99993.77,100036.11
1706295600000,99993.77,100035.02
1706295600000,99993.77,100032.85
1706295600000,99993.77,100031.77
1706295600000,99993.77,100032.85
1706295600000,99993.77,100031.77
1706295600000,99993.77,100032.85
1706295600000,99993.77,100031.77
1706295600000,99993.77,100033.94
1706295600000,99993.77,100032.85
1706295600000,99993.77,100036.11
1706295600000,99993.77,100035.03
1706295600000,99993.77,100036.11
1706295600000,99993.77,100035.03
1706295600000,99993.77,100036.11
1706295600000,99993.77,100033.94
1706295600000,99993.77,100035.03
1706295600000,99993.77,100033.94
1706295600000,99993.77,100035.03
1706295600000,99993.77,100033.94
1706295600000,99993.77,100035.03
1706295600000,99993.77,100032.85
1706295600000,99993.77,100033.94
1706295600000,99993.77,100030.68
1706295600000,99993.77,100031.77
1706295600000,99993.77,100030.68
1706295600000,99993.77,100031.77
1706295600000,99993.77,100030.68
1706295600000,99993.77,100031.77
1706295600000,99993.77,100029.6
1706295600000,99993.77,100030.68
1706295600000,99993.77,100027.42
1706295600000,99993.77,100026.34
1706295600000,99993.77,100027.42
1706295600000,99993.77,100026.34
1706295600000,99993.77,100027.43
1706295600000,99993.77,100026.34
1706295600000,99993.77,100027.42
1706295600000,99993.77,100026.34
1706295600000,99993.77,100028.51
1706295600000,99993.77,100029.6
1706295600000,99993.77,100028.51
1706295600000,99993.77,100029.6
1706295600000,99993.77,100028.51
1706295600000,99993.77,100029.6
1706295600000,99993.77,100028.51
1706295600000,99993.77,100029.6
1706295600000,99993.77,100026.34
1706295600000,99993.77,100027.42
1706295600000,99993.77,100026.34
1706295600000,99993.77,100028.51
1706295600000,99993.77,100027.42
1706295600000,99993.77,100028.51
1706295600000,99993.77,100027.42
1706295600000,99993.77,100031.77
1706295600000,99993.77,100032.85
1706295600000,99993.77,100031.77
1706295600000,99993.77,100032.85
1706295600000,99993.77,100031.77
1706295600000,99993.77,100032.85
1706295600000,99993.77,100031.77
1706295600000,99993.77,100032.85
1706295600000,99993.77,100030.68
1706295600000,99993.77,100029.6
1706295600000,99993.77,100030.68
1706295600000,99993.77,100029.59
1706295600000,99993.77,100031.77
1706295600000,99993.77,100030.68
1706295600000,99993.77,100031.77
1706295600000,99993.77,100030.68
1706295600000,99993.77,100036.11
1706295600000,99993.77,100037.19
1706295600000,99993.77,100036.11
1706295600000,99993.77,100037.19
1706295600000,99993.77,100036.11
1706295600000,99993.77,100037.19
1706295600000,99993.77,100036.11
1706295600000,99993.77,100037.19
1706295600000,99993.77,100035.02
1706295600000,99993.77,100033.94
1706295600000,99993.77,100035.02
1706295600000,99993.77,100033.94
1706295600000,99993.77,100036.11
1706295600000,99993.77,100035.02
1706295600000,99993.77,100036.11
1706295600000,99993.77,100035.02
1706295600000,99993.77,100040.45
1706295600000,99993.77,100039.36
1706295600000,99993.77,100040.45
1706295600000,99993.77,100039.36
1706295600000,99993.77,100040.45
1706295600000,99993.77,100039.37
1706295600000,99993.77,100040.45
1706295600000,99993.77,100039.36
1706295600000,99993.77,100038.28
1706295600000,99993.77,100039.36
1706295600000,99993.77,100038.28
1706295600000,99993.77,100039.36
1706295600000,99993.77,100038.28
1706295600000,99993.77,100039.36
1706295600000,99993.77,100038.28
1706295600000,99993.77,100040.45
1706295600000,99993.77,100039.36
1706295600000,99993.77,100040.45
1706295600000,99993.77,100039.36
1706295600000,99993.77,100040.45
1706295600000,99993.77,100039.36
1706295600000,99993.77,100040.45
1706295600000,99993.77,100039.36
1706295600000,99993.77,100040.45
1706295600000,99993.77,100039.36
1706295600000,99993.77,100040.45
1706295600000,99993.77,100039.36
1706295600000,99993.77,100040.45
1706295600000,99993.77,100039.36
1706295600000,99993.77,100040.45
1706295600000,99993.77,100039.36
1706295600000,99993.77,100040.45
1706295600000,99993.77,100041.53
1706295600000,99993.77,100040.45
1706295600000,99993.77,100041.53
1706295600000,99993.77,100040.45
1706295600000,99993.77,100041.53
1706295600000,99993.77,100040.45
1706295600000,99993.77,100041.53
1706295600000,99993.77,100038.28
1706295600000,99993.77,100039.36
1706295600000,99993.77,100038.28
1706295600000,99993.77,100039.36
1706295600000,99993.77,100038.28
1706295600000,99993.77,100039.36
1706295600000,99993.77,100038.28
1706295600000,99993.77,100039.36
1706295600000,99993.77,100040.45
1706295600000,99993.77,100039.36
1706295600000,99993.77,100040.45
1706295600000,99993.77,100039.36
1706295600000,99993.77,100040.45
1706295600000,99993.77,100039.36
1706295600000,99993.77,100040.45
1706295600000,99993.77,100038.28
1706295600000,99993.77,100039.36
1706295600000,99993.77,100040.45
1706295600000,99993.77,100041.53
1706295600000,99993.77,100042.62
1706295600000,99993.77,100043.7
1706295600000,99993.77,100044.79
1706295600000,99993.77,100045.87
1706295600000,99993.77,100046.96
1706295600000,99993.77,100048.04
1706295600000,99993.77,100046.96
1706295600000,99993.77,100048.04
1706295600000,99993.77,100046.96
1706295600000,99993.77,100048.04
1706295600000,99993.77,100046.96
1706295600000,99993.77,100048.04
1706295600000,99993.77,100045.87
1706295600000,99993.77,100046.96
1706295600000,99993.77,100048.04
1706295600000,99993.77,100049.13
1706295600000,99993.77,100050.21
1706295600000,99993.77,100051.3
1706295600000,99993.77,100052.38
1706295600000,99993.77,100053.47
1706295600000,99993.77,100054.55
1706295600000,99993.77,100055.64
1706295600000,99993.77,100054.55
1706295600000,99993.77,100055.64
1706295600000,99993.77,100054.55
1706295600000,99993.77,100055.64
1706295600000,99993.77,100054.55
1706295600000,99993.77,100055.64
1706295600000,99993.77,100053.47
1706295600000,99993.77,100054.55
1706295600000,99993.77,100055.63
1706295600000,99993.77,100056.72
1706295600000,99993.77,100058.89
1706295600000,99993.77,100059.98
1706295600000,99993.77,100061.06
1706295600000,99993.77,100062.15
1706295600000,99993.77,100064.32
1706295600000,99993.77,100063.23
1706295600000,99993.77,100064.32
1706295600000,99993.77,100063.23
1706295600000,99993.77,100064.32
1706295600000,99993.77,100063.23
1706295600000,99993.77,100064.32
1706295600000,99993.77,100062.15
1706295600000,99993.77,100061.06
1706295600000,99993.77,100062.15
1706295600000,99993.77,100061.06
1706295600000,99993.77,100062.15
1706295600000,99993.77,100061.06
1706295600000,99993.77,100062.15
1706295600000,99993.77,100061.06
1706295600000,99993.77,100063.23
1706295600000,99993.77,100064.32
1706295600000,99993.77,100063.23
1706295600000,99993.77,100064.32
1706295600000,99993.77,100063.23
1706295600000,99993.77,100064.32
1706295600000,99993.77,100063.23
1706295600000,99993.77,100064.32
1706295600000,99993.77,100063.23
1706295600000,99993.77,100064.31
1706295600000,99993.77,100063.23
1706295600000,99993.77,100064.32
1706295600000,99993.77,100063.23
1706295600000,99993.77,100064.32
1706295600000,99993.77,100063.23
1706295600000,99993.77,100064.32
1706295600000,99993.77,100062.14
1706295600000,99993.77,100064.31
1706295600000,99993.77,100065.39
1706295600000,99993.77,100066.48
1706295600000,99993.77,100067.56
1706295600000,99993.77,100068.65
1706295600000,99993.77,100069.73
1706295600000,99993.77,100070.82
1706295600000,99993.77,100071.91
1706295600000,99993.77,100074.08
1706295600000,99993.77,100075.16
1706295600000,99993.77,100074.08
1706295600000,99993.77,100075.16
1706295600000,99993.77,100074.08
1706295600000,99993.77,100075.16
1706295600000,99993.77,100072.99
1706295600000,99993.77,100074.08
1706295600000,99993.77,100070.82
1706295600000,99993.77,100069.74
1706295600000,99993.77,100070.82
1706295600000,99993.77,100069.74
1706295600000,99993.77,100071.91
1706295600000,99993.77,100070.82
1706295600000,99993.77,100072.99
1706295600000,99993.77,100071.91
1706295600000,99993.77,100078.42
1706295600000,99993.77,100077.34
1706295600000,99993.77,100076.25
1706295600000,99993.77,100074.08
1706295600000,99993.77,100072.99
1706295600000,99993.77,100071.91
1706295600000,99993.77,100069.74
1706295600000,99993.77,100068.65
1706295600000,99993.77,100066.48
1706295600000,99993.77,100065.4
1706295600000,99993.77,100066.49
1706295600000,99993.77,100065.4
1706295600000,99993.77,100066.49
1706295600000,99993.77,100065.4
1706295600000,99993.77,100066.49
1706295600000,99993.77,100065.4
1706295600000,99993.77,100067.57
1706295600000,99993.77,100066.48
1706295600000,99993.77,100065.4
1706295600000,99993.77,100063.23
1706295600000,99993.77,100062.15
1706295600000,99993.77,100061.06
1706295600000,99993.77,100058.89
1706295600000,99993.77,100057.81
1706295600000,99993.77,100055.64
1706295600000,99993.77,100054.55
1706295600000,99993.77,100055.64
1706295600000,99993.77,100054.55
1706295600000,99993.77,100055.63
1706295600000,99993.77,100054.55
1706295600000,99993.77,100055.63
1706295600000,99993.77,100054.55
1706295600000,99993.77,100056.72
1706295600000,99993.77,100055.63
1706295600000,99993.77,100053.46
1706295600000,99993.77,100052.38
1706295600000,99993.77,100050.2
1706295600000,99993.77,100049.12
1706295600000,99993.77,100046.95
1706295600000,99993.77,100045.87
1706295600000,99993.77,100043.69
1706295600000,99993.77,100044.78
1706295600000,99993.77,100046.95
1706295600000,99993.77,100048.04
1706295600000,99993.77,100050.21
1706295600000,99993.77,100051.29
1706295600000,99993.77,100053.46
1706295600000,99993.77,100054.55
1706295600000,99993.77,100056.72
1706295600000,99993.77,100057.8
1706295600000,99993.77,100056.72
1706295600000,99993.77,100057.8
1706295600000,99993.77,100055.63
1706295600000,99993.77,100056.72
1706295600000,99993.77,100055.63
1706295600000,99993.77,100056.72
1706295600000,99993.77,100052.38
1706295600000,99993.77,100053.46
1706295600000,99993.77,100054.55
1706295600000,99993.77,100055.63
1706295600000,99993.77,100056.72
1706295600000,99993.77,100057.8
1706295600000,99993.77,100058.89
1706295600000,99993.77,100059.97
1706295600000,99993.77,100061.06
1706295600000,99993.77,100062.14
1706295600000,99993.77,100063.23
1706295600000,99993.77,100062.14
1706295600000,99993.77,100064.31
1706295600000,99993.77,100063.23
1706295600000,99993.77,100064.31
1706295600000,99993.77,100063.23
1706295600000,99993.77,100065.4
1706295600000,99993.77,100064.31
1706295600000,99993.77,100068.65
1706295600000,99993.77,100069.74
1706295600000,99993.77,100068.66
1706295600000,99993.77,100069.74
1706295600000,99993.77,100068.65
1706295600000,99993.77,100069.74
1706295600000,99993.77,100068.65
1706295600000,99993.77,100069.74
1706295600000,99993.77,100068.66
1706295600000,99993.77,100069.74
1706295600000,99993.77,100067.57
1706295600000,99993.77,100066.48
1706295600000,99993.77,100067.57
1706295600000,99993.77,100066.49
1706295600000,99993.77,100068.66
1706295600000,99993.77,100067.57
1706295600000,99993.77,100068.65
1706295600000,99993.77,100067.57
1706295600000,99993.77,100069.74
1706295600000,99993.77,100068.65
1706295600000,99993.77,100074.08
1706295600000,99993.77,100075.17
1706295600000,99993.77,100074.08
1706295600000,99993.77,100075.17
1706295600000,99993.77,100074.08
1706295600000,99993.77,100075.17
1706295600000,99993.77,100074.08
1706295600000,99993.77,100075.17
1706295600000,99993.77,100074.08
1706295600000,99993.77,100075.17
1706295600000,99993.77,100072.99
1706295600000,99993.77,100071.91
1706295600000,99993.77,100072.99
1706295600000,99993.77,100071.91
1706295600000,99993.77,100074.08
1706295600000,99993.77,100072.99
1706295600000,99993.77,100074.08
1706295600000,99993.77,100072.99
1706295600000,99993.77,100075.16
1706295600000,99993.77,100074.08
1706295600000,99993.77,100079.51
1706295600000,99993.77,100080.59
1706295600000,99993.77,100079.5
1706295600000,99993.77,100080.59
1706295600000,99993.77,100079.5
1706295600000,99993.77,100080.59
1706295600000,99993.77,100079.5
1706295600000,99993.77,100080.59
1706295600000,99993.77,100079.5
1706295600000,99993.77,100080.59
1706295600000,99993.77,100078.42
1706295600000,99993.77,100077.33
1706295600000,99993.77,100078.42
1706295600000,99993.77,100077.33
1706295600000,99993.77,100079.5
1706295600000,99993.77,100078.42
1706295600000,99993.77,100079.5
1706295600000,99993.77,100078.42
1706295600000,99993.77,100080.59
1706295600000,99993.77,100079.5
1706295600000,99993.77,100084.93
1706295600000,99993.77,100086.01
1706295600000,99993.77,100084.93
1706295600000,99993.77,100086.01
1706295600000,99993.77,100084.92
1706295600000,99993.77,100086.01
1706295600000,99993.77,100084.92
1706295600000,99993.77,100086.01
1706295600000,99993.77,100084.92
1706295600000,99993.77,100086.01
1706295600000,99993.77,100083.84
1706295600000,99993.77,100082.75
1706295600000,99993.77,100083.84
1706295600000,99993.77,100082.75
1706295600000,99993.77,100084.92
1706295600000,99993.77,100083.84
1706295600000,99993.77,100084.92
1706295600000,99993.77,100083.84
1706295600000,99993.77,100086.01
1706295600000,99993.77,100084.92
1706295600000,99993.77,100090.35
1706295600000,99993.77,100091.43
1706295600000,99993.77,100090.35
1706295600000,99993.77,100091.43
1706295600000,99993.77,100090.35
1706295600000,99993.77,100091.43
1706295600000,99993.77,100090.35
1706295600000,99993.77,100091.43
1706295600000,99993.77,100090.35
1706295600000,99993.77,100091.43
1706295600000,99993.77,100089.26
1706295600000,99993.77,100088.18
1706295600000,99993.77,100089.26
1706295600000,99993.77,100088.18
1706295600000,99993.77,100090.35
1706295600000,99993.77,100089.26
1706295600000,99993.77,100090.35
1706295600000,99993.77,100089.26
1706295600000,99993.77,100091.43
1706295600000,99993.77,100090.35
1706295600000,99993.77,100091.43
1706295600000,99993.77,100090.35
1706295600000,99993.77,100092.52
1706295600000,99993.77,100091.43
1706295600000,99993.77,100097.94
1706295600000,99993.77,100096.86
1706295600000,99993.77,100097.94
1706295600000,99993.77,100095.77
1706295600000,99993.77,100096.86
1706295600000,99993.77,100095.77
1706295600000,99993.77,100096.86
1706295600000,99993.77,100094.68
1706295600000,99993.77,100095.77
1706295600000,99993.77,100091.43
1706295600000,99993.77,100092.52
1706295600000,99993.77,100091.43
1706295600000,99993.77,100092.52
1706295600000,99993.77,100091.43
1706295600000,99993.77,100092.52
1706295600000,99993.77,100091.43
1706295600000,99993.77,100092.52
1706295600000,99993.77,100091.43
1706295600000,99993.77,100092.51
1706295600000,99993.77,100091.43
1706295600000,99993.77,100092.51
1706295600000,99993.77,100090.35
1706295600000,99993.77,100091.43
1706295600000,99993.77,100090.35
1706295600000,99993.77,100091.43
1706295600000,99993.77,100089.27
1706295600000,99993.77,100090.35
1706295600000,99993.77,100086.01
1706295600000,99993.77,100087.1
1706295600000,99993.77,100086.01
1706295600000,99993.77,100087.1
1706295600000,99993.77,100086.01
1706295600000,99993.77,100087.1
1706295600000,99993.77,100086.01
1706295600000,99993.77,100087.09
1706295600000,99993.77,100086.01
1706295600000,99993.77,100087.1
1706295600000,99993.77,100086.01
1706295600000,99993.77,100087.1
1706295600000,99993.77,100084.93
1706295600000,99993.77,100086.01
1706295600000,99993.77,100084.93
1706295600000,99993.77,100086.02
1706295600000,99993.77,100083.85
1706295600000,99993.77,100084.93
1706295600000,99993.77,100080.59
1706295600000,99993.77,100081.67
1706295600000,99993.77,100080.59
1706295600000,99993.77,100081.67
1706295600000,99993.77,100080.59
1706295600000,99993.77,100081.68
1706295600000,99993.77,100080.59
1706295600000,99993.77,100081.68
1706295600000,99993.77,100080.59
1706295600000,99993.77,100081.68
1706295600000,99993.77,100080.59
1706295600000,99993.77,100079.51
1706295600000,99993.77,100078.42
1706295600000,99993.77,100077.34
1706295600000,99993.77,100076.25
1706295600000,99993.77,100075.16
1706295600000,99993.77,100074.08
1706295600000,99993.77,100072.99
1706295600000,99993.77,100071.91
1706295600000,99993.77,100072.99
1706295600000,99993.77,100071.91
1706295600000,99993.77,100072.99
1706295600000,99993.77,100071.91
1706295600000,99993.77,100072.99
1706295600000,99993.77,100071.91
1706295600000,99993.77,100072.99
1706295600000,99993.77,100071.91
1706295600000,99993.77,100072.99
1706295600000,99993.77,100071.91
1706295600000,99993.77,100072.99
1706295600000,99993.77,100071.91
1706295600000,99993.77,100072.99
1706295600000,99993.77,100071.91
1706295600000,99993.77,100073.0
1706295600000,99993.77,100071.91
1706295600000,99993.77,100073.0
1706295600000,99993.77,100071.91
1706295600000,99993.77,100072.99
1706295600000,99993.77,100071.91
1706295600000,99993.77,100072.99
1706295600000,99993.77,100071.91
1706295600000,99993.77,100073.0
1706295600000,99993.77,100071.91
1706295600000,99993.77,100073.0
1706295600000,99993.77,100071.91
1706295600000,99993.77,100073.0
1706295600000,99993.77,100071.91
1706295600000,99993.77,100073.0
1706295600000,99993.77,100071.91
1706295600000,99993.77,100074.08
1706295600000,99993.77,100075.16
1706295600000,99993.77,100074.08
1706295600000,99993.77,100075.16
1706295600000,99993.77,100074.08
1706295600000,99993.77,100076.25
1706295600000,99993.77,100075.16
1706295600000,99993.77,100077.34
1706295600000,99993.77,100076.25
1706295600000,99993.77,100077.33
1706295600000,99993.77,100076.25
1706295600000,99993.77,100077.33
1706295600000,99993.77,100076.25
1706295600000,99993.77,100077.33
1706295600000,99993.77,100076.25
1706295600000,99993.77,100077.34
1706295600000,99993.77,100076.25
1706295600000,99993.77,100077.34
1706295600000,99993.77,100076.25
1706295600000,99993.77,100077.33
1706295600000,99993.77,100076.25
1706295600000,99993.77,100078.42
1706295600000,99993.77,100077.33
1706295600000,99993.77,100078.42
1706295600000,99993.77,100077.34
1706295600000,99993.77,100078.42
1706295600000,99993.77,100076.25
1706295600000,99993.77,100077.33
1706295600000,99993.77,100075.16
1706295600000,99993.77,100076.25
1706295600000,99993.77,100075.16
1706295600000,99993.77,100076.25
1706295600000,99993.77,100075.16
1706295600000,99993.77,100076.25
1706295600000,99993.77,100075.16
1706295600000,99993.77,100076.25
1706295600000,99993.77,100075.16
1706295600000,99993.77,100076.25
1706295600000,99993.77,100075.16
1706295600000,99993.77,100076.25
1706295600000,99993.77,100074.08
1706295600000,99993.77,100075.16
1706295600000,99993.77,100072.99
1706295600000,99993.77,100074.08
1706295600000,99993.77,100072.99
1706295600000,99993.77,100074.08
1706295600000,99993.77,100072.99
1706295600000,99993.77,100074.08
1706295600000,99993.77,100072.99
1706295600000,99993.77,100074.08
1706295600000,99993.77,100072.99
1706295600000,99993.77,100074.08
1706295600000,99993.77,100072.99
1706295600000,99993.77,100074.08
1706295600000,99993.77,100071.91
1706295600000,99993.77,100072.99
1706295600000,99993.77,100070.82
1706295600000,99993.77,100071.91
1706295600000,99993.77,100070.82
1706295600000,99993.77,100071.91
1706295600000,99993.77,100070.82
1706295600000,99993.77,100071.91
1706295600000,99993.77,100070.82
1706295600000,99993.77,100071.91
1706295600000,99993.77,100070.82
1706295600000,99993.77,100071.91
1706295600000,99993.77,100070.82
1706295600000,99993.77,100071.91
1706295600000,99993.77,100070.82
1706295600000,99993.77,100071.91
1706295600000,99993.77,100070.82
1706295600000,99993.77,100071.91
1706295600000,99993.77,100070.82
1706295600000,99993.77,100071.91
1706295600000,99993.77,100070.82
1706295600000,99993.77,100071.91
1706295600000,99993.77,100070.82
1706295600000,99993.77,100071.91
1706295600000,99993.77,100070.82
1706295600000,99993.77,100071.91
1706295600000,99993.77,100070.82
1706295600000,99993.77,100071.91
1706295600000,99993.77,100070.82
1706295600000,99993.77,100071.91
1706295600000,99993.77,100070.82
1706295600000,99993.77,100071.91
1706295600000,99993.77,100070.82
1706295600000,99993.77,100072.99
1706295600000,99993.77,100071.91
1706295600000,99993.77,100070.82
1706295600000,99993.77,100071.91
1706295600000,99993.77,100070.82
1706295600000,99993.77,100071.91
1706295600000,99993.77,100069.74
1706295600000,99993.77,100070.82
1706295600000,99993.77,100069.74
1706295600000,99993.77,100070.82
1706295600000,99993.77,100067.57
1706295600000,99993.77,100068.65
1706295600000,99993.77,100067.57
1706295600000,99993.77,100068.65
1706295600000,99993.77,100067.57
1706295600000,99993.77,100068.65
1706295600000,99993.77,100067.57
1706295600000,99993.77,100068.65
1706295600000,99993.77,100067.57
1706295600000,99993.77,100068.65
1706295600000,99993.77,100067.57
1706295600000,99993.77,100068.65
1706295600000,99993.77,100067.57
1706295600000,99993.77,100068.65
1706295600000,99993.77,100067.57
1706295600000,99993.77,100068.65
1706295600000,99993.77,100067.57
1706295600000,99993.77,100068.65
1706295600000,99993.77,100066.48
1706295600000,99993.77,100067.57
1706295600000,99993.77,100066.48
1706295600000,99993.77,100068.66
1706295600000,99993.77,100067.57
1706295600000,99993.77,100069.74
1706295600000,99993.77,100068.66
1706295600000,99993.77,100070.83
1706295600000,99993.77,100069.74
1706295600000,99993.77,100075.17
1706295600000,99993.77,100074.08
1706295600000,99993.77,100075.17
1706295600000,99993.77,100074.08
1706295600000,99993.77,100075.17
1706295600000,99993.77,100074.08
1706295600000,99993.77,100075.17
1706295600000,99993.77,100074.08
1706295600000,99993.77,100075.17
1706295600000,99993.77,100074.08
1706295600000,99993.77,100075.17
1706295600000,99993.77,100074.09
1706295600000,99993.77,100076.26
1706295600000,99993.77,100075.17
1706295600000,99993.77,100077.34
1706295600000,99993.77,100076.26
1706295600000,99993.77,100078.43
1706295600000,99993.77,100077.34
1706295600000,99993.77,100082.77
1706295600000,99993.77,100081.68
1706295600000,99993.77,100082.77
1706295600000,99993.77,100081.68
1706295600000,99993.77,100082.77
1706295600000,99993.77,100081.69
1706295600000,99993.77,100082.77
1706295600000,99993.77,100081.69
1706295600000,99993.77,100082.77
1706295600000,99993.77,100081.69
1706295600000,99993.77,100082.77
1706295600000,99993.77,100081.69
1706295600000,99993.77,100083.86
1706295600000,99993.77,100082.77
1706295600000,99993.77,100084.94
1706295600000,99993.77,100083.85
1706295600000,99993.77,100086.03
1706295600000,99993.77,100084.94
1706295600000,99993.77,100090.37
1706295600000,99993.77,100089.28
1706295600000,99993.77,100090.37
1706295600000,99993.77,100089.28
1706295600000,99993.77,100090.37
1706295600000,99993.77,100089.28
1706295600000,99993.77,100090.37
1706295600000,99993.77,100088.2
1706295600000,99993.77,100089.28
1706295600000,99993.77,100087.11
1706295600000,99993.77,100088.2
1706295600000,99993.77,100087.11
1706295600000,99993.77,100088.2
1706295600000,99993.77,100087.11
1706295600000,99993.77,100088.2
1706295600000,99993.77,100087.11
1706295600000,99993.77,100088.2
1706295600000,99993.77,100087.11
1706295600000,99993.77,100088.2
1706295600000,99993.77,100089.28
1706295600000,99993.77,100088.2
1706295600000,99993.77,100089.28
1706295600000,99993.77,100088.2
1706295600000,99993.77,100089.28
1706295600000,99993.77,100088.2
1706295600000,99993.77,100089.28
1706295600000,99993.77,100088.2
1706295600000,99993.77,100089.28
1706295600000,99993.77,100088.2
1706295600000,99993.77,100089.28
1706295600000,99993.77,100088.2
1706295600000,99993.77,100089.28
1706295600000,99993.77,100088.2
1706295600000,99993.77,100089.28
1706295600000,99993.77,100088.2
1706295600000,99993.77,100089.28
1706295600000,99993.77,100087.11
1706295600000,99993.77,100086.03
1706295600000,99993.77,100087.11
1706295600000,99993.77,100086.02
1706295600000,99993.77,100087.11
1706295600000,99993.77,100086.02
1706295600000,99993.77,100088.19
1706295600000,99993.77,100087.11
1706295600000,99993.77,100090.36
1706295600000,99993.77,100091.45
1706295600000,99993.77,100090.36
1706295600000,99993.77,100091.45
1706295600000,99993.77,100090.36
1706295600000,99993.77,100091.45
1706295600000,99993.77,100090.36
1706295600000,99993.77,100091.45
1706295600000,99993.77,100089.28
1706295600000,99993.77,100088.19
1706295600000,99993.77,100089.28
1706295600000,99993.77,100088.19
1706295600000,99993.77,100089.27
1706295600000,99993.77,100088.19
1706295600000,99993.77,100089.28
1706295600000,99993.77,100088.19
1706295600000,99993.77,100091.45
1706295600000,99993.77,100090.37
1706295600000,99993.77,100089.28
1706295600000,99993.77,100088.2
1706295600000,99993.77,100087.11
1706295600000,99993.77,100086.03
1706295600000,99993.77,100084.94
1706295600000,99993.77,100083.86
1706295600000,99993.77,100081.68
1706295600000,99993.77,100080.6
1706295600000,99993.77,100081.68
1706295600000,99993.77,100080.6
1706295600000,99993.77,100081.68
1706295600000,99993.77,100080.6
1706295600000,99993.77,100081.69
1706295600000,99993.77,100080.6
1706295600000,99993.77,100082.77
1706295600000,99993.77,100081.69
1706295600000,99993.77,100080.6
1706295600000,99993.77,100079.52
1706295600000,99993.77,100078.43
1706295600000,99993.77,100077.35
1706295600000,99993.77,100076.26
1706295600000,99993.77,100075.17
1706295600000,99993.77,100073.0
1706295600000,99993.77,100071.92
1706295600000,99993.77,100073.0
1706295600000,99993.77,100071.92
1706295600000,99993.77,100073.0
1706295600000,99993.77,100071.92
1706295600000,99993.77,100073.0
1706295600000,99993.77,100071.92
1706295600000,99993.77,100074.09
1706295600000,99993.77,100073.01
1706295600000,99993.77,100071.92
1706295600000,99993.77,100070.84
1706295600000,99993.77,100069.75
1706295600000,99993.77,100068.67
1706295600000,99993.77,100067.58
1706295600000,99993.77,100066.49
1706295600000,99993.77,100064.32
1706295600000,99993.77,100065.41
1706295600000,99993.77,100064.32
1706295600000,99993.77,100065.41
1706295600000,99993.77,100064.33
1706295600000,99993.77,100065.41
1706295600000,99993.77,100064.32
1706295600000,99993.77,100066.49
1706295600000,99993.77,100067.58
1706295600000,99993.77,100066.49
1706295600000,99993.77,100067.58
1706295600000,99993.77,100066.49
1706295600000,99993.77,100067.58
1706295600000,99993.77,100066.49
1706295600000,99993.77,100067.58
1706295600000,99993.77,100065.41
1706295600000,99993.77,100064.32
1706295600000,99993.77,100065.41
1706295600000,99993.77,100064.32
1706295600000,99993.77,100065.41
1706295600000,99993.77,100064.33
1706295600000,99993.77,100065.41
1706295600000,99993.77,100064.32
1706295600000,99993.77,100065.41
1706295600000,99993.77,100064.32
1706295600000,99993.77,100065.41
1706295600000,99993.77,100064.33
1706295600000,99993.77,100065.41
1706295600000,99993.77,100064.33
1706295600000,99993.77,100065.41
1706295600000,99993.77,100064.33
1706295600000,99993.77,100065.41
1706295600000,99993.77,100064.33
1706295600000,99993.77,100067.58
1706295600000,99993.77,100066.49
1706295600000,99993.77,100067.58
1706295600000,99993.77,100066.49
1706295600000,99993.77,100068.66
1706295600000,99993.77,100067.58
1706295600000,99993.77,100071.92
1706295600000,99993.77,100073.0
1706295600000,99993.77,100071.92
1706295600000,99993.77,100073.0
1706295600000,99993.77,100071.92
1706295600000,99993.77,100073.0
1706295600000,99993.77,100070.83
1706295600000,99993.77,100069.75
1706295600000,99993.77,100070.83
1706295600000,99993.77,100069.75
1706295600000,99993.77,100071.92
1706295600000,99993.77,100070.84
1706295600000,99993.77,100074.09
1706295600000,99993.77,100073.0
1706295600000,99993.77,100074.09
1706295600000,99993.77,100071.92
1706295600000,99993.77,100073.0
1706295600000,99993.77,100068.66
1706295600000,99993.77,100067.58
1706295600000,99993.77,100068.66
1706295600000,99993.77,100067.58
1706295600000,99993.77,100068.67
1706295600000,99993.77,100067.58
1706295600000,99993.77,100069.75
1706295600000,99993.77,100070.84
1706295600000,99993.77,100069.75
1706295600000,99993.77,100070.84
1706295600000,99993.77,100068.67
1706295600000,99993.77,100069.75
1706295600000,99993.77,100064.32
1706295600000,99993.77,100063.24
1706295600000,99993.77,100064.32
1706295600000,99993.77,100063.24
1706295600000,99993.77,100064.32
1706295600000,99993.77,100063.24
1706295600000,99993.77,100065.41
1706295600000,99993.77,100066.5
1706295600000,99993.77,100065.41
1706295600000,99993.77,100066.5
1706295600000,99993.77,100064.33
1706295600000,99993.77,100065.41
1706295600000,99993.77,100059.99
1706295600000,99993.77,100061.07
1706295600000,99993.77,100059.98
1706295600000,99993.77,100062.15
1706295600000,99993.77,100061.07
1706295600000,99993.77,100064.33
1706295600000,99993.77,100065.42
1706295600000,99993.77,100064.33
1706295600000,99993.77,100065.42
1706295600000,99993.77,100064.33
1706295600000,99993.77,100065.41
1706295600000,99993.77,100063.24
1706295600000,99993.77,100062.16
1706295600000,99993.77,100063.24
1706295600000,99993.77,100062.16
1706295600000,99993.77,100063.24
1706295600000,99993.77,100062.16
1706295600000,99993.77,100063.24
1706295600000,99993.77,100062.16
1706295600000,99993.77,100063.24
1706295600000,99993.77,100062.16
1706295600000,99993.77,100064.33
1706295600000,99993.77,100063.24
1706295600000,99993.77,100064.33
1706295600000,99993.77,100063.24
1706295600000,99993.77,100066.5
1706295600000,99993.77,100057.82
1706295600000,99993.77,100056.73
1706295600000,99993.77,100055.65
1706295600000,99993.77,100054.56
1706295600000,99993.77,100052.39
1706295600000,99993.77,100051.31
1706295600000,99993.77,100050.22
1706295600000,99993.77,100048.05
1706295600000,99993.77,100049.13
1706295600000,99993.77,100048.05
1706295600000,99993.77,100049.13
1706295600000,99993.77,100048.05
1706295600000,99993.77,100050.22
1706295600000,99993.77,100049.13
1706295600000,99993.77,100051.31
1706295600000,99993.77,100050.22
1706295600000,99993.77,100051.31
1706295600000,99993.77,100049.13
1706295600000,99993.77,100050.22
1706295600000,99993.77,100048.05
1706295600000,99993.77,100049.13
1706295600000,99993.77,100044.79
1706295600000,99993.77,100045.88
1706295600000,99993.77,100046.96
1706295600000,99993.77,100048.05
1706295600000,99993.77,100049.13
1706295600000,99993.77,100050.22
1706295600000,99993.77,100051.3
1706295600000,99993.77,100052.39
1706295600000,99993.77,100051.3
1706295600000,99993.77,100052.39
1706295600000,99993.77,100051.3
1706295600000,99993.77,100052.39
1706295600000,99993.77,100051.3
1706295600000,99993.77,100052.39
1706295600000,99993.77,100051.3
1706295600000,99993.77,100052.39
1706295600000,99993.77,100053.47
1706295600000,99993.77,100054.56
1706295600000,99993.77,100055.64
1706295600000,99993.77,100056.73
1706295600000,99993.77,100057.81
1706295600000,99993.77,100058.9
1706295600000,99993.77,100057.82
1706295600000,99993.77,100058.9
1706295600000,99993.77,100057.82
1706295600000,99993.77,100058.9
1706295600000,99993.77,100057.82
1706295600000,99993.77,100058.9
1706295600000,99993.77,100057.82
1706295600000,99993.77,100058.9
1706295600000,99993.77,100059.99
1706295600000,99993.77,100061.07
1706295600000,99993.77,100062.16
1706295600000,99993.77,100063.24
1706295600000,99993.77,100064.33
1706295600000,99993.77,100065.41
1706295600000,99993.77,100064.33
1706295600000,99993.77,100065.41
1706295600000,99993.77,100064.33
1706295600000,99993.77,100065.41
1706295600000,99993.77,100064.33
1706295600000,99993.77,100065.41
1706295600000,99993.77,100064.33
1706295600000,99993.77,100065.41
1706295600000,99993.77,100064.33
1706295600000,99993.77,100065.41
1706295600000,99993.77,100064.33
1706295600000,99993.77,100066.5
1706295600000,99993.77,100065.41
1706295600000,99993.77,100066.5
1706295600000,99993.77,100065.41
1706295600000,99993.77,100067.58
1706295600000,99993.77,100066.5
1706295600000,99993.77,100067.58
1706295600000,99993.77,100066.5
1706295600000,99993.77,100068.67
1706295600000,99993.77,100067.58
1706295600000,99993.77,100068.67
1706295600000,99993.77,100067.58
1706295600000,99993.77,100073.01
1706295600000,99993.77,100077.35
1706295600000,99993.77,100078.43
1706295600000,99993.77,100079.51
1706295600000,99993.77,100080.6
1706295600000,99993.77,100081.68
1706295600000,99993.77,100082.77
1706295600000,99993.77,100083.85
1706295600000,99993.77,100084.94
1706295600000,99993.77,100083.85
1706295600000,99993.77,100084.94
1706295600000,99993.77,100083.85
1706295600000,99993.77,100084.94
1706295600000,99993.77,100081.68
1706295600000,99993.77,100080.6
1706295600000,99993.77,100081.68
1706295600000,99993.77,100080.6
1706295600000,99993.77,100082.77
1706295600000,99993.77,100081.68
1706295600000,99993.77,100087.11
1706295600000,99993.77,100086.03
1706295600000,99993.77,100084.94
1706295600000,99993.77,100082.77
1706295600000,99993.77,100081.69
1706295600000,99993.77,100080.6
1706295600000,99993.77,100078.43
1706295600000,99993.77,100077.35
1706295600000,99993.77,100078.43
1706295600000,99993.77,100077.34
1706295600000,99993.77,100078.43
1706295600000,99993.77,100077.35
1706295600000,99993.77,100079.52
1706295600000,99993.77,100078.43
1706295600000,99993.77,100077.35
1706295600000,99993.77,100075.18
1706295600000,99993.77,100074.09
1706295600000,99993.77,100073.01
1706295600000,99993.77,100070.84
1706295600000,99993.77,100069.75
1706295600000,99993.77,100070.84
1706295600000,99993.77,100069.75
1706295600000,99993.77,100070.84
1706295600000,99993.77,100069.75
1706295600000,99993.77,100071.92
1706295600000,99993.77,100070.84
1706295600000,99993.77,100068.67
1706295600000,99993.77,100066.5
1706295600000,99993.77,100065.41
1706295600000,99993.77,100063.24
1706295600000,99993.77,100061.07
1706295600000,99993.77,100062.16
1706295600000,99993.77,100061.07
1706295600000,99993.77,100063.24
1706295600000,99993.77,100062.16
1706295600000,99993.77,100066.5
1706295600000,99993.77,100067.59
1706295600000,99993.77,100066.5
1706295600000,99993.77,100067.59
1706295600000,99993.77,100066.5
1706295600000,99993.77,100067.59
1706295600000,99993.77,100064.33
1706295600000,99993.77,100065.42
1706295600000,99993.77,100064.33
1706295600000,99993.77,100065.42
1706295600000,99993.77,100064.33
1706295600000,99993.77,100065.41
1706295600000,99993.77,100064.33
1706295600000,99993.77,100065.41
1706295600000,99993.77,100064.33
1706295600000,99993.77,100066.5
1706295600000,99993.77,100065.42
1706295600000,99993.77,100066.5
1706295600000,99993.77,100065.42
1706295600000,99993.77,100066.5
1706295600000,99993.77,100065.42
1706295600000,99993.77,100066.5
1706295600000,99993.77,100065.42
1706295600000,99993.77,100068.67
1706295600000,99993.77,100067.59
1706295600000,99993.77,100066.5
1706295600000,99993.77,100067.59
1706295600000,99993.77,100065.41
1706295600000,99993.77,100066.5
1706295600000,99993.77,100065.42
1706295600000,99993.77,100066.5
1706295600000,99993.77,100064.33
1706295600000,99993.77,100065.42
1706295600000,99993.77,100061.08
1706295600000,99993.77,100062.16
1706295600000,99993.77,100061.08
1706295600000,99993.77,100062.16
1706295600000,99993.77,100061.08
1706295600000,99993.77,100062.16
1706295600000,99993.77,100061.08
1706295600000,99993.77,100062.16
1706295600000,99993.77,100061.08
1706295600000,99993.77,100063.25
1706295600000,99993.77,100062.16
1706295600000,99993.77,100063.25
1706295600000,99993.77,100062.16
1706295600000,99993.77,100063.25
1706295600000,99993.77,100061.08
1706295600000,99993.77,100062.17
1706295600000,99993.77,100061.08
1706295600000,99993.77,100062.17
1706295600000,99993.77,100058.91
1706295600000,99993.77,100059.99
1706295600000,99993.77,100058.91
1706295600000,99993.77,100061.08
1706295600000,99993.77,100059.99
1706295600000,99993.77,100062.16
1706295600000,99993.77,100061.08
1706295600000,99993.77,100063.25
1706295600000,99993.77,100062.16
1706295600000,99993.77,100067.59
1706295600000,99993.77,100066.5
1706295600000,99993.77,100067.59
1706295600000,99993.77,100066.51
1706295600000,99993.77,100067.59
1706295600000,99993.77,100066.51
1706295600000,99993.77,100067.59
1706295600000,99993.77,100066.51
1706295600000,99993.77,100067.59
1706295600000,99993.77,100066.51
1706295600000,99993.77,100067.59
1706295600000,99993.77,100066.5
1706295600000,99993.77,100068.68
1706295600000,99993.77,100067.59
1706295600000,99993.77,100069.76
1706295600000,99993.77,100068.67
1706295600000,99993.77,100070.85
1706295600000,99993.77,100069.76
1706295600000,99993.77,100075.19
1706295600000,99993.77,100074.1
1706295600000,99993.77,100075.19
1706295600000,99993.77,100074.1
1706295600000,99993.77,100075.19
1706295600000,99993.77,100074.1
1706295600000,99993.77,100075.19
1706295600000,99993.77,100074.1
1706295600000,99993.77,100075.19
1706295600000,99993.77,100074.1
1706295600000,99993.77,100075.19
1706295600000,99993.77,100074.1
1706295600000,99993.77,100076.27
1706295600000,99993.77,100075.19
1706295600000,99993.77,100077.36
1706295600000,99993.77,100076.27
1706295600000,99993.77,100078.45
1706295600000,99993.77,100077.36
1706295600000,99993.77,100082.79
1706295600000,99993.77,100081.7
1706295600000,99993.77,100082.79
1706295600000,99993.77,100081.7
1706295600000,99993.77,100082.79
1706295600000,99993.77,100081.7
1706295600000,99993.77,100082.79
1706295600000,99993.77,100081.7
1706295600000,99993.77,100082.79
1706295600000,99993.77,100081.7
1706295600000,99993.77,100082.79
1706295600000,99993.77,100081.7
1706295600000,99993.77,100083.87
1706295600000,99993.77,100082.79
1706295600000,99993.77,100083.87
1706295600000,99993.77,100082.79
1706295600000,99993.77,100084.96
1706295600000,99993.77,100083.87
1706295600000,99993.77,100084.95
1706295600000,99993.77,100083.87
1706295600000,99993.77,100086.04
1706295600000,99993.77,100084.95
1706295600000,99993.77,100087.13
1706295600000,99993.77,100086.04
1706295600000,99993.77,100087.13
1706295600000,99993.77,100086.04
1706295600000,99993.77,100092.55
1706299200000,99993.77,100091.46
1706299200000,99993.77,100092.55
1706299200000,99993.77,100091.46
1706299200000,99993.77,100092.55
1706299200000,99993.77,100091.46
1706299200000,99993.77,100092.55
1706299200000,99993.77,100090.38
1706299200000,99993.77,100091.46
1706299200000,99993.77,100088.2
1706299200000,99993.77,100089.29
1706299200000,99993.77,100088.2
1706299200000,99993.77,100089.29
1706299200000,99993.77,100088.21
1706299200000,99993.77,100089.29
1706299200000,99993.77,100088.2
1706299200000,99993.77,100089.29
1706299200000,99993.77,100090.38
1706299200000,99993.77,100089.29
1706299200000,99993.77,100090.38
1706299200000,99993.77,100089.29
1706299200000,99993.77,100090.37
1706299200000,99993.77,100089.29
1706299200000,99993.77,100090.37
1706299200000,99993.77,100088.2
1706299200000,99993.77,100089.29
1706299200000,99993.77,100088.2
1706299200000,99993.77,100090.37
1706299200000,99993.77,100089.29
1706299200000,99993.77,100091.46
1706299200000,99993.77,100090.37
1706299200000,99993.77,100094.71
1706299200000,99993.77,100095.8
1706299200000,99993.77,100094.71
1706299200000,99993.77,100095.8
1706299200000,99993.77,100094.71
1706299200000,99993.77,100095.8
1706299200000,99993.77,100094.71
1706299200000,99993.77,100095.8
1706299200000,99993.77,100093.63
1706299200000,99993.77,100092.54
1706299200000,99993.77,100093.62
1706299200000,99993.77,100092.54
1706299200000,99993.77,100094.71
1706299200000,99993.77,100093.63
1706299200000,99993.77,100095.8
1706299200000,99993.77,100094.71
1706299200000,99993.77,100100.14
1706299200000,99993.77,100101.22
1706299200000,99993.77,100100.14
1706299200000,99993.77,100101.22
1706299200000,99993.77,100100.14
1706299200000,99993.77,100101.22
1706299200000,99993.77,100100.14
1706299200000,99993.77,100101.22
1706299200000,99993.77,100099.05
1706299200000,99993.77,100100.13
1706299200000,99993.77,100101.22
1706299200000,99993.77,100102.3
1706299200000,99993.77,100103.39
1706299200000,99993.77,100104.48
1706299200000,99993.77,100105.56
1706299200000,99993.77,100106.65
1706299200000,99993.77,100107.73
1706299200000,99993.77,100106.65
1706299200000,99993.77,100107.73
1706299200000,99993.77,100105.56
1706299200000,99993.77,100106.65
1706299200000,99993.77,100104.48
1706299200000,99993.77,100105.56
1706299200000,99993.77,100101.22
1706299200000,99993.77,100100.13
1706299200000,99993.77,100101.22
1706299200000,99993.77,100100.13
1706299200000,99993.77,100101.22
1706299200000,99993.77,100100.13
1706299200000,99993.77,100101.22
1706299200000,99993.77,100100.13
1706299200000,99993.77,100103.39
1706299200000,99993.77,100102.31
1706299200000,99993.77,100103.39
1706299200000,99993.77,100102.31
1706299200000,99993.77,100103.39
1706299200000,99993.77,100102.31
1706299200000,99993.77,100103.39
1706299200000,99993.77,100101.22
1706299200000,99993.77,100102.3
1706299200000,99993.77,100101.22
1706299200000,99993.77,100102.3
1706299200000,99993.77,100101.22
1706299200000,99993.77,100102.3
1706299200000,99993.77,100099.05
1706299200000,99993.77,100094.71
1706299200000,99993.77,100095.8
1706299200000,99993.77,100094.71
1706299200000,99993.77,100095.8
1706299200000,99993.77,100093.63
1706299200000,99993.77,100094.71
1706299200000,99993.77,100093.63
1706299200000,99993.77,100094.71
1706299200000,99993.77,100089.28
1706299200000,99993.77,100088.2
1706299200000,99993.77,100089.29
1706299200000,99993.77,100088.2
1706299200000,99993.77,100089.29
1706299200000,99993.77,100088.2
1706299200000,99993.77,100089.29
1706299200000,99993.77,100088.2
1706299200000,99993.77,100091.46
1706299200000,99993.77,100092.54
1706299200000,99993.77,100091.46
1706299200000,99993.77,100092.54
1706299200000,99993.77,100091.46
1706299200000,99993.77,100092.54
1706299200000,99993.77,100090.37
1706299200000,99993.77,100091.46
1706299200000,99993.77,100088.2
1706299200000,99993.77,100089.29
1706299200000,99993.77,100088.2
1706299200000,99993.77,100090.37
1706299200000,99993.77,100089.28
1706299200000,99993.77,100091.46
1706299200000,99993.77,100090.37
1706299200000,99993.77,100095.8
1706299200000,99993.77,100096.88
1706299200000,99993.77,100095.8
1706299200000,99993.77,100096.88
1706299200000,99993.77,100095.79
1706299200000,99993.77,100096.88
1706299200000,99993.77,100095.79
1706299200000,99993.77,100096.88
1706299200000,99993.77,100094.7
1706299200000,99993.77,100093.62
1706299200000,99993.77,100094.7
1706299200000,99993.77,100093.62
1706299200000,99993.77,100095.79
1706299200000,99993.77,100094.71
1706299200000,99993.77,100096.88
1706299200000,99993.77,100095.79
1706299200000,99993.77,100102.31
1706299200000,99993.77,100103.39
1706299200000,99993.77,100102.3
1706299200000,99993.77,100103.39
1706299200000,99993.77,100102.3
1706299200000,99993.77,100103.39
1706299200000,99993.77,100102.3
1706299200000,99993.77,100103.38
1706299200000,99993.77,100101.21
1706299200000,99993.77,100100.13
1706299200000,99993.77,100101.21
1706299200000,99993.77,100100.13
1706299200000,99993.77,100102.3
1706299200000,99993.77,100101.21
1706299200000,99993.77,100103.38
1706299200000,99993.77,100102.3
1706299200000,99993.77,100108.81
1706299200000,99993.77,100107.72
1706299200000,99993.77,100108.8
1706299200000,99993.77,100106.63
1706299200000,99993.77,100107.72
1706299200000,99993.77,100106.63
1706299200000,99993.77,100107.72
1706299200000,99993.77,100103.38
1706299200000,99993.77,100102.29
1706299200000,99993.77,100103.38
1706299200000,99993.77,100102.29
1706299200000,99993.77,100103.38
1706299200000,99993.77,100102.29
1706299200000,99993.77,100103.38
1706299200000,99993.77,100102.29
1706299200000,99993.77,100105.55
1706299200000,99993.77,100104.47
1706299200000,99993.77,100105.55
1706299200000,99993.77,100104.47
1706299200000,99993.77,100105.55
1706299200000,99993.77,100104.47
1706299200000,99993.77,100105.55
1706299200000,99993.77,100104.47
1706299200000,99993.77,100105.55
1706299200000,99993.77,100103.38
1706299200000,99993.77,100104.47
1706299200000,99993.77,100103.38
1706299200000,99993.77,100104.47
1706299200000,99993.77,100102.3
1706299200000,99993.77,100101.21
1706299200000,99993.77,100100.13
1706299200000,99993.77,100101.21
1706299200000,99993.77,100100.13
1706299200000,99993.77,100101.21
1706299200000,99993.77,100099.04
1706299200000,99993.77,100100.12
1706299200000,99993.77,100097.95
1706299200000,99993.77,100099.04
1706299200000,99993.77,100097.95
1706299200000,99993.77,100099.04
1706299200000,99993.77,100097.95
1706299200000,99993.77,100099.04
1706299200000,99993.77,100097.95
1706299200000,99993.77,100099.04
1706299200000,99993.77,100097.95
1706299200000,99993.77,100099.04
1706299200000,99993.77,100097.95
1706299200000,99993.77,100099.04
1706299200000,99993.77,100097.96
1706299200000,99993.77,100099.04
1706299200000,99993.77,100097.96
1706299200000,99993.77,100099.04
1706299200000,99993.77,100097.95
1706299200000,99993.77,100100.12
1706299200000,99993.77,100099.04
1706299200000,99993.77,100101.21
1706299200000,99993.77,100100.13
1706299200000,99993.77,100103.38
1706299200000,99993.77,100102.3
1706299200000,99993.77,100103.38
1706299200000,99993.77,100102.3
1706299200000,99993.77,100103.39
1706299200000,99993.77,100102.3
1706299200000,99993.77,100103.39
1706299200000,99993.77,100102.3
1706299200000,99993.77,100103.39
1706299200000,99993.77,100102.3
1706299200000,99993.77,100104.47
1706299200000,99993.77,100103.39
1706299200000,99993.77,100105.56
1706299200000,99993.77,100104.47
1706299200000,99993.77,100107.73
1706299200000,99993.77,100106.64
1706299200000,99993.77,100107.73
1706299200000,99993.77,100106.65
1706299200000,99993.77,100107.73
1706299200000,99993.77,100106.65
1706299200000,99993.77,100107.73
1706299200000,99993.77,100106.65
1706299200000,99993.77,100107.74
1706299200000,99993.77,100108.82
1706299200000,99993.77,100109.91
1706299200000,99993.77,100110.99
1706299200000,99993.77,100112.08
1706299200000,99993.77,100113.16
1706299200000,99993.77,100114.25
1706299200000,99993.77,100113.16
1706299200000,99993.77,100112.08
1706299200000,99993.77,100110.99
1706299200000,99993.77,100108.82
1706299200000,99993.77,100107.73
1706299200000,99993.77,100106.65
1706299200000,99993.77,100104.49
1706299200000,99993.77,100105.57
1706299200000,99993.77,100104.49
1706299200000,99993.77,100105.57
1706299200000,99993.77,100104.49
1706299200000,99993.77,100106.66
1706299200000,99993.77,100105.57
1706299200000,99993.77,100107.74
1706299200000,99993.77,100106.66
1706299200000,99993.77,100107.74
1706299200000,99993.77,100106.66
1706299200000,99993.77,100107.74
1706299200000,99993.77,100106.66
1706299200000,99993.77,100107.75
1706299200000,99993.77,100105.57
1706299200000,99993.77,100106.66
1706299200000,99993.77,100105.57
1706299200000,99993.77,100106.66
1706299200000,99993.77,100105.57
1706299200000,99993.77,100106.66
1706299200000,99993.77,100104.49
1706299200000,99993.77,100105.57
1706299200000,99993.77,100104.49
1706299200000,99993.77,100105.57
1706299200000,99993.77,100102.31
1706299200000,99993.77,100104.49
1706299200000,99993.77,100105.57
1706299200000,99993.77,100104.49
1706299200000,99993.77,100105.57
1706299200000,99993.77,100103.4
1706299200000,99993.77,100104.49
1706299200000,99993.77,100102.32
1706299200000,99993.77,100103.4
1706299200000,99993.77,100097.97
1706299200000,99993.77,100096.89
1706299200000,99993.77,100097.97
1706299200000,99993.77,100096.89
1706299200000,99993.77,100097.98
1706299200000,99993.77,100096.89
1706299200000,99993.77,100097.98
1706299200000,99993.77,100096.89
1706299200000,99993.77,100100.15
1706299200000,99993.77,100101.23
1706299200000,99993.77,100100.15
1706299200000,99993.77,100101.23
1706299200000,99993.77,100099.06
1706299200000,99993.77,100100.15
1706299200000,99993.77,100099.06
1706299200000,99993.77,100100.15
1706299200000,99993.77,100095.8
1706299200000,99993.77,100096.89
1706299200000,99993.77,100097.98
1706299200000,99993.77,100099.06
1706299200000,99993.77,100100.15
1706299200000,99993.77,100101.23
1706299200000,99993.77,100102.32
1706299200000,99993.77,100103.41
1706299200000,99993.77,100104.49
1706299200000,99993.77,100105.58
1706299200000,99993.77,100104.49
1706299200000,99993.77,100105.58
1706299200000,99993.77,100104.49
1706299200000,99993.77,100105.57
1706299200000,99993.77,100104.49
1706299200000,99993.77,100105.57
1706299200000,99993.77,100103.4
1706299200000,99993.77,100104.49
1706299200000,99993.77,100105.57
1706299200000,99993.77,100106.66
1706299200000,99993.77,100107.74
1706299200000,99993.77,100108.83
1706299200000,99993.77,100109.91
1706299200000,99993.77,100111.0
1706299200000,99993.77,100112.08
1706299200000,99993.77,100113.17
1706299200000,99993.77,100112.08
1706299200000,99993.77,100113.17
1706299200000,99993.77,100112.09
1706299200000,99993.77,100113.17
1706299200000,99993.77,100112.09
1706299200000,99993.77,100113.17
1706299200000,99993.77,100111.0
1706299200000,99993.77,100112.09
1706299200000,99993.77,100113.17
1706299200000,99993.77,100114.26
1706299200000,99993.77,100115.34
1706299200000,99993.77,100116.43
1706299200000,99993.77,100117.51
1706299200000,99993.77,100118.6
1706299200000,99993.77,100120.77
1706299200000,99993.77,100119.68
1706299200000,99993.77,100120.77
1706299200000,99993.77,100119.68
1706299200000,99993.77,100120.77
1706299200000,99993.77,100119.68
1706299200000,99993.77,100120.77
1706299200000,99993.77,100118.6
1706299200000,99993.77,100117.51
1706299200000,99993.77,100118.6
1706299200000,99993.77,100117.51
1706299200000,99993.77,100118.59
1706299200000,99993.77,100117.51
1706299200000,99993.77,100118.59
1706299200000,99993.77,100117.51
1706299200000,99993.77,100119.68
1706299200000,99993.77,100118.6
1706299200000,99993.77,100119.68
1706299200000,99993.77,100118.6
1706299200000,99993.77,100119.68
1706299200000,99993.77,100118.59
1706299200000,99993.77,100119.68
1706299200000,99993.77,100118.59
1706299200000,99993.77,100119.68
1706299200000,99993.77,100118.59
1706299200000,99993.77,100119.68
1706299200000,99993.77,100118.59
1706299200000,99993.77,100119.68
1706299200000,99993.77,100118.59
1706299200000,99993.77,100119.68
1706299200000,99993.77,100118.59
1706299200000,99993.77,100119.68
1706299200000,99993.77,100118.59
1706299200000,99993.77,100119.68
1706299200000,99993.77,100118.59
1706299200000,99993.77,100117.5
1706299200000,99993.77,100118.59
1706299200000,99993.77,100117.5
1706299200000,99993.77,100119.67
1706299200000,99993.77,100118.59
1706299200000,99993.77,100119.67
1706299200000,99993.77,100118.58
1706299200000,99993.77,100122.93
1706299200000,99993.77,100124.01
1706299200000,99993.77,100122.93
1706299200000,99993.77,100124.01
1706299200000,99993.77,100122.92
1706299200000,99993.77,100124.01
1706299200000,99993.77,100122.92
1706299200000,99993.77,100124.01
1706299200000,99993.77,100121.84
1706299200000,99993.77,100120.75
1706299200000,99993.77,100121.83
1706299200000,99993.77,100120.75
1706299200000,99993.77,100122.92
1706299200000,99993.77,100121.83
1706299200000,99993.77,100122.92
1706299200000,99993.77,100121.84
1706299200000,99993.77,100127.26
1706299200000,99993.77,100128.35
1706299200000,99993.77,100127.26
1706299200000,99993.77,100128.35
1706299200000,99993.77,100127.26
1706299200000,99993.77,100128.35
1706299200000,99993.77,100127.26
1706299200000,99993.77,100128.35
1706299200000,99993.77,100126.18
1706299200000,99993.77,100125.09
1706299200000,99993.77,100126.17
1706299200000,99993.77,100125.09
1706299200000,99993.77,100127.26
1706299200000,99993.77,100126.17
1706299200000,99993.77,100127.26
1706299200000,99993.77,100126.18
1706299200000,99993.77,100131.61
1706299200000,99993.77,100132.69
1706299200000,99993.77,100131.61
1706299200000,99993.77,100132.69
1706299200000,99993.77,100131.61
1706299200000,99993.77,100132.69
1706299200000,99993.77,100131.61
1706299200000,99993.77,100132.69
1706299200000,99993.77,100130.52
1706299200000,99993.77,100129.44
1706299200000,99993.77,100130.53
1706299200000,99993.77,100129.44
1706299200000,99993.77,100131.61
1706299200000,99993.77,100130.53
1706299200000,99993.77,100131.61
1706299200000,99993.77,100130.52
1706299200000,99993.77,100135.95
1706299200000,99993.77,100134.87
1706299200000,99993.77,100133.78
1706299200000,99993.77,100132.7
1706299200000,99993.77,100131.62
1706299200000,99993.77,100130.53
1706299200000,99993.77,100129.45
1706299200000,99993.77,100128.36
1706299200000,99993.77,100126.19
1706299200000,99993.77,100125.1
1706299200000,99993.77,100126.19
1706299200000,99993.77,100125.1
1706299200000,99993.77,100126.19
1706299200000,99993.77,100125.1
1706299200000,99993.77,100127.28
1706299200000,99993.77,100126.19
1706299200000,99993.77,100129.45
1706299200000,99993.77,100128.36
1706299200000,99993.77,100129.45
1706299200000,99993.77,100128.36
1706299200000,99993.77,100129.45
1706299200000,99993.77,100127.28
1706299200000,99993.77,100128.36
1706299200000,99993.77,100127.28
1706299200000,99993.77,100128.36
1706299200000,99993.77,100127.28
1706299200000,99993.77,100128.36
1706299200000,99993.77,100126.19
1706299200000,99993.77,100127.28
1706299200000,99993.77,100124.02
1706299200000,99993.77,100128.37
1706299200000,99993.77,100127.28
1706299200000,99993.77,100126.19
1706299200000,99993.77,100125.1
1706299200000,99993.77,100124.02
1706299200000,99993.77,100121.85
1706299200000,99993.77,100122.93
1706299200000,99993.77,100121.84
1706299200000,99993.77,100122.93
1706299200000,99993.77,100121.85
1706299200000,99993.77,100124.02
1706299200000,99993.77,100122.93
1706299200000,99993.77,100124.02
1706299200000,99993.77,100121.84
1706299200000,99993.77,100122.93
1706299200000,99993.77,100120.76
1706299200000,99993.77,100121.84
1706299200000,99993.77,100122.93
1706299200000,99993.77,100125.1
1706299200000,99993.77,100126.19
1706299200000,99993.77,100128.36
1706299200000,99993.77,100127.27
1706299200000,99993.77,100128.36
1706299200000,99993.77,100127.27
1706299200000,99993.77,100128.35
1706299200000,99993.77,100127.27
1706299200000,99993.77,100128.36
1706299200000,99993.77,100129.44
1706299200000,99993.77,100131.61
1706299200000,99993.77,100132.7
1706299200000,99993.77,100134.87
1706299200000,99993.77,100133.78
1706299200000,99993.77,100134.87
1706299200000,99993.77,100133.78
1706299200000,99993.77,100134.87
1706299200000,99993.77,100133.78
1706299200000,99993.77,100134.86
1706299200000,99993.77,100137.03
1706299200000,99993.77,100138.12
1706299200000,99993.77,100140.29
1706299200000,99993.77,100142.46
1706299200000,99993.77,100141.37
1706299200000,99993.77,100142.46
1706299200000,99993.77,100140.29
1706299200000,99993.77,100141.37
1706299200000,99993.77,100139.2
1706299200000,99993.77,100140.29
1706299200000,99993.77,100139.2
1706299200000,99993.77,100140.29
1706299200000,99993.77,100139.2
1706299200000,99993.77,100140.29
1706299200000,99993.77,100139.2
1706299200000,99993.77,100140.29
1706299200000,99993.77,100139.2
1706299200000,99993.77,100140.29
1706299200000,99993.77,100139.2
1706299200000,99993.77,100140.29
1706299200000,99993.77,100139.2
1706299200000,99993.77,100140.29
1706299200000,99993.77,100139.2
1706299200000,99993.77,100140.29
1706299200000,99993.77,100138.12
1706299200000,99993.77,100139.2
1706299200000,99993.77,100138.12
1706299200000,99993.77,100140.29
1706299200000,99993.77,100139.2
1706299200000,99993.77,100141.37
1706299200000,99993.77,100140.28
1706299200000,99993.77,100141.37
1706299200000,99993.77,100140.29
1706299200000,99993.77,100141.37
1706299200000,99993.77,100140.29
1706299200000,99993.77,100141.37
1706299200000,99993.77,100140.28
1706299200000,99993.77,100141.37
1706299200000,99993.77,100140.29
1706299200000,99993.77,100142.45
1706299200000,99993.77,100141.37
1706299200000,99993.77,100142.46
1706299200000,99993.77,100140.29
1706299200000,99993.77,100141.37
1706299200000,99993.77,100138.12
1706299200000,99993.77,100139.21
1706299200000,99993.77,100138.12
1706299200000,99993.77,100139.2
1706299200000,99993.77,100138.12
1706299200000,99993.77,100139.21
1706299200000,99993.77,100138.12
1706299200000,99993.77,100139.21
1706299200000,99993.77,100137.03
1706299200000,99993.77,100138.12
1706299200000,99993.77,100134.87
1706299200000,99993.77,100135.95
1706299200000,99993.77,100134.87
1706299200000,99993.77,100135.95
1706299200000,99993.77,100134.87
1706299200000,99993.77,100135.95
1706299200000,99993.77,100134.87
1706299200000,99993.77,100135.95
1706299200000,99993.77,100133.78
1706299200000,99993.77,100134.87
1706299200000,99993.77,100131.62
1706299200000,99993.77,100132.7
1706299200000,99993.77,100131.62
1706299200000,99993.77,100133.79
1706299200000,99993.77,100132.7
1706299200000,99993.77,100134.87
1706299200000,99993.77,100133.78
1706299200000,99993.77,100134.86
1706299200000,99993.77,100133.78
1706299200000,99993.77,100134.87
1706299200000,99993.77,100133.78
1706299200000,99993.77,100134.87
1706299200000,99993.77,100133.78
1706299200000,99993.77,100134.86
1706299200000,99993.77,100133.78
1706299200000,99993.77,100134.87
1706299200000,99993.77,100133.78
1706299200000,99993.77,100134.86
1706299200000,99993.77,100133.78
1706299200000,99993.77,100134.87
1706299200000,99993.77,100133.78
1706299200000,99993.77,100135.95
1706299200000,99993.77,100134.86
1706299200000,99993.77,100133.77
1706299200000,99993.77,100134.86
1706299200000,99993.77,100133.78
1706299200000,99993.77,100135.95
1706299200000,99993.77,100134.86
1706299200000,99993.77,100140.29
1706299200000,99993.77,100141.38
1706299200000,99993.77,100140.3
1706299200000,99993.77,100141.38
1706299200000,99993.77,100140.3
1706299200000,99993.77,100141.38
1706299200000,99993.77,100138.13
1706299200000,99993.77,100137.04
1706299200000,99993.77,100138.12
1706299200000,99993.77,100137.04
1706299200000,99993.77,100139.21
1706299200000,99993.77,100138.12
1706299200000,99993.77,100142.47
1706299200000,99993.77,100141.39
1706299200000,99993.77,100140.3
1706299200000,99993.77,100139.21
1706299200000,99993.77,100138.12
1706299200000,99993.77,100137.04
1706299200000,99993.77,100134.87
1706299200000,99993.77,100133.78
1706299200000,99993.77,100134.86
1706299200000,99993.77,100133.78
1706299200000,99993.77,100134.86
1706299200000,99993.77,100133.78
1706299200000,99993.77,100135.95
1706299200000,99993.77,100134.87
1706299200000,99993.77,100133.78
1706299200000,99993.77,100132.69
1706299200000,99993.77,100131.61
1706299200000,99993.77,100130.52
1706299200000,99993.77,100128.35
1706299200000,99993.77,100127.26
1706299200000,99993.77,100128.35
1706299200000,99993.77,100127.26
1706299200000,99993.77,100128.34
1706299200000,99993.77,100127.26
1706299200000,99993.77,100129.43
1706299200000,99993.77,100128.35
1706299200000,99993.77,100127.26
1706299200000,99993.77,100125.09
1706299200000,99993.77,100124.0
1706299200000,99993.77,100122.91
1706299200000,99993.77,100120.74
1706299200000,99993.77,100121.82
1706299200000,99993.77,100122.91
1706299200000,99993.77,100124.0
1706299200000,99993.77,100125.08
1706299200000,99993.77,100126.17
1706299200000,99993.77,100128.34
1706299200000,99993.77,100129.42
1706299200000,99993.77,100128.34
1706299200000,99993.77,100129.43
1706299200000,99993.77,100128.34
1706299200000,99993.77,100129.43
1706299200000,99993.77,100126.17
1706299200000,99993.77,100125.08
1706299200000,99993.77,100126.17
1706299200000,99993.77,100125.08
1706299200000,99993.77,100127.25
1706299200000,99993.77,100126.17
1706299200000,99993.77,100127.25
1706299200000,99993.77,100126.17
1706299200000,99993.77,100128.34
1706299200000,99993.77,100127.25
1706299200000,99993.77,100131.6
1706299200000,99993.77,100130.51
1706299200000,99993.77,100129.43
1706299200000,99993.77,100128.35
1706299200000,99993.77,100129.43
1706299200000,99993.77,100128.35
1706299200000,99993.77,100129.44
1706299200000,99993.77,100128.35
1706299200000,99993.77,100127.26
1706299200000,99993.77,100126.18
1706299200000,99993.77,100127.27
1706299200000,99993.77,100126.19
1706299200000,99993.77,100127.27
1706299200000,99993.77,100126.18
1706299200000,99993.77,100125.1
1706299200000,99993.77,100124.01
1706299200000,99993.77,100125.1
1706299200000,99993.77,100124.02
1706299200000,99993.77,100125.11
1706299200000,99993.77,100124.02
1706299200000,99993.77,100122.93
1706299200000,99993.77,100121.85
1706299200000,99993.77,100122.94
1706299200000,99993.77,100121.85
1706299200000,99993.77,100122.94
1706299200000,99993.77,100121.86
1706299200000,99993.77,100120.77
1706299200000,99993.77,100119.68
1706299200000,99993.77,100120.77
1706299200000,99993.77,100119.68
1706299200000,99993.77,100120.76
1706299200000,99993.77,100119.68
1706299200000,99993.77,100120.76
1706299200000,99993.77,100118.59
1706299200000,99993.77,100119.68
1706299200000,99993.77,100117.51
1706299200000,99993.77,100118.6
1706299200000,99993.77,100117.51
1706299200000,99993.77,100118.59
1706299200000,99993.77,100116.43
1706299200000,99993.77,100117.51
1706299200000,99993.77,100112.08
1706299200000,99993.77,100113.16
1706299200000,99993.77,100112.08
1706299200000,99993.77,100114.25
1706299200000,99993.77,100113.16
1706299200000,99993.77,100115.34
1706299200000,99993.77,100114.25
1706299200000,99993.77,100118.6
1706299200000,99993.77,100117.51
1706299200000,99993.77,100118.6
1706299200000,99993.77,100117.51
1706299200000,99993.77,100118.59
1706299200000,99993.77,100117.51
1706299200000,99993.77,100118.6
1706299200000,99993.77,100116.43
1706299200000,99993.77,100117.51
1706299200000,99993.77,100116.43
1706299200000,99993.77,100118.6
1706299200000,99993.77,100117.51
1706299200000,99993.77,100119.69
1706299200000,99993.77,100118.6
1706299200000,99993.77,100121.85
1706299200000,99993.77,100120.77
1706299200000,99993.77,100121.86
1706299200000,99993.77,100119.69
1706299200000,99993.77,100120.77
1706299200000,99993.77,100118.6
1706299200000,99993.77,100119.68
1706299200000,99993.77,100115.34
1706299200000,99993.77,100116.43
1706299200000,99993.77,100115.34
1706299200000,99993.77,100116.43
1706299200000,99993.77,100115.35
1706299200000,99993.77,100116.43
1706299200000,99993.77,100115.35
1706299200000,99993.77,100116.43
1706299200000,99993.77,100115.35
1706299200000,99993.77,100116.43
1706299200000,99993.77,100114.26
1706299200000,99993.77,100115.35
1706299200000,99993.77,100113.18
1706299200000,99993.77,100114.26
1706299200000,99993.77,100109.92
1706299200000,99993.77,100111.01
1706299200000,99993.77,100109.92
1706299200000,99993.77,100111.01
1706299200000,99993.77,100109.93
1706299200000,99993.77,100111.01
1706299200000,99993.77,100109.93
1706299200000,99993.77,100111.02
1706299200000,99993.77,100109.93
1706299200000,99993.77,100108.84
1706299200000,99993.77,100107.76
1706299200000,99993.77,100106.67
1706299200000,99993.77,100105.58
1706299200000,99993.77,100104.5
1706299200000,99993.77,100102.33
1706299200000,99993.77,100103.41
1706299200000,99993.77,100102.32
1706299200000,99993.77,100103.41
1706299200000,99993.77,100102.32
1706299200000,99993.77,100103.41
1706299200000,99993.77,100102.32
1706299200000,99993.77,100103.41
1706299200000,99993.77,100102.32
1706299200000,99993.77,100103.41
1706299200000,99993.77,100102.33
1706299200000,99993.77,100103.41
1706299200000,99993.77,100102.33
1706299200000,99993.77,100103.41
1706299200000,99993.77,100102.33
1706299200000,99993.77,100103.41
1706299200000,99993.77,100102.33
1706299200000,99993.77,100103.41
1706299200000,99993.77,100102.33
1706299200000,99993.77,100103.41
1706299200000,99993.77,100102.33
1706299200000,99993.77,100104.49
1706299200000,99993.77,100103.41
1706299200000,99993.77,100102.31
1706299200000,99993.77,100101.22
1706299200000,99993.77,100100.14
1706299200000,99993.77,100099.05
1706299200000,99993.77,100097.96
1706299200000,99993.77,100095.8
1706299200000,99993.77,100094.71
1706299200000,99993.77,100095.8
1706299200000,99993.77,100094.71
1706299200000,99993.77,100095.8
1706299200000,99993.77,100094.71
1706299200000,99993.77,100097.96
1706299200000,99993.77,100099.05
1706299200000,99993.77,100097.97
1706299200000,99993.77,100099.05
1706299200000,99993.77,100096.89
1706299200000,99993.77,100097.97
1706299200000,99993.77,100093.63
1706299200000,99993.77,100094.71
1706299200000,99993.77,100095.8
1706299200000,99993.77,100096.89
1706299200000,99993.77,100097.97
1706299200000,99993.77,100099.06
1706299200000,99993.77,100101.23
1706299200000,99993.77,100102.31
1706299200000,99993.77,100101.23
1706299200000,99993.77,100102.32
1706299200000,99993.77,100101.23
1706299200000,99993.77,100102.32
1706299200000,99993.77,100100.15
1706299200000,99993.77,100101.24
1706299200000,99993.77,100102.32
1706299200000,99993.77,100103.41
1706299200000,99993.77,100104.49
1706299200000,99993.77,100105.58
1706299200000,99993.77,100107.75
1706299200000,99993.77,100108.83
1706299200000,99993.77,100107.75
1706299200000,99993.77,100108.83
1706299200000,99993.77,100107.75
1706299200000,99993.77,100108.84
1706299200000,99993.77,100106.67
1706299200000,99993.77,100107.76
1706299200000,99993.77,100109.93
1706299200000,99993.77,100111.01
1706299200000,99993.77,100113.18
1706299200000,99993.77,100114.27
1706299200000,99993.77,100116.44
1706299200000,99993.77,100115.35
1706299200000,99993.77,100116.44
1706299200000,99993.77,100114.26
1706299200000,99993.77,100115.35
1706299200000,99993.77,100111.01
1706299200000,99993.77,100109.92
1706299200000,99993.77,100111.01
1706299200000,99993.77,100109.92
1706299200000,99993.77,100111.01
1706299200000,99993.77,100109.92
1706299200000,99993.77,100113.18
1706299200000,99993.77,100112.1
1706299200000,99993.77,100113.18
1706299200000,99993.77,100112.1
1706299200000,99993.77,100113.18
1706299200000,99993.77,100112.1
1706299200000,99993.77,100113.18
1706299200000,99993.77,100111.01
1706299200000,99993.77,100112.1
1706299200000,99993.77,100109.92
1706299200000,99993.77,100108.83
1706299200000,99993.77,100106.66
1706299200000,99993.77,100105.58
1706299200000,99993.77,100107.75
1706299200000,99993.77,100106.66
1706299200000,99993.77,100104.49
1706299200000,99993.77,100103.4
1706299200000,99993.77,100105.57
1706299200000,99993.77,100104.49
1706299200000,99993.77,100102.32
1706299200000,99993.77,100101.23
1706299200000,99993.77,100103.4
1706299200000,99993.77,100101.24
1706299200000,99993.77,100097.98
1706299200000,99993.77,100099.06
1706299200000,99993.77,100097.98
1706299200000,99993.77,100099.06
1706299200000,99993.77,100097.98
1706299200000,99993.77,100099.06
1706299200000,99993.77,100097.98
1706299200000,99993.77,100099.06
1706299200000,99993.77,100097.98
1706299200000,99993.77,100100.15
1706299200000,99993.77,100099.06
1706299200000,99993.77,100100.15
1706299200000,99993.77,100102.32
1706299200000,99993.77,100104.48
1706299200000,99993.77,100103.4
1706299200000,99993.77,100104.48
1706299200000,99993.77,100103.39
1706299200000,99993.77,100104.48
1706299200000,99993.77,100106.65
1706299200000,99993.77,100108.82
1706299200000,99993.77,100107.73
1706299200000,99993.77,100108.82
1706299200000,99993.77,100107.73
1706299200000,99993.77,100108.82
1706299200000,99993.77,100110.98
1706299200000,99993.77,100113.15
1706299200000,99993.77,100112.07
1706299200000,99993.77,100113.16
1706299200000,99993.77,100112.07
1706299200000,99993.77,100114.24
1706299200000,99993.77,100117.5
1706299200000,99993.77,100120.75
1706299200000,99993.77,100119.67
1706299200000,99993.77,100118.59
1706299200000,99993.77,100117.5
1706299200000,99993.77,100118.59
1706299200000,99993.77,100117.5
1706299200000,99993.77,100118.59
1706299200000,99993.77,100117.51
1706299200000,99993.77,100118.59
1706299200000,99993.77,100117.51
1706299200000,99993.77,100118.59
1706299200000,99993.77,100117.51
1706299200000,99993.77,100118.59
1706299200000,99993.77,100117.51
1706299200000,99993.77,100118.59
1706299200000,99993.77,100116.42
1706299200000,99993.77,100116.43
1706299200000,99993.77,100117.51
1706299200000,99993.77,100118.6
1706299200000,99993.77,100119.68
1706299200000,99993.77,100118.6
1706299200000,99993.77,100119.69
1706299200000,99993.77,100118.6
1706299200000,99993.77,100119.69
1706299200000,99993.77,100118.6
1706299200000,99993.77,100120.77
1706299200000,99993.77,100119.68
1706299200000,99993.77,100118.59
1706299200000,99993.77,100116.42
1706299200000,99993.77,100117.51
1706299200000,99993.77,100116.42
1706299200000,99993.77,100117.51
1706299200000,99993.77,100116.43
1706299200000,99993.77,100115.34
1706299200000,99993.77,100113.17
1706299200000,99993.77,100114.26
1706299200000,99993.77,100113.17
1706299200000,99993.77,100114.26
1706299200000,99993.77,100113.17
1706299200000,99993.77,100112.09
1706299200000,99993.77,100109.92
1706299200000,99993.77,100111.01
1706299200000,99993.77,100112.09
1706299200000,99993.77,100113.18
1706299200000,99993.77,100112.09
1706299200000,99993.77,100113.17
1706299200000,99993.77,100112.09
1706299200000,99993.77,100111.0
1706299200000,99993.77,100112.09
1706299200000,99993.77,100111.0
1706299200000,99993.77,100112.09
1706299200000,99993.77,100111.0
1706299200000,99993.77,100112.09
1706299200000,99993.77,100111.0
1706299200000,99993.77,100113.17
1706299200000,99993.77,100112.09
1706299200000,99993.77,100115.34
1706299200000,99993.77,100114.26
1706299200000,99993.77,100115.35
1706299200000,99993.77,100116.43
1706299200000,99993.77,100118.6
1706299200000,99993.77,100117.51
1706299200000,99993.77,100118.6
1706299200000,99993.77,100117.51
1706299200000,99993.77,100118.6
1706299200000,99993.77,100119.68
1706299200000,99993.77,100121.85
1706299200000,99993.77,100120.76
1706299200000,99993.77,100121.85
1706299200000,99993.77,100120.76
1706299200000,99993.77,100121.85
1706299200000,99993.77,100122.94
1706299200000,99993.77,100125.1
1706299200000,99993.77,100124.01
1706299200000,99993.77,100125.1
1706299200000,99993.77,100124.02
1706299200000,99993.77,100126.19
1706299200000,99993.77,100128.35
1706299200000,99993.77,100131.61
1706299200000,99993.77,100129.44
1706299200000,99993.77,100127.27
1706299200000,99993.77,100124.01
1706299200000,99993.77,100125.1
1706299200000,99993.77,100124.01
1706299200000,99993.77,100126.18
1706299200000,99993.77,100125.1
1706299200000,99993.77,100124.01
1706299200000,99993.77,100122.93
1706299200000,99993.77,100121.84
1706299200000,99993.77,100120.76
1706299200000,99993.77,100125.1
1706299200000,99993.77,100130.52
1706299200000,99993.77,100129.43
1706299200000,99993.77,100127.26
1706299200000,99993.77,100130.51
1706299200000,99993.77,100133.76
1706299200000,99993.77,100130.51
1706299200000,99993.77,100127.26
1706299200000,99993.77,100126.16
1706299200000,99993.77,100128.33
1706299200000,99993.77,100126.17
1706299200000,99993.77,100124.0
1706299200000,99993.77,100121.83
1706299200000,99993.77,100122.91
1706299200000,99993.77,100121.84
1706299200000,99993.77,100122.92
1706299200000,99993.77,100120.75
1706299200000,99993.77,100118.58
1706299200000,99993.77,100115.32
1706299200000,99993.77,100116.42
1706299200000,99993.77,100117.5
1706299200000,99993.77,100118.59
1706299200000,99993.77,100117.5
1706299200000,99993.77,100118.59
1706299200000,99993.77,100117.5
1706299200000,99993.77,100116.42
1706299200000,99993.77,100117.5
1706299200000,99993.77,100116.42
1706299200000,99993.77,100120.76
1706299200000,99993.77,100117.5
1706299200000,99993.77,100114.24
1706299200000,99993.77,100110.99
1706299200000,99993.77,100112.08
1706299200000,99993.77,100110.99
1706299200000,99993.77,100112.08
1706299200000,99993.77,100108.82
1706299200000,99993.77,100105.56
1706299200000,99993.77,100102.3
1706299200000,99993.77,100103.39
1706299200000,99993.77,100102.31
1706299200000,99993.77,100103.4
1706299200000,99993.77,100100.14
1706299200000,99993.77,100096.88
1706299200000,99993.77,100093.63
1706299200000,99993.77,100094.71
1706299200000,99993.77,100093.63
1706299200000,99993.77,100094.72
1706299200000,99993.77,100091.46
1706299200000,99993.77,100088.21
1706299200000,99993.77,100084.95
1706299200000,99993.77,100088.21
1706299200000,99993.77,100091.46
1706299200000,99993.77,100094.72
1706299200000,99993.77,100093.64
1706299200000,99993.77,100092.56
1706299200000,99993.77,100091.47
1706299200000,99993.77,100090.38
1706299200000,99993.77,100091.46
1706299200000,99993.77,100090.38
1706299200000,99993.77,100092.55
1706299200000,99993.77,100091.46
1706299200000,99993.77,100093.64
1706299200000,99993.77,100092.55
1706299200000,99993.77,100099.06
1706299200000,99993.77,100088.21
1706299200000,99993.77,100090.38
1706299200000,99993.77,100093.64
1706299200000,99993.77,100094.72
1706299200000,99993.77,100092.55
1706299200000,99993.77,100094.72
1706299200000,99993.77,100097.98
1706299200000,99993.77,100099.07
1706299200000,99993.77,100096.89
1706299200000,99993.77,100099.06
1706299200000,99993.77,100102.32
1706299200000,99993.77,100103.4
1706299200000,99993.77,100101.23
1706299200000,99993.77,100105.57
1706299200000,99993.77,100109.91
1706299200000,99993.77,100106.65
1706299200000,99993.77,100103.4
1706299200000,99993.77,100104.48
1706299200000,99993.77,100105.57
1706299200000,99993.77,100104.48
1706299200000,99993.77,100103.39
1706299200000,99993.77,100101.22
1706299200000,99993.77,100100.13
1706299200000,99993.77,100099.05
1706299200000,99993.77,100100.13
1706299200000,99993.77,100099.04
1706299200000,99993.77,100100.13
1706299200000,99993.77,100099.04
1706299200000,99993.77,100100.13
1706299200000,99993.77,100099.04
1706299200000,99993.77,100100.13
1706299200000,99993.77,100099.04
1706299200000,99993.77,100100.13
1706299200000,99993.77,100101.21
1706299200000,99993.77,100103.38
1706299200000,99993.77,100102.3
1706299200000,99993.77,100103.38
1706299200000,99993.77,100102.29
1706299200000,99993.77,100103.38
1706299200000,99993.77,100104.47
1706299200000,99993.77,100106.64
1706299200000,99993.77,100105.55
1706299200000,99993.77,100106.64
1706299200000,99993.77,100105.55
1706299200000,99993.77,100106.63
1706299200000,99993.77,100107.72
1706299200000,99993.77,100109.89
1706299200000,99993.77,100108.81
1706299200000,99993.77,100109.89
1706299200000,99993.77,100108.81
1706299200000,99993.77,100109.89
1706299200000,99993.77,100108.8
1706299200000,99993.77,100110.97
1706299200000,99993.77,100109.89
1706299200000,99993.77,100110.98
1706299200000,99993.77,100109.89
1706299200000,99993.77,100112.06
1706299200000,99993.77,100110.97
1706299200000,99993.77,100112.06
1706299200000,99993.77,100110.97
1706299200000,99993.77,100113.14
1706299200000,99993.77,100112.06
1706299200000,99993.77,100116.4
1706299200000,99993.77,100115.31
1706299200000,99993.77,100116.4
1706299200000,99993.77,100115.31
1706299200000,99993.77,100119.65
1706299200000,99993.77,100120.74
1706299200000,99993.77,100119.65
1706299200000,99993.77,100120.74
1706299200000,99993.77,100118.57
1706299200000,99993.77,100117.48
1706299200000,99993.77,100118.57
1706299200000,99993.77,100117.48
1706299200000,99993.77,100120.74
1706299200000,99993.77,100119.65
1706299200000,99993.77,100118.57
1706299200000,99993.77,100117.48
1706299200000,99993.77,100116.4
1706299200000,99993.77,100115.31
1706299200000,99993.77,100116.39
1706299200000,99993.77,100115.31
1706299200000,99993.77,100117.48
1706299200000,99993.77,100116.4
1706299200000,99993.77,100115.31
1706299200000,99993.77,100114.22
1706299200000,99993.77,100113.13
1706299200000,99993.77,100112.05
1706299200000,99993.77,100113.13
1706299200000,99993.77,100112.05
1706299200000,99993.77,100114.22
1706299200000,99993.77,100113.14
1706299200000,99993.77,100110.97
1706299200000,99993.77,100109.88
1706299200000,99993.77,100107.71
1706299200000,99993.77,100108.79
1706299200000,99993.77,100109.87
1706299200000,99993.77,100110.96
1706299200000,99993.77,100112.04
1706299200000,99993.77,100113.13
1706299200000,99993.77,100112.04
1706299200000,99993.77,100113.13
1706299200000,99993.77,100110.96
1706299200000,99993.77,100112.05
1706299200000,99993.77,100110.96
1706299200000,99993.77,100112.05
1706299200000,99993.77,100110.96
1706299200000,99993.77,100112.05
1706299200000,99993.77,100110.96
1706299200000,99993.77,100112.05
1706299200000,99993.77,100110.96
1706299200000,99993.77,100112.04
1706299200000,99993.77,100110.96
1706299200000,99993.77,100113.13
1706299200000,99993.77,100112.04
1706299200000,99993.77,100113.13
1706299200000,99993.77,100112.04
1706299200000,99993.77,100114.21
1706299200000,99993.77,100113.14
1706299200000,99993.77,100114.22
1706299200000,99993.77,100113.14
1706299200000,99993.77,100115.31
1706299200000,99993.77,100114.22
1706299200000,99993.77,100116.39
1706299200000,99993.77,100115.3
1706299200000,99993.77,100119.64
1706299200000,99993.77,100118.56
1706299200000,99993.77,100119.65
1706299200000,99993.77,100118.56
1706299200000,99993.77,100119.65
1706299200000,99993.77,100118.56
1706299200000,99993.77,100119.65
1706299200000,99993.77,100117.47
1706299200000,99993.77,100118.56
1706299200000,99993.77,100117.47
1706299200000,99993.77,100119.65
1706299200000,99993.77,100118.56
1706299200000,99993.77,100119.65
1706299200000,99993.77,100118.57
1706299200000,99993.77,100121.82
1706299200000,99993.77,100120.74
1706299200000,99993.77,100121.82
1706299200000,99993.77,100119.65
1706299200000,99993.77,100120.73
1706299200000,99993.77,100118.56
1706299200000,99993.77,100119.65
1706299200000,99993.77,100115.31
1706299200000,99993.77,100116.4
1706299200000,99993.77,100115.31
1706299200000,99993.77,100116.4
1706299200000,99993.77,100115.31
1706299200000,99993.77,100116.4
1706299200000,99993.77,100115.31
1706299200000,99993.77,100116.4
1706299200000,99993.77,100115.31
1706299200000,99993.77,100116.4
1706299200000,99993.77,100114.23
1706299200000,99993.77,100115.31
1706299200000,99993.77,100113.14
1706299200000,99993.77,100114.23
1706299200000,99993.77,100109.89
1706299200000,99993.77,100110.97
1706299200000,99993.77,100109.89
1706299200000,99993.77,100110.97
1706299200000,99993.77,100109.89
1706299200000,99993.77,100110.97
1706299200000,99993.77,100109.89
1706299200000,99993.77,100110.97
1706299200000,99993.77,100109.89
1706299200000,99993.77,100110.98
1706299200000,99993.77,100108.8
1706299200000,99993.77,100109.89
1706299200000,99993.77,100107.72
1706299200000,99993.77,100108.81
1706299200000,99993.77,100104.47
1706299200000,99993.77,100105.55
1706299200000,99993.77,100104.46
1706299200000,99993.77,100105.55
1706299200000,99993.77,100104.46
1706299200000,99993.77,100105.55
1706299200000,99993.77,100104.47
1706299200000,99993.77,100105.55
1706299200000,99993.77,100104.46
1706299200000,99993.77,100105.55
1706299200000,99993.77,100104.47
1706299200000,99993.77,100105.55
1706299200000,99993.77,100104.47
1706299200000,99993.77,100105.55
1706299200000,99993.77,100104.46
1706299200000,99993.77,100105.55
1706299200000,99993.77,100104.47
1706299200000,99993.77,100105.55
1706299200000,99993.77,100104.47
1706299200000,99993.77,100105.55
1706299200000,99993.77,100104.47
1706299200000,99993.77,100105.55
1706299200000,99993.77,100104.47
1706299200000,99993.77,100105.55
1706299200000,99993.77,100104.46
1706299200000,99993.77,100105.55
1706299200000,99993.77,100104.46
1706299200000,99993.77,100105.55
1706299200000,99993.77,100104.46
1706299200000,99993.77,100106.64
1706299200000,99993.77,100105.55
1706299200000,99993.77,100107.72
1706299200000,99993.77,100106.64
1706299200000,99993.77,100107.72
1706299200000,99993.77,100106.63
1706299200000,99993.77,100107.72
1706299200000,99993.77,100106.63
1706299200000,99993.77,100107.72
1706299200000,99993.77,100106.63
1706299200000,99993.77,100107.72
1706299200000,99993.77,100106.63
1706299200000,99993.77,100107.72
1706299200000,99993.77,100106.64
1706299200000,99993.77,100108.81
1706299200000,99993.77,100107.72
1706299200000,99993.77,100109.89
1706299200000,99993.77,100108.8
1706299200000,99993.77,100107.72
1706299200000,99993.77,100106.63
1706299200000,99993.77,100105.55
1706299200000,99993.77,100104.46
1706299200000,99993.77,100103.38
1706299200000,99993.77,100102.29
1706299200000,99993.77,100103.38
1706299200000,99993.77,100102.3
1706299200000,99993.77,100103.38
1706299200000,99993.77,100102.3
1706299200000,99993.77,100103.38
1706299200000,99993.77,100102.3
1706299200000,99993.77,100103.38
1706299200000,99993.77,100102.3
1706299200000,99993.77,100101.21
1706299200000,99993.77,100100.12
1706299200000,99993.77,100099.04
1706299200000,99993.77,100097.95
1706299200000,99993.77,100096.87
1706299200000,99993.77,100095.79
1706299200000,99993.77,100096.87
1706299200000,99993.77,100095.79
1706299200000,99993.77,100096.87
1706299200000,99993.77,100095.79
1706299200000,99993.77,100096.87
1706299200000,99993.77,100095.79
1706299200000,99993.77,100096.87
1706299200000,99993.77,100095.79
1706299200000,99993.77,100094.7
1706299200000,99993.77,100093.62
1706299200000,99993.77,100092.53
1706299200000,99993.77,100091.45
1706299200000,99993.77,100090.36
1706299200000,99993.77,100089.27
1706299200000,99993.77,100090.36
1706299200000,99993.77,100089.28
1706299200000,99993.77,100090.37
1706299200000,99993.77,100089.28
1706299200000,99993.77,100091.45
1706299200000,99993.77,100090.36
1706299200000,99993.77,100092.53
1706299200000,99993.77,100091.45
1706299200000,99993.77,100092.53
1706299200000,99993.77,100091.45
1706299200000,99993.77,100092.53
1706299200000,99993.77,100091.45
1706299200000,99993.77,100092.53
1706299200000,99993.77,100091.45
1706299200000,99993.77,100090.37
1706299200000,99993.77,100091.45
1706299200000,99993.77,100090.37
1706299200000,99993.77,100091.45
1706299200000,99993.77,100090.37
1706299200000,99993.77,100091.45
1706299200000,99993.77,100090.37
1706299200000,99993.77,100092.54
1706299200000,99993.77,100091.45
1706299200000,99993.77,100094.7
1706299200000,99993.77,100092.53
1706299200000,99993.77,100093.62
1706299200000,99993.77,100094.7
1706299200000,99993.77,100095.79
1706299200000,99993.77,100096.88
1706299200000,99993.77,100097.96
1706299200000,99993.77,100099.05
1706299200000,99993.77,100100.13
1706299200000,99993.77,100099.04
1706299200000,99993.77,100100.13
1706299200000,99993.77,100099.04
1706299200000,99993.77,100100.13
1706299200000,99993.77,100097.96
1706299200000,99993.77,100099.04
1706299200000,99993.77,100100.13
1706299200000,99993.77,100101.21
1706299200000,99993.77,100102.3
1706299200000,99993.77,100103.39
1706299200000,99993.77,100104.47
1706299200000,99993.77,100105.56
1706299200000,99993.77,100104.47
1706299200000,99993.77,100105.55
1706299200000,99993.77,100104.47
1706299200000,99993.77,100105.55
1706299200000,99993.77,100103.39
1706299200000,99993.77,100104.47
1706299200000,99993.77,100105.56
1706299200000,99993.77,100106.65
1706299200000,99993.77,100107.73
1706299200000,99993.77,100108.81
1706299200000,99993.77,100109.9
1706299200000,99993.77,100110.98
1706299200000,99993.77,100109.9
1706299200000,99993.77,100110.99
1706299200000,99993.77,100109.9
1706299200000,99993.77,100110.99
1706299200000,99993.77,100108.82
1706299200000,99993.77,100109.9
1706299200000,99993.77,100112.07
1706299200000,99993.77,100113.16
1706299200000,99993.77,100115.34
1706299200000,99993.77,100116.42
1706299200000,99993.77,100118.59
1706299200000,99993.77,100117.51
1706299200000,99993.77,100118.58
1706299200000,99993.77,100117.5
1706299200000,99993.77,100118.58
1706299200000,99993.77,100117.5
1706299200000,99993.77,100116.41
1706299200000,99993.77,100117.5
1706299200000,99993.77,100116.42
1706299200000,99993.77,100117.5
1706299200000,99993.77,100116.41
1706299200000,99993.77,100118.58
1706299200000,99993.77,100117.5
1706299200000,99993.77,100118.58
1706299200000,99993.77,100117.5
1706299200000,99993.77,100118.58
1706299200000,99993.77,100117.5
1706299200000,99993.77,100118.58
1706299200000,99993.77,100117.5
1706299200000,99993.77,100118.58
1706299200000,99993.77,100117.5
1706299200000,99993.77,100116.41
1706299200000,99993.77,100117.5
1706299200000,99993.77,100116.41
1706299200000,99993.77,100117.5
1706299200000,99993.77,100116.41
1706299200000,99993.77,100117.5
1706299200000,99993.77,100116.41
1706299200000,99993.77,100117.5
1706299200000,99993.77,100116.42
1706299200000,99993.77,100117.5
1706299200000,99993.77,100116.41
1706299200000,99993.77,100117.5
1706299200000,99993.77,100116.41
1706299200000,99993.77,100117.5
1706299200000,99993.77,100116.41
1706299200000,99993.77,100118.58
1706299200000,99993.77,100117.5
1706299200000,99993.77,100118.58
1706299200000,99993.77,100116.42
1706299200000,99993.77,100117.5
1706299200000,99993.77,100114.24
1706299200000,99993.77,100115.33
1706299200000,99993.77,100114.24
1706299200000,99993.77,100115.33
1706299200000,99993.77,100114.24
1706299200000,99993.77,100115.33
1706299200000,99993.77,100114.24
1706299200000,99993.77,100115.33
1706299200000,99993.77,100113.16
1706299200000,99993.77,100114.24
1706299200000,99993.77,100110.99
1706299200000,99993.77,100112.07
1706299200000,99993.77,100110.98
1706299200000,99993.77,100112.07
1706299200000,99993.77,100110.98
1706299200000,99993.77,100112.07
1706299200000,99993.77,100110.99
1706299200000,99993.77,100109.9
1706299200000,99993.77,100108.82
1706299200000,99993.77,100107.73
1706299200000,99993.77,100106.65
1706299200000,99993.77,100107.73
1706299200000,99993.77,100106.65
1706299200000,99993.77,100107.73
1706299200000,99993.77,100106.65
1706299200000,99993.77,100107.73
1706299200000,99993.77,100106.65
1706299200000,99993.77,100107.73
1706299200000,99993.77,100106.65
1706299200000,99993.77,100107.73
1706299200000,99993.77,100106.65
1706299200000,99993.77,100107.73
1706299200000,99993.77,100106.65
1706299200000,99993.77,100107.73
1706299200000,99993.77,100106.65
1706299200000,99993.77,100107.73
1706299200000,99993.77,100106.65
1706299200000,99993.77,100107.73
1706299200000,99993.77,100106.65
1706299200000,99993.77,100107.73
1706299200000,99993.77,100106.65
1706299200000,99993.77,100108.82
1706299200000,99993.77,100109.9
1706299200000,99993.77,100110.99
1706299200000,99993.77,100112.07
1706299200000,99993.77,100114.24
1706299200000,99993.77,100113.16
1706299200000,99993.77,100114.24
1706299200000,99993.77,100113.16
1706299200000,99993.77,100114.24
1706299200000,99993.77,100115.33
1706299200000,99993.77,100116.41
1706299200000,99993.77,100115.33
1706299200000,99993.77,100114.24
1706299200000,99993.77,100112.07
1706299200000,99993.77,100113.16
1706299200000,99993.77,100112.07
1706299200000,99993.77,100113.16
1706299200000,99993.77,100112.07
1706299200000,99993.77,100110.98
1706299200000,99993.77,100108.81
1706299200000,99993.77,100109.9
1706299200000,99993.77,100108.82
1706299200000,99993.77,100109.9
1706299200000,99993.77,100108.82
1706299200000,99993.77,100107.73
1706299200000,99993.77,100105.56
1706299200000,99993.77,100106.64
1706299200000,99993.77,100105.56
1706299200000,99993.77,100106.64
1706299200000,99993.77,100105.56
1706299200000,99993.77,100106.64
1706299200000,99993.77,100105.56
1706299200000,99993.77,100106.64
1706299200000,99993.77,100105.56
1706299200000,99993.77,100106.64
1706299200000,99993.77,100105.56
1706299200000,99993.77,100106.64
1706299200000,99993.77,100109.9
1706299200000,99993.77,100108.82
1706299200000,99993.77,100109.9
1706299200000,99993.77,100108.82
1706299200000,99993.77,100110.99
1706299200000,99993.77,100109.9
1706299200000,99993.77,100113.16
1706299200000,99993.77,100114.25
1706299200000,99993.77,100113.16
1706299200000,99993.77,100114.25
1706299200000,99993.77,100113.16
1706299200000,99993.77,100114.25
1706299200000,99993.77,100112.08
1706299200000,99993.77,100110.99
1706299200000,99993.77,100112.08
1706299200000,99993.77,100110.99
1706299200000,99993.77,100113.16
1706299200000,99993.77,100112.08
1706299200000,99993.77,100115.33
1706299200000,99993.77,100114.25
1706299200000,99993.77,100113.17
1706299200000,99993.77,100112.08
1706299200000,99993.77,100111.0
1706299200000,99993.77,100109.91
1706299200000,99993.77,100108.83
1706299200000,99993.77,100107.74
1706299200000,99993.77,100108.82
1706299200000,99993.77,100107.74
1706299200000,99993.77,100108.82
1706299200000,99993.77,100107.74
1706299200000,99993.77,100109.91
1706299200000,99993.77,100108.83
1706299200000,99993.77,100107.74
1706299200000,99993.77,100106.66
1706299200000,99993.77,100105.57
1706299200000,99993.77,100104.49
1706299200000,99993.77,100103.4
1706299200000,99993.77,100102.32
1706299200000,99993.77,100103.4
1706299200000,99993.77,100102.31
1706299200000,99993.77,100103.4
1706299200000,99993.77,100102.31
1706299200000,99993.77,100104.49
1706299200000,99993.77,100103.4
1706299200000,99993.77,100102.32
1706299200000,99993.77,100101.23
1706299200000,99993.77,100100.15
1706299200000,99993.77,100099.06
1706299200000,99993.77,100097.98
1706299200000,99993.77,100099.06
1706299200000,99993.77,100100.15
1706299200000,99993.77,100101.23
1706299200000,99993.77,100102.32
1706299200000,99993.77,100103.4
1706299200000,99993.77,100104.49
1706299200000,99993.77,100105.57
1706299200000,99993.77,100104.49
1706299200000,99993.77,100105.58
1706299200000,99993.77,100104.49
1706299200000,99993.77,100105.58
1706299200000,99993.77,100102.32
1706299200000,99993.77,100101.23
1706299200000,99993.77,100102.32
1706299200000,99993.77,100101.23
1706299200000,99993.77,100102.32
1706299200000,99993.77,100101.23
1706299200000,99993.77,100102.32
1706299200000,99993.77,100101.23
1706299200000,99993.77,100103.41
1706299200000,99993.77,100102.32
1706299200000,99993.77,100103.41
1706299200000,99993.77,100102.32
1706299200000,99993.77,100106.67
1706299200000,99993.77,100105.58
1706299200000,99993.77,100106.67
1706299200000,99993.77,100105.58
1706299200000,99993.77,100106.67
1706299200000,99993.77,100105.58
1706299200000,99993.77,100107.75
1706299200000,99993.77,100106.67
1706299200000,99993.77,100108.84
1706299200000,99993.77,100107.75
1706299200000,99993.77,100108.84
1706299200000,99993.77,100107.75
1706299200000,99993.77,100108.84
1706299200000,99993.77,100107.75
1706299200000,99993.77,100108.84
1706299200000,99993.77,100107.75
1706299200000,99993.77,100108.84
1706299200000,99993.77,100107.75
1706299200000,99993.77,100108.84
1706299200000,99993.77,100107.75
1706299200000,99993.77,100108.84
1706299200000,99993.77,100107.76
1706299200000,99993.77,100109.93
1706299200000,99993.77,100108.84
1706299200000,99993.77,100107.76
1706299200000,99993.77,100106.67
1706299200000,99993.77,100105.59
1706299200000,99993.77,100104.5
1706299200000,99993.77,100103.41
1706299200000,99993.77,100101.24
1706299200000,99993.77,100102.33
1706299200000,99993.77,100101.24
1706299200000,99993.77,100102.33
1706299200000,99993.77,100101.24
1706299200000,99993.77,100102.33
1706299200000,99993.77,100101.24
1706299200000,99993.77,100102.33
1706299200000,99993.77,100101.24
1706299200000,99993.77,100100.16
1706299200000,99993.77,100099.07
1706299200000,99993.77,100097.99
1706299200000,99993.77,100096.9
1706299200000,99993.77,100095.82
1706299200000,99993.77,100093.64
1706299200000,99993.77,100094.73
1706299200000,99993.77,100093.64
1706299200000,99993.77,100094.73
1706299200000,99993.77,100093.64
1706299200000,99993.77,100094.73
1706299200000,99993.77,100093.64
1706299200000,99993.77,100094.73
1706299200000,99993.77,100093.65
1706299200000,99993.77,100092.56
1706299200000,99993.77,100091.48
1706299200000,99993.77,100090.39
1706299200000,99993.77,100089.3
1706299200000,99993.77,100088.22
1706299200000,99993.77,100086.05
1706299200000,99993.77,100087.13
1706299200000,99993.77,100086.05
1706299200000,99993.77,100087.13
1706299200000,99993.77,100086.05
1706299200000,99993.77,100087.13
1706299200000,99993.77,100086.05
1706299200000,99993.77,100087.14
1706299200000,99993.77,100086.05
1706299200000,99993.77,100087.14
1706299200000,99993.77,100086.05
1706299200000,99993.77,100087.14
1706299200000,99993.77,100086.05
1706299200000,99993.77,100087.14
1706299200000,99993.77,100086.05
1706299200000,99993.77,100087.13
1706299200000,99993.77,100086.05
1706299200000,99993.77,100087.13
1706299200000,99993.77,100086.05
1706299200000,99993.77,100087.13
1706299200000,99993.77,100086.05
1706299200000,99993.77,100087.13
1706299200000,99993.77,100086.05
1706299200000,99993.77,100087.13
1706299200000,99993.77,100086.05
1706299200000,99993.77,100087.13
1706299200000,99993.77,100086.05
1706299200000,99993.77,100087.13
1706299200000,99993.77,100086.05
1706299200000,99993.77,100087.13
1706299200000,99993.77,100086.05
1706299200000,99993.77,100087.14
1706299200000,99993.77,100086.05
1706299200000,99993.77,100084.97
1706299200000,99993.77,100086.05
1706299200000,99993.77,100084.97
1706299200000,99993.77,100087.14
1706299200000,99993.77,100088.23
1706299200000,99993.77,100087.14
1706299200000,99993.77,100088.23
1706299200000,99993.77,100086.06
1706299200000,99993.77,100084.97
1706299200000,99993.77,100086.06
1706299200000,99993.77,100084.97
1706299200000,99993.77,100088.23
1706299200000,99993.77,100087.14
1706299200000,99993.77,100086.06
1706299200000,99993.77,100084.98
1706299200000,99993.77,100083.89
1706299200000,99993.77,100082.8
1706299200000,99993.77,100083.89
1706299200000,99993.77,100082.8
1706299200000,99993.77,100084.97
1706299200000,99993.77,100083.88
1706299200000,99993.77,100082.8
1706299200000,99993.77,100081.72
1706299200000,99993.77,100080.63
1706299200000,99993.77,100079.54
1706299200000,99993.77,100080.63
1706299200000,99993.77,100079.54
1706299200000,99993.77,100081.71
1706299200000,99993.77,100080.63
1706299200000,99993.77,100078.45
1706299200000,99993.77,100077.37
1706299200000,99993.77,100075.2
1706299200000,99993.77,100076.28
1706299200000,99993.77,100078.45
1706299200000,99993.77,100079.53
1706299200000,99993.77,100081.71
1706299200000,99993.77,100082.79
1706299200000,99993.77,100081.71
1706299200000,99993.77,100082.79
1706299200000,99993.77,100079.53
1706299200000,99993.77,100080.62
1706299200000,99993.77,100079.53
1706299200000,99993.77,100081.71
1706299200000,99993.77,100080.62
1706299200000,99993.77,100083.88
1706299200000,99993.77,100079.54
1706299200000,99993.77,100080.62
1706299200000,99993.77,100082.79
1706299200000,99993.77,100083.88
1706299200000,99993.77,100086.05
1706299200000,99993.77,100088.22
1706299200000,99993.77,100089.3
1706299200000,99993.77,100091.47
1706299200000,99993.77,100093.64
1706299200000,99993.77,100094.73
1706299200000,99993.77,100093.64
1706299200000,99993.77,100094.73
1706299200000,99993.77,100092.56
1706299200000,99993.77,100093.64
1706299200000,99993.77,100092.56
1706299200000,99993.77,100093.64
1706299200000,99993.77,100089.3
1706299200000,99993.77,100090.39
1706299200000,99993.77,100091.47
1706299200000,99993.77,100092.56
1706299200000,99993.77,100093.64
1706299200000,99993.77,100094.72
1706299200000,99993.77,100095.81
1706299200000,99993.77,100096.9
1706299200000,99993.77,100099.07
1706299200000,99993.77,100097.98
1706299200000,99993.77,100099.07
1706299200000,99993.77,100096.9
1706299200000,99993.77,100097.99
1706299200000,99993.77,100096.9
1706299200000,99993.77,100097.99
1706299200000,99993.77,100093.65
1706299200000,99993.77,100092.56
1706299200000,99993.77,100093.65
1706299200000,99993.77,100092.56
1706299200000,99993.77,100093.64
1706299200000,99993.77,100092.56
1706299200000,99993.77,100093.64
1706299200000,99993.77,100092.56
1706299200000,99993.77,100094.73
1706299200000,99993.77,100095.82
1706299200000,99993.77,100094.73
1706299200000,99993.77,100095.82
1706299200000,99993.77,100093.65
1706299200000,99993.77,100094.73
1706299200000,99993.77,100093.65
1706299200000,99993.77,100094.73
1706299200000,99993.77,100089.3
1706299200000,99993.77,100088.22
1706299200000,99993.77,100089.3
1706299200000,99993.77,100088.22
1706299200000,99993.77,100089.31
1706299200000,99993.77,100088.22
1706299200000,99993.77,100089.31
1706299200000,99993.77,100088.22
1706299200000,99993.77,100090.4
1706299200000,99993.77,100091.48
1706299200000,99993.77,100090.39
1706299200000,99993.77,100091.48
1706299200000,99993.77,100089.31
1706299200000,99993.77,100090.39
1706299200000,99993.77,100089.31
1706299200000,99993.77,100090.39
1706299200000,99993.77,100084.96
1706299200000,99993.77,100083.88
1706299200000,99993.77,100084.97
1706299200000,99993.77,100083.88
1706299200000,99993.77,100084.97
1706299200000,99993.77,100083.88
1706299200000,99993.77,100084.97
1706299200000,99993.77,100083.88
1706299200000,99993.77,100086.05
1706299200000,99993.77,100084.97
1706299200000,99993.77,100086.05
1706299200000,99993.77,100083.88
1706299200000,99993.77,100084.97
1706299200000,99993.77,100082.8
1706299200000,99993.77,100083.88
1706299200000,99993.77,100082.8
1706299200000,99993.77,100083.88
1706299200000,99993.77,100081.71
1706299200000,99993.77,100082.8
1706299200000,99993.77,100077.37
1706299200000,99993.77,100069.77
1706299200000,99993.77,100073.02
1706299200000,99993.77,100076.28
1706299200000,99993.77,100079.54
1706299200000,99993.77,100082.79
1706299200000,99993.77,100081.7
1706299200000,99993.77,100080.62
1706299200000,99993.77,100079.53
1706299200000,99993.77,100078.45
1706299200000,99993.77,100080.62
1706299200000,99993.77,100082.79
1706299200000,99993.77,100084.96
1706299200000,99993.77,100088.22
1706299200000,99993.77,100087.13
1706299200000,99993.77,100086.04
1706299200000,99993.77,100084.96
1706299200000,99993.77,100082.79
1706299200000,99993.77,100081.7
1706299200000,99993.77,100082.79
1706299200000,99993.77,100081.7
1706299200000,99993.77,100083.87
1706299200000,99993.77,100082.79
1706299200000,99993.77,100081.7
1706299200000,99993.77,100080.61
1706299200000,99993.77,100078.44
1706299200000,99993.77,100077.36
1706299200000,99993.77,100078.44
1706299200000,99993.77,100077.35
1706299200000,99993.77,100079.52
1706299200000,99993.77,100078.44
1706299200000,99993.77,100077.35
1706299200000,99993.77,100076.27
1706299200000,99993.77,100074.1
1706299200000,99993.77,100073.01
1706299200000,99993.77,100074.1
1706299200000,99993.77,100073.01
1706299200000,99993.77,100075.18
1706299200000,99993.77,100074.1
1706299200000,99993.77,100073.01
1706299200000,99993.77,100071.93
1706299200000,99993.77,100070.84
1706299200000,99993.77,100069.76
1706299200000,99993.77,100068.67
1706299200000,99993.77,100067.59
1706299200000,99993.77,100077.36
1706299200000,99993.77,100069.76
1706299200000,99993.77,100061.07
1706299200000,99993.77,100063.25
1706299200000,99993.77,100066.51
1706299200000,99993.77,100061.08
1706299200000,99993.77,100055.65
1706299200000,99993.77,100057.82
1706299200000,99993.77,100061.08
1706299200000,99993.77,100062.16
1706299200000,99993.77,100059.99
1706299200000,99993.77,100062.16
1706299200000,99993.77,100065.42
1706299200000,99993.77,100066.5
1706299200000,99993.77,100064.33
1706299200000,99993.77,100069.75
1706299200000,99993.77,100068.67
1706299200000,99993.77,100073.01
1706299200000,99993.77,100077.35
1706299200000,99993.77,100078.44
1706299200000,99993.77,100080.6
1706299200000,99993.77,100081.69
1706299200000,99993.77,100083.86
1706299200000,99993.77,100086.03
1706299200000,99993.77,100084.94
1706299200000,99993.77,100086.03
1706299200000,99993.77,100084.94
1706299200000,99993.77,100086.03
1706299200000,99993.77,100084.94
1706299200000,99993.77,100086.03
1706299200000,99993.77,100088.2
1706299200000,99993.77,100089.28
1706299200000,99993.77,100091.45
1706299200000,99993.77,100093.62
1706299200000,99993.77,100092.54
1706299200000,99993.77,100093.62
1706299200000,99993.77,100092.54
1706299200000,99993.77,100093.62
1706299200000,99993.77,100092.54
1706299200000,99993.77,100093.62
1706299200000,99993.77,100095.79
1706299200000,99993.77,100096.88
1706299200000,99993.77,100099.05
1706299200000,99993.77,100101.21
1706299200000,99993.77,100100.13
1706299200000,99993.77,100101.21
1706299200000,99993.77,100100.13
1706299200000,99993.77,100101.21
1706299200000,99993.77,100100.13
1706299200000,99993.77,100102.3
1706299200000,99993.77,100104.47
1706299200000,99993.77,100106.64
1706299200000,99993.77,100108.81
1706299200000,99993.77,100112.06
1706299200000,99993.77,100110.97
1706299200000,99993.77,100112.06
1706299200000,99993.77,100110.97
1706299200000,99993.77,100112.06
1706299200000,99993.77,100109.89
1706299200000,99993.77,100110.98
1706299200000,99993.77,100109.89
1706299200000,99993.77,100110.98
1706299200000,99993.77,100109.89
1706299200000,99993.77,100110.98
1706299200000,99993.77,100112.06
1706299200000,99993.77,100110.98
1706299200000,99993.77,100112.06
1706299200000,99993.77,100110.97
1706299200000,99993.77,100112.06
1706299200000,99993.77,100110.98
1706299200000,99993.77,100112.06
1706299200000,99993.77,100110.97
1706299200000,99993.77,100112.06
1706299200000,99993.77,100109.89
1706299200000,99993.77,100109.9
1706299200000,99993.77,100108.81
1706299200000,99993.77,100110.98
1706299200000,99993.77,100109.89
1706299200000,99993.77,100108.81
1706299200000,99993.77,100110.98
1706299200000,99993.77,100107.72
1706299200000,99993.77,100104.47
1706299200000,99993.77,100103.39
1706299200000,99993.77,100105.56
1706299200000,99993.77,100102.3
1706299200000,99993.77,100099.04
1706299200000,99993.77,100097.96
1706299200000,99993.77,100100.13
1706299200000,99993.77,100096.88
1706299200000,99993.77,100092.54
1706299200000,99993.77,100099.05
1706299200000,99993.77,100105.56
1706299200000,99993.77,100101.22
1706299200000,99993.77,100105.56
1706299200000,99993.77,100109.9
1706299200000,99993.77,100099.05
1706299200000,99993.77,100106.65
1706299200000,99993.77,100115.33
1706299200000,99993.77,100113.16
1706299200000,99993.77,100109.9
1706299200000,99993.77,100115.33
1706299200000,99993.77,100120.76
1706299200000,99993.77,100116.42
1706299200000,99993.77,100112.07
1706299200000,99993.77,100110.99
1706299200000,99993.77,100113.16
1706299200000,99993.77,100108.82
1706299200000,99993.77,100104.47
1706299200000,99993.77,100103.39
1706299200000,99993.77,100105.56
1706299200000,99993.77,100101.22
1706299200000,99993.77,100096.87
1706299200000,99993.77,100097.96
1706299200000,99993.77,100099.05
1706299200000,99993.77,100096.87
1706299200000,99993.77,100097.96
1706299200000,99993.77,100096.88
1706299200000,99993.77,100099.05
1706299200000,99993.77,100099.04
1706299200000,99993.77,100102.3
1706299200000,99993.77,100106.64
1706299200000,99993.77,100105.55
1706299200000,99993.77,100104.47
1706299200000,99993.77,100106.64
1706299200000,99993.77,100109.9
1706299200000,99993.77,100107.73
1706299200000,99993.77,100104.47
1706299200000,99993.77,100103.39
1706299200000,99993.77,100105.56
1706299200000,99993.77,100103.39
1706299200000,99993.77,100100.13
1706299200000,99993.77,100099.05
1706299200000,99993.77,100101.22
1706299200000,99993.77,100095.8
1706299200000,99993.77,100096.88
1706299200000,99993.77,100092.54
1706299200000,99993.77,100088.19
1706299200000,99993.77,100088.2
1706299200000,99993.77,100086.03
1706299200000,99993.77,100082.77
1706299200000,99993.77,100083.86
1706299200000,99993.77,100084.94
1706299200000,99993.77,100083.86
1706299200000,99993.77,100081.69
1706299200000,99993.77,100090.37
1706299200000,99993.77,100099.06
1706299200000,99993.77,100100.14
1706299200000,99993.77,100097.97
1706299200000,99993.77,100103.39
1706299200000,99993.77,100108.82
1706299200000,99993.77,100115.33
1706299200000,99993.77,100114.24
1706299200000,99993.77,100115.32
1706299200000,99993.77,100114.23
1706299200000,99993.77,100119.66
1706299200000,99993.77,100125.09
1706299200000,99993.77,100131.6
1706299200000,99993.77,100129.42
1706299200000,99993.77,100126.16
1706299200000,99993.77,100122.91
1706299200000,99993.77,100124.0
1706299200000,99993.77,100125.08
1706299200000,99993.77,100126.17
1706299200000,99993.77,100125.08
1706299200000,99993.77,100124.0
1706299200000,99993.77,100122.91
1706299200000,99993.77,100120.74
1706299200000,99993.77,100120.73
1706299200000,99993.77,100122.9
1706299200000,99993.77,100125.07
1706299200000,99993.77,100128.33
1706299200000,99993.77,100127.24
1706299200000,99993.77,100128.33
1706299200000,99993.77,100126.16
1706299200000,99993.77,100127.25
1706299200000,99993.77,100129.42
1706299200000,99993.77,100131.59
1706299200000,99993.77,100129.41
1706299200000,99993.77,100127.24
1706299200000,99993.77,100124.0
1706299200000,99993.77,100125.08
1706299200000,99993.77,100124.0
1706299200000,99993.77,100125.08
1706299200000,99993.77,100122.91
1706299200000,99993.77,100120.74
1706299200000,99993.77,100117.49
1706299200000,99993.77,100118.57
1706299200000,99993.77,100117.49
1706299200000,99993.77,100118.57
1706299200000,99993.77,100116.4
1706299200000,99993.77,100113.15
1706299200000,99993.77,100109.9
1706299200000,99993.77,100112.07
1706299200000,99993.77,100114.23
1706299200000,99993.77,100117.49
1706299200000,99993.77,100116.41
1706299200000,99993.77,100117.49
1706299200000,99993.77,100115.32
1706299200000,99993.77,100116.41
1706299200000,99993.77,100115.32
1706299200000,99993.77,100117.49
1706299200000,99993.77,100116.41
1706299200000,99993.77,100118.58
1706299200000,99993.77,100117.49
1706299200000,99993.77,100120.75
1706299200000,99993.77,100120.74
1706299200000,99993.77,100119.66
1706299200000,99993.77,100117.48
1706299200000,99993.77,100116.4
1706299200000,99993.77,100118.57
1706299200000,99993.77,100117.48
1706299200000,99993.77,100116.39
1706299200000,99993.77,100120.73
1706299200000,99993.77,100125.08
1706299200000,99993.77,100126.16
1706299200000,99993.77,100123.98
1706299200000,99993.77,100128.33
1706299200000,99993.77,100132.67
1706299200000,99993.77,100133.75
1706299200000,99993.77,100131.58
1706299200000,99993.77,100137.0
1706299200000,99993.77,100142.42
1706299200000,99993.77,100138.09
1706299200000,99993.77,100133.75
1706299200000,99993.77,100137.0
1706299200000,99993.77,100134.83
1706299200000,99993.77,100131.57
1706299200000,99993.77,100120.73
1706299200000,99993.77,100126.16
1706299200000,99993.77,100131.58
1706299200000,99993.77,100137.01
1706299200000,99993.77,100135.93
1706299200000,99993.77,100133.76
1706299200000,99993.77,100131.59
1706299200000,99993.77,100134.84
1706299200000,99993.77,100138.1
1706299200000,99993.77,100142.44
1706299200000,99993.77,100139.18
1706299200000,99993.77,100135.93
1706299200000,99993.77,100131.58
1706299200000,99993.77,100132.67
1706299200000,99993.77,100131.58
1706299200000,99993.77,100132.67
1706299200000,99993.77,100129.41
1706299200000,99993.77,100126.16
1706299200000,99993.77,100121.82
1706299200000,99993.77,100122.9
1706299200000,99993.77,100121.81
1706299200000,99993.77,100122.9
1706299200000,99993.77,100119.64
1706299200000,99993.77,100115.3
1706299200000,99993.77,100110.96
1706299200000,99993.77,100113.13
1706299200000,99993.77,100115.3
1706299200000,99993.77,100117.47
1706299200000,99993.77,100116.38
1706299200000,99993.77,100117.47
1706299200000,99993.77,100115.3
1706299200000,99993.77,100116.38
1706299200000,99993.77,100115.3
1706299200000,99993.77,100116.38
1706299200000,99993.77,100115.3
1706299200000,99993.77,100117.47
1706299200000,99993.77,100116.38
1706299200000,99993.77,100117.47
1706299200000,99993.77,100116.38
1706299200000,99993.77,100117.47
1706299200000,99993.77,100116.38
1706299200000,99993.77,100118.55
1706299200000,99993.77,100117.47
1706299200000,99993.77,100120.72
1706299200000,99993.77,100131.58
1706299200000,99993.77,100129.41
1706299200000,99993.77,100126.15
1706299200000,99993.77,100127.23
1706299200000,99993.77,100121.8
1706299200000,99993.77,100122.89
1706299200000,99993.77,100117.47
1706299200000,99993.77,100118.56
1706299200000,99993.77,100109.87
1706299200000,99993.77,100117.47
1706299200000,99993.77,100115.3
1706299200000,99993.77,100117.47
1706299200000,99993.77,100120.73
1706299200000,99993.77,100122.9
1706299200000,99993.77,100126.15
1706299200000,99993.77,100128.31
1706299200000,99993.77,100131.57
1706299200000,99993.77,100132.65
1706299200000,99993.77,100131.56
1706299200000,99993.77,100132.65
1706299200000,99993.77,100130.48
1706299200000,99993.77,100132.64
1706299200000,99993.77,100135.9
1706299200000,99993.77,100138.06
1706299200000,99993.77,100141.31
1706299200000,99993.77,100142.4
1706299200000,99993.77,100141.31
1706299200000,99993.77,100142.4
1706299200000,99993.77,100140.23
1706299200000,99993.77,100142.39
1706299200000,99993.77,100145.64
1706299200000,99993.77,100147.81
1706299200000,99993.77,100151.06
1706299200000,99993.77,100152.15
1706299200000,99993.77,100151.06
1706299200000,99993.77,100152.15
1706299200000,99993.77,100149.97
1706299200000,99993.77,100153.22
1706299200000,99993.77,100156.47
1706299200000,99993.77,100159.72
1706299200000,99993.77,100164.06
1706299200000,99993.77,100160.81
1706299200000,99993.77,100156.47
1706299200000,99993.77,100152.14
1706299200000,99993.77,100147.8
1706299200000,99993.77,100148.88
1706299200000,99993.77,100149.97
1706299200000,99993.77,100151.05
1706299200000,99993.77,100153.22
1706299200000,99993.77,100152.14
1706299200000,99993.77,100149.97
1706299200000,99993.77,100147.8
1706299200000,99993.77,100146.72
1706299200000,99993.77,100144.55
1706299200000,99993.77,100142.38
1706299200000,99993.77,100149.97
1706299200000,99993.77,100158.65
1706299200000,99993.77,100156.48
1706299200000,99993.77,100153.23
1706299200000,99993.77,100158.65
1706299200000,99993.77,100164.08
1706299200000,99993.77,100159.73
1706299200000,99993.77,100154.31
1706299200000,99993.77,100153.23
1706299200000,99993.77,100155.4
1706299200000,99993.77,100145.63
1706299200000,99993.77,100146.71
1706299200000,99993.77,100135.87
1706299200000,99993.77,100140.2
1706299200000,99993.77,100139.12
1706299200000,99993.77,100140.21
1706299200000,99993.77,100142.37
1706299200000,99993.77,100144.53
1706299200000,99993.77,100147.79
1706299200000,99993.77,100148.88
1706299200000,99993.77,100146.7
1706299200000,99993.77,100152.13
1706299200000,99993.77,100151.05
1706299200000,99993.77,100156.46
1706299200000,99993.77,100155.38
1706299200000,99993.77,100164.05
1706299200000,99993.77,100155.37
1706299200000,99993.77,100158.63
1706299200000,99993.77,100156.46
1706299200000,99993.77,100153.2
1706299200000,99993.77,100153.21
1706299200000,99993.77,100149.95
1706299200000,99993.77,100145.62
1706299200000,99993.77,100141.28
1706299200000,99993.77,100136.95
1706299200000,99993.77,100138.03
1706299200000,99993.77,100139.12
1706299200000,99993.77,100140.2
1706299200000,99993.77,100142.37
1706299200000,99993.77,100140.2
1706299200000,99993.77,100136.95
1706299200000,99993.77,100134.78
1706299200000,99993.77,100131.53
1706299200000,99993.77,100133.7
1706299200000,99993.77,100135.87
1706299200000,99993.77,100138.03
1706299200000,99993.77,100140.2
1706299200000,99993.77,100141.29
1706299200000,99993.77,100140.2
1706299200000,99993.77,100141.29
1706299200000,99993.77,100139.13
1706299200000,99993.77,100141.3
1706299200000,99993.77,100143.46
1706299200000,99993.77,100145.63
1706299200000,99993.77,100147.8
1706299200000,99993.77,100148.89
1706299200000,99993.77,100147.8
1706299200000,99993.77,100148.89
1706299200000,99993.77,100146.72
1706299200000,99993.77,100148.89
1706299200000,99993.77,100151.06
1706299200000,99993.77,100153.23
1706299200000,99993.77,100155.4
1706299200000,99993.77,100156.48
1706299200000,99993.77,100155.4
1706299200000,99993.77,100156.48
1706299200000,99993.77,100154.31
1706299200000,99993.77,100155.4
1706299200000,99993.77,100156.48
1706299200000,99993.77,100157.57
1706299200000,99993.77,100158.65
1706299200000,99993.77,100159.73
1706299200000,99993.77,100160.82
1706299200000,99993.77,100161.91
1706299200000,99993.77,100162.99
1706299200000,99993.77,100164.08
1706299200000,99993.77,100164.07
1706299200000,99993.77,100165.14
1706299200000,99993.77,100166.23
1706299200000,99993.77,100165.15
1706299200000,99993.77,100167.31
1706299200000,99993.77,100166.23
1706299200000,99993.77,100168.4
1706299200000,99993.77,100167.31
1706299200000,99993.77,100169.48
1706299200000,99993.77,100168.39
1706299200000,99993.77,100170.55
1706299200000,99993.77,100169.47
1706299200000,99993.77,100171.64
1706299200000,99993.77,100174.89
1706299200000,99993.77,100174.9
1706299200000,99993.77,100171.65
1706299200000,99993.77,100172.73
1706299200000,99993.77,100169.48
1706299200000,99993.77,100170.56
1706299200000,99993.77,100167.31
1706299200000,99993.77,100168.39
1706299200000,99993.77,100164.06
1706299200000,99993.77,100164.05
1706299200000,99993.77,100166.22
1706299200000,99993.77,100169.48
1706299200000,99993.77,100170.56
1706299200000,99993.77,100168.39
1706299200000,99993.77,100170.55
1706299200000,99993.77,100173.8
1706299200000,99993.77,100174.89
1706299200000,99993.77,100172.72
1706299200000,99993.77,100174.88
1706299200000,99993.77,100178.14
1706299200000,99993.77,100179.22
1706299200000,99993.77,100177.04
1706299200000,99993.77,100181.38
1706299200000,99993.77,100185.72
1706299200000,99993.77,100169.45
1706299200000,99993.77,100174.87
1706299200000,99993.77,100169.45
1706299200000,99993.77,100164.03
1706299200000,99993.77,100161.86
1706299200000,99993.77,100159.7
1706299200000,99993.77,100158.62
1706299200000,99993.77,100160.79
1706299200000,99993.77,100158.61
1706299200000,99993.77,100156.45
1706299200000,99993.77,100155.37
1706299200000,99993.77,100157.54
1706299200000,99993.77,100155.37
1706299200000,99993.77,100153.2
1706299200000,99993.77,100152.12
1706299200000,99993.77,100154.29
1706299200000,99993.77,100152.12
1706299200000,99993.77,100149.95
1706299200000,99993.77,100148.88
1706299200000,99993.77,100151.04
1706299200000,99993.77,100148.86
1706299200000,99993.77,100146.69
1706299200000,99993.77,100147.78
1706299200000,99993.77,100145.61
1706299200000,99993.77,100142.36
1706299200000,99993.77,100142.35
1706299200000,99993.77,100138.01
1706299200000,99993.77,100133.67
1706299200000,99993.77,100136.93
1706299200000,99993.77,100131.5
1706299200000,99993.77,100136.93
1706299200000,99993.77,100135.85
1706299200000,99993.77,100141.27
1706299200000,99993.77,100140.19
1706299200000,99993.77,100145.61
1706299200000,99993.77,100144.52
1706299200000,99993.77,100148.86
1706299200000,99993.77,100153.21
1706299200000,99993.77,100153.2
1706299200000,99993.77,100151.04
1706299200000,99993.77,100147.78
1706299200000,99993.77,100146.7
1706299200000,99993.77,100148.86
1706299200000,99993.77,100143.44
1706299200000,99993.77,100144.53
1706299200000,99993.77,100139.11
1706299200000,99993.77,100140.19
1706299200000,99993.77,100133.69
1706299200000,99993.77,100140.19
1706299200000,99993.77,100138.02
1706299200000,99993.77,100140.19
1706299200000,99993.77,100142.36
1706299200000,99993.77,100141.27
1706299200000,99993.77,100153.2
1706299200000,99993.77,100145.62
1706299200000,99993.77,100146.7
1706299200000,99993.77,100139.11
1706299200000,99993.77,100140.2
1706299200000,99993.77,100131.52
1706299200000,99993.77,100133.68
1706299200000,99993.77,100135.85
1706299200000,99993.77,100136.93
1706299200000,99993.77,100134.76
1706299200000,99993.77,100136.94
1706299200000,99993.77,100139.11
1706299200000,99993.77,100140.19
1706299200000,99993.77,100138.02
1706299200000,99993.77,100140.18
1706299200000,99993.77,100142.36
1706299200000,99993.77,100143.44
1706299200000,99993.77,100141.27
1706299200000,99993.77,100143.44
1706299200000,99993.77,100145.6
1706299200000,99993.77,100146.69
1706299200000,99993.77,100144.52
1706299200000,99993.77,100146.69
1706299200000,99993.77,100148.86
1706299200000,99993.77,100147.77
1706299200000,99993.77,100148.86
1706299200000,99993.77,100147.77
1706299200000,99993.77,100148.85
1706299200000,99993.77,100149.94
1706299200000,99993.77,100151.02
1706299200000,99993.77,100153.19
1706299200000,99993.77,100153.18
1706299200000,99993.77,100151.01
1706299200000,99993.77,100147.76
1706299200000,99993.77,100146.67
1706299200000,99993.77,100148.84
1706299200000,99993.77,100146.67
1706299200000,99993.77,100143.42
1706299200000,99993.77,100142.33
1706299200000,99993.77,100144.5
1706299200000,99993.77,100142.33
1706299200000,99993.77,100139.08
1706299200000,99993.77,100137.99
1706299200000,99993.77,100140.16
1706299200000,99993.77,100133.65
1706299200000,99993.77,100140.16
1706299200000,99993.77,100137.99
1706299200000,99993.77,100140.16
1706299200000,99993.77,100142.33
1706299200000,99993.77,100143.42
1706299200000,99993.77,100145.59
1706299200000,99993.77,100147.75
1706299200000,99993.77,100149.91
1706299200000,99993.77,100150.99
1706299200000,99993.77,100149.91
1706299200000,99993.77,100151.0
1706299200000,99993.77,100147.74
1706299200000,99993.77,100148.83
1706299200000,99993.77,100149.9
1706299200000,99993.77,100150.99
1706299200000,99993.77,100153.16
1706299200000,99993.77,100152.08
1706299200000,99993.77,100151.0
1706299200000,99993.77,100149.92
1706299200000,99993.77,100147.74
1706299200000,99993.77,100146.66
1706299200000,99993.77,100147.75
1706299200000,99993.77,100146.67
1706299200000,99993.77,100148.84
1706299200000,99993.77,100147.75
1706299200000,99993.77,100146.67
1706299200000,99993.77,100145.59
1706299200000,99993.77,100143.42
1706299200000,99993.77,100142.33
1706299200000,99993.77,100143.42
1706299200000,99993.77,100142.34
1706299200000,99993.77,100144.51
1706299200000,99993.77,100143.42
1706299200000,99993.77,100142.34
1706299200000,99993.77,100141.25
1706299200000,99993.77,100139.09
1706299200000,99993.77,100138.0
1706299200000,99993.77,100139.08
1706299200000,99993.77,100138.0
1706299200000,99993.77,100140.17
1706299200000,99993.77,100139.08
1706299200000,99993.77,100136.92
1706299200000,99993.77,100135.83
1706299200000,99993.77,100133.66
1706299200000,99993.77,100131.49
1706299200000,99993.77,100135.83
1706299200000,99993.77,100140.17
1706299200000,99993.77,100139.08
1706299200000,99993.77,100136.91
1706299200000,99993.77,100140.16
1706299200000,99993.77,100143.42
1706299200000,99993.77,100141.25
1706299200000,99993.77,100139.08
1706299200000,99993.77,100136.91
1706299200000,99993.77,100137.99
1706299200000,99993.77,100136.9
1706299200000,99993.77,100137.99
1706299200000,99993.77,100135.82
1706299200000,99993.77,100133.65
1706299200000,99993.77,100131.48
1706299200000,99993.77,100132.56
1706299200000,99993.77,100131.48
1706299200000,99993.77,100132.57
1706299200000,99993.77,100130.39
1706299200000,99993.77,100128.23
1706299200000,99993.77,100126.05
1706299200000,99993.77,100127.14
1706299200000,99993.77,100126.06
1706299200000,99993.77,100127.14
1706299200000,99993.77,100126.05
1706299200000,99993.77,100123.89
1706299200000,99993.77,100122.8
1706299200000,99993.77,100120.63
1706299200000,99993.77,100131.48
1706299200000,99993.77,100128.23
1706299200000,99993.77,100124.97
1706299200000,99993.77,100126.06
1706299200000,99993.77,100127.15
1706299200000,99993.77,100124.98
1706299200000,99993.77,100122.81
1706299200000,99993.77,100126.06
1706299200000,99993.77,100130.4
1706299200000,99993.77,100131.48
1706299200000,99993.77,100129.31
1706299200000,99993.77,100132.56
1706299200000,99993.77,100136.9
1706299200000,99993.77,100137.98
1706299200000,99993.77,100135.81
1706299200000,99993.77,100139.06
1706299200000,99993.77,100143.4
1706299200000,99993.77,100144.48
1706299200000,99993.77,100142.31
1706299200000,99993.77,100145.57
1706299200000,99993.77,100148.82
1706299200000,99993.77,100153.16
1706299200000,99993.77,100148.83
1706299200000,99993.77,100144.49
1706299200000,99993.77,100143.4
1706299200000,99993.77,100145.57
1706299200000,99993.77,100141.24
1706299200000,99993.77,100136.9
1706299200000,99993.77,100135.82
1706299200000,99993.77,100137.99
1706299200000,99993.77,100133.65
1706299200000,99993.77,100129.31
1706299200000,99993.77,100128.23
1706299200000,99993.77,100130.4
1706299200000,99993.77,100126.06
1706299200000,99993.77,100120.65
1706299200000,99993.77,100123.9
1706299200000,99993.77,100128.24
1706299200000,99993.77,100127.15
1706299200000,99993.77,100126.07
1706299200000,99993.77,100127.16
1706299200000,99993.77,100129.33
1706299200000,99993.77,100131.49
1706299200000,99993.77,100130.41
1706299200000,99993.77,100131.49
1706299200000,99993.77,100129.33
1706299200000,99993.77,100130.41
1706299200000,99993.77,100126.08
1706299200000,99993.77,100124.99
1706299200000,99993.77,100126.07
1706299200000,99993.77,100124.99
1706299200000,99993.77,100126.08
1706299200000,99993.77,100124.99
1706299200000,99993.77,100127.16
1706299200000,99993.77,100128.25
1706299200000,99993.77,100127.16
1706299200000,99993.77,100128.25
1706299200000,99993.77,100126.08
1706299200000,99993.77,100127.17
1706299200000,99993.77,100121.74
1706299200000,99993.77,100120.66
1706299200000,99993.77,100121.74
1706299200000,99993.77,100120.66
1706299200000,99993.77,100121.74
1706299200000,99993.77,100120.66
1706299200000,99993.77,100122.83
1706299200000,99993.77,100123.92
1706299200000,99993.77,100122.83
1706299200000,99993.77,100123.92
1706299200000,99993.77,100121.75
1706299200000,99993.77,100122.83
1706299200000,99993.77,100117.41
1706299200000,99993.77,100116.32
1706299200000,99993.77,100117.41
1706299200000,99993.77,100116.32
1706299200000,99993.77,100117.41
1706299200000,99993.77,100116.33
1706299200000,99993.77,100118.5
1706299200000,99993.77,100117.41
1706299200000,99993.77,100116.33
1706299200000,99993.77,100115.24
1706299200000,99993.77,100114.16
1706299200000,99993.77,100113.07
1706299200000,99993.77,100111.99
1706299200000,99993.77,100113.07
1706299200000,99993.77,100114.16
1706299200000,99993.77,100115.24
1706299200000,99993.77,100116.33
1706299200000,99993.77,100117.41
1706299200000,99993.77,100119.58
1706299200000,99993.77,100120.66
1706299200000,99993.77,100119.58
1706299200000,99993.77,100120.66
1706299200000,99993.77,100119.58
1706299200000,99993.77,100120.66
1706299200000,99993.77,100117.41
1706299200000,99993.77,100116.33
1706299200000,99993.77,100117.41
1706299200000,99993.77,100116.32
1706299200000,99993.77,100118.5
1706299200000,99993.77,100117.41
1706299200000,99993.77,100118.49
1706299200000,99993.77,100117.41
1706299200000,99993.77,100119.58
1706299200000,99993.77,100118.5
1706299200000,99993.77,100122.83
1706299200000,99993.77,100121.75
1706299200000,99993.77,100122.83
1706299200000,99993.77,100125.0
1706299200000,99993.77,100126.09
1706299200000,99993.77,100128.26
1706299200000,99993.77,100129.33
1706299200000,99993.77,100128.25
1706299200000,99993.77,100129.33
1706299200000,99993.77,100126.08
1706299200000,99993.77,100127.16
1706299200000,99993.77,100128.25
1706299200000,99993.77,100129.34
1706299200000,99993.77,100131.51
1706299200000,99993.77,100130.42
1706299200000,99993.77,100128.25
1706299200000,99993.77,100127.16
1706299200000,99993.77,100124.99
1706299200000,99993.77,100123.91
1706299200000,99993.77,100125.0
1706299200000,99993.77,100123.91
1706299200000,99993.77,100126.08
1706299200000,99993.77,100125.0
1706299200000,99993.77,100122.83
1706299200000,99993.77,100121.74
1706299200000,99993.77,100119.57
1706299200000,99993.77,100118.49
1706299200000,99993.77,100119.57
1706299200000,99993.77,100118.49
1706299200000,99993.77,100120.66
1706299200000,99993.77,100119.58
1706299200000,99993.77,100117.41
1706299200000,99993.77,100115.24
1706299200000,99993.77,100113.07
1706299200000,99993.77,100114.15
1706299200000,99993.77,100115.24
1706299200000,99993.77,100116.32
1706299200000,99993.77,100118.49
1706299200000,99993.77,100119.58
1706299200000,99993.77,100118.49
1706299200000,99993.77,100119.58
1706299200000,99993.77,100116.33
1706299200000,99993.77,100115.24
1706299200000,99993.77,100116.32
1706299200000,99993.77,100115.24
1706299200000,99993.77,100116.32
1706299200000,99993.77,100115.24
1706299200000,99993.77,100116.32
1706299200000,99993.77,100115.24
1706299200000,99993.77,100117.41
1706299200000,99993.77,100116.32
1706299200000,99993.77,100117.41
1706299200000,99993.77,100116.33
1706299200000,99993.77,100117.41
1706299200000,99993.77,100116.33
1706299200000,99993.77,100120.66
1706302800000,99993.77,100120.67
1706302800000,99993.77,100116.32
1706302800000,99993.77,100110.9
1706302800000,99993.77,100105.48
1706302800000,99993.77,100106.57
1706302800000,99993.77,100108.73
1706302800000,99993.77,100110.9
1706302800000,99993.77,100107.65
1706302800000,99993.77,100104.4
1706302800000,99993.77,100101.14
1706302800000,99993.77,100102.23
1706302800000,99993.77,100104.4
1706302800000,99993.77,100106.57
1706302800000,99993.77,100105.48
1706302800000,99993.77,100106.57
1706302800000,99993.77,100105.48
1706302800000,99993.77,100106.57
1706302800000,99993.77,100108.74
1706302800000,99993.77,100110.91
1706302800000,99993.77,100109.82
1706302800000,99993.77,100110.91
1706302800000,99993.77,100109.82
1706302800000,99993.77,100110.91
1706302800000,99993.77,100113.08
1706302800000,99993.77,100115.25
1706302800000,99993.77,100114.17
1706302800000,99993.77,100115.25
1706302800000,99993.77,100114.17
1706302800000,99993.77,100115.25
1706302800000,99993.77,100114.16
1706302800000,99993.77,100115.25
1706302800000,99993.77,100114.16
1706302800000,99993.77,100116.33
1706302800000,99993.77,100115.25
1706302800000,99993.77,100116.33
1706302800000,99993.77,100115.25
1706302800000,99993.77,100117.42
1706302800000,99993.77,100116.33
1706302800000,99993.77,100117.42
1706302800000,99993.77,100116.33
1706302800000,99993.77,100120.67
1706302800000,99993.77,100116.33
1706302800000,99993.77,100111.99
1706302800000,99993.77,100106.57
1706302800000,99993.77,100107.66
1706302800000,99993.77,100108.74
1706302800000,99993.77,100110.91
1706302800000,99993.77,100108.74
1706302800000,99993.77,100105.49
1706302800000,99993.77,100102.24
1706302800000,99993.77,100103.32
1706302800000,99993.77,100105.49
1706302800000,99993.77,100107.66
1706302800000,99993.77,100106.57
1706302800000,99993.77,100107.66
1706302800000,99993.77,100106.58
1706302800000,99993.77,100107.66
1706302800000,99993.77,100109.83
1706302800000,99993.77,100112.0
1706302800000,99993.77,100110.92
1706302800000,99993.77,100112.0
1706302800000,99993.77,100110.91
1706302800000,99993.77,100112.0
1706302800000,99993.77,100114.17
1706302800000,99993.77,100116.34
1706302800000,99993.77,100115.25
1706302800000,99993.77,100116.33
1706302800000,99993.77,100115.25
1706302800000,99993.77,100116.33
1706302800000,99993.77,100115.25
1706302800000,99993.77,100117.42
1706302800000,99993.77,100116.33
1706302800000,99993.77,100118.5
1706302800000,99993.77,100117.42
1706302800000,99993.77,100120.67
1706302800000,99993.77,100120.66
1706302800000,99993.77,100119.58
1706302800000,99993.77,100118.5
1706302800000,99993.77,100117.41
1706302800000,99993.77,100116.33
1706302800000,99993.77,100115.24
1706302800000,99993.77,100113.07
1706302800000,99993.77,100111.99
1706302800000,99993.77,100113.07
1706302800000,99993.77,100111.99
1706302800000,99993.77,100113.07
1706302800000,99993.77,100111.99
1706302800000,99993.77,100114.16
1706302800000,99993.77,100113.07
1706302800000,99993.77,100111.99
1706302800000,99993.77,100110.9
1706302800000,99993.77,100109.82
1706302800000,99993.77,100108.73
1706302800000,99993.77,100106.57
1706302800000,99993.77,100105.48
1706302800000,99993.77,100106.57
1706302800000,99993.77,100105.48
1706302800000,99993.77,100106.57
1706302800000,99993.77,100105.48
1706302800000,99993.77,100107.65
1706302800000,99993.77,100106.57
1706302800000,99993.77,100105.48
1706302800000,99993.77,100104.4
1706302800000,99993.77,100103.31
1706302800000,99993.77,100102.23
1706302800000,99993.77,100100.06
1706302800000,99993.77,100098.97
1706302800000,99993.77,100100.06
1706302800000,99993.77,100098.98
1706302800000,99993.77,100100.06
1706302800000,99993.77,100098.98
1706302800000,99993.77,100101.14
1706302800000,99993.77,100100.06
1706302800000,99993.77,100098.97
1706302800000,99993.77,100097.89
1706302800000,99993.77,100096.8
1706302800000,99993.77,100095.72
1706302800000,99993.77,100093.55
1706302800000,99993.77,100094.64
1706302800000,99993.77,100093.55
1706302800000,99993.77,100094.64
1706302800000,99993.77,100093.55
1706302800000,99993.77,100094.64
1706302800000,99993.77,100095.72
1706302800000,99993.77,100094.64
1706302800000,99993.77,100095.72
1706302800000,99993.77,100094.64
1706302800000,99993.77,100095.72
1706302800000,99993.77,100093.55
1706302800000,99993.77,100094.64
1706302800000,99993.77,100093.55
1706302800000,99993.77,100094.64
1706302800000,99993.77,100093.55
1706302800000,99993.77,100094.64
1706302800000,99993.77,100093.55
1706302800000,99993.77,100094.64
1706302800000,99993.77,100093.55
1706302800000,99993.77,100094.64
1706302800000,99993.77,100093.55
1706302800000,99993.77,100094.64
1706302800000,99993.77,100093.55
1706302800000,99993.77,100094.64
1706302800000,99993.77,100093.55
1706302800000,99993.77,100094.64
1706302800000,99993.77,100093.56
1706302800000,99993.77,100092.47
1706302800000,99993.77,100090.3
1706302800000,99993.77,100091.39
1706302800000,99993.77,100090.31
1706302800000,99993.77,100091.39
1706302800000,99993.77,100090.31
1706302800000,99993.77,100092.48
1706302800000,99993.77,100094.65
1706302800000,99993.77,100096.81
1706302800000,99993.77,100095.73
1706302800000,99993.77,100096.82
1706302800000,99993.77,100095.73
1706302800000,99993.77,100097.9
1706302800000,99993.77,100100.07
1706302800000,99993.77,100102.24
1706302800000,99993.77,100101.15
1706302800000,99993.77,100102.24
1706302800000,99993.77,100101.15
1706302800000,99993.77,100103.32
1706302800000,99993.77,100106.57
1706302800000,99993.77,100109.83
1706302800000,99993.77,100108.75
1706302800000,99993.77,100107.66
1706302800000,99993.77,100105.49
1706302800000,99993.77,100106.57
1706302800000,99993.77,100105.49
1706302800000,99993.77,100106.58
1706302800000,99993.77,100105.49
1706302800000,99993.77,100106.58
1706302800000,99993.77,100105.49
1706302800000,99993.77,100106.58
1706302800000,99993.77,100104.41
1706302800000,99993.77,100103.32
1706302800000,99993.77,100105.49
1706302800000,99993.77,100104.41
1706302800000,99993.77,100103.32
1706302800000,99993.77,100105.49
1706302800000,99993.77,100101.15
1706302800000,99993.77,100095.73
1706302800000,99993.77,100094.65
1706302800000,99993.77,100096.82
1706302800000,99993.77,100092.48
1706302800000,99993.77,100087.05
1706302800000,99993.77,100085.97
1706302800000,99993.77,100088.15
1706302800000,99993.77,100077.3
1706302800000,99993.77,100084.89
1706302800000,99993.77,100082.72
1706302800000,99993.77,100084.89
1706302800000,99993.77,100088.15
1706302800000,99993.77,100088.14
1706302800000,99993.77,100085.98
1706302800000,99993.77,100083.81
1706302800000,99993.77,100084.89
1706302800000,99993.77,100083.8
1706302800000,99993.77,100084.89
1706302800000,99993.77,100083.81
1706302800000,99993.77,100084.89
1706302800000,99993.77,100082.72
1706302800000,99993.77,100085.97
1706302800000,99993.77,100089.23
1706302800000,99993.77,100093.57
1706302800000,99993.77,100092.49
1706302800000,99993.77,100093.57
1706302800000,99993.77,100092.48
1706302800000,99993.77,100095.74
1706302800000,99993.77,100099.0
1706302800000,99993.77,100103.34
1706302800000,99993.77,100102.25
1706302800000,99993.77,100103.33
1706302800000,99993.77,100102.25
1706302800000,99993.77,100105.51
1706302800000,99993.77,100109.85
1706302800000,99993.77,100114.18
1706302800000,99993.77,100113.1
1706302800000,99993.77,100112.01
1706302800000,99993.77,100110.93
1706302800000,99993.77,100112.02
1706302800000,99993.77,100110.93
1706302800000,99993.77,100112.02
1706302800000,99993.77,100113.1
1706302800000,99993.77,100112.02
1706302800000,99993.77,100113.1
1706302800000,99993.77,100110.93
1706302800000,99993.77,100109.84
1706302800000,99993.77,100100.08
1706302800000,99993.77,100103.34
1706302800000,99993.77,100097.91
1706302800000,99993.77,100103.34
1706302800000,99993.77,100102.25
1706302800000,99993.77,100107.68
1706302800000,99993.77,100106.59
1706302800000,99993.77,100112.02
1706302800000,99993.77,100110.93
1706302800000,99993.77,100116.35
1706302800000,99993.77,100116.36
1706302800000,99993.77,100117.44
1706302800000,99993.77,100118.53
1706302800000,99993.77,100119.61
1706302800000,99993.77,100118.53
1706302800000,99993.77,100119.61
1706302800000,99993.77,100118.53
1706302800000,99993.77,100119.61
1706302800000,99993.77,100118.52
1706302800000,99993.77,100120.69
1706302800000,99993.77,100119.61
1706302800000,99993.77,100118.53
1706302800000,99993.77,100117.44
1706302800000,99993.77,100118.53
1706302800000,99993.77,100117.44
1706302800000,99993.77,100118.53
1706302800000,99993.77,100117.44
1706302800000,99993.77,100116.36
1706302800000,99993.77,100115.27
1706302800000,99993.77,100116.35
1706302800000,99993.77,100115.27
1706302800000,99993.77,100116.36
1706302800000,99993.77,100115.27
1706302800000,99993.77,100114.19
1706302800000,99993.77,100113.1
1706302800000,99993.77,100114.18
1706302800000,99993.77,100113.1
1706302800000,99993.77,100114.19
1706302800000,99993.77,100113.1
1706302800000,99993.77,100114.18
1706302800000,99993.77,100112.01
1706302800000,99993.77,100113.1
1706302800000,99993.77,100109.84
1706302800000,99993.77,100109.85
1706302800000,99993.77,100105.51
1706302800000,99993.77,100101.17
1706302800000,99993.77,100102.25
1706302800000,99993.77,100104.42
1706302800000,99993.77,100102.25
1706302800000,99993.77,100099.0
1706302800000,99993.77,100102.25
1706302800000,99993.77,100106.59
1706302800000,99993.77,100107.68
1706302800000,99993.77,100105.51
1706302800000,99993.77,100108.76
1706302800000,99993.77,100113.1
1706302800000,99993.77,100114.19
1706302800000,99993.77,100112.02
1706302800000,99993.77,100115.27
1706302800000,99993.77,100119.61
1706302800000,99993.77,100116.36
1706302800000,99993.77,100113.11
1706302800000,99993.77,100114.19
1706302800000,99993.77,100113.1
1706302800000,99993.77,100115.27
1706302800000,99993.77,100114.19
1706302800000,99993.77,100113.1
1706302800000,99993.77,100112.02
1706302800000,99993.77,100110.93
1706302800000,99993.77,100110.94
1706302800000,99993.77,100112.03
1706302800000,99993.77,100114.2
1706302800000,99993.77,100116.36
1706302800000,99993.77,100115.27
1706302800000,99993.77,100116.36
1706302800000,99993.77,100115.27
1706302800000,99993.77,100116.36
1706302800000,99993.77,100118.53
1706302800000,99993.77,100120.7
1706302800000,99993.77,100119.61
1706302800000,99993.77,100120.69
1706302800000,99993.77,100119.61
1706302800000,99993.77,100120.69
1706302800000,99993.77,100122.86
1706302800000,99993.77,100125.04
1706302800000,99993.77,100123.95
1706302800000,99993.77,100125.03
1706302800000,99993.77,100123.94
1706302800000,99993.77,100126.11
1706302800000,99993.77,100128.28
1706302800000,99993.77,100131.54
1706302800000,99993.77,100129.37
1706302800000,99993.77,100126.12
1706302800000,99993.77,100122.86
1706302800000,99993.77,100123.95
1706302800000,99993.77,100125.03
1706302800000,99993.77,100126.11
1706302800000,99993.77,100125.03
1706302800000,99993.77,100123.95
1706302800000,99993.77,100122.86
1706302800000,99993.77,100120.69
1706302800000,99993.77,100121.78
1706302800000,99993.77,100123.95
1706302800000,99993.77,100126.12
1706302800000,99993.77,100128.29
1706302800000,99993.77,100127.2
1706302800000,99993.77,100128.29
1706302800000,99993.77,100126.12
1706302800000,99993.77,100127.2
1706302800000,99993.77,100129.37
1706302800000,99993.77,100131.54
1706302800000,99993.77,100130.46
1706302800000,99993.77,100129.37
1706302800000,99993.77,100128.29
1706302800000,99993.77,100129.37
1706302800000,99993.77,100128.29
1706302800000,99993.77,100129.37
1706302800000,99993.77,100128.29
1706302800000,99993.77,100127.2
1706302800000,99993.77,100126.12
1706302800000,99993.77,100127.2
1706302800000,99993.77,100126.12
1706302800000,99993.77,100127.2
1706302800000,99993.77,100126.12
1706302800000,99993.77,100125.03
1706302800000,99993.77,100123.95
1706302800000,99993.77,100125.03
1706302800000,99993.77,100123.95
1706302800000,99993.77,100125.03
1706302800000,99993.77,100123.95
1706302800000,99993.77,100125.03
1706302800000,99993.77,100123.95
1706302800000,99993.77,100125.03
1706302800000,99993.77,100122.86
1706302800000,99993.77,100123.95
1706302800000,99993.77,100122.86
1706302800000,99993.77,100123.95
1706302800000,99993.77,100122.86
1706302800000,99993.77,100123.95
1706302800000,99993.77,100120.69
1706302800000,99993.77,100131.55
1706302800000,99993.77,100127.2
1706302800000,99993.77,100122.86
1706302800000,99993.77,100123.95
1706302800000,99993.77,100126.12
1706302800000,99993.77,100123.95
1706302800000,99993.77,100120.7
1706302800000,99993.77,100121.79
1706302800000,99993.77,100123.95
1706302800000,99993.77,100125.04
1706302800000,99993.77,100122.86
1706302800000,99993.77,100123.95
1706302800000,99993.77,100126.12
1706302800000,99993.77,100127.2
1706302800000,99993.77,100125.03
1706302800000,99993.77,100126.12
1706302800000,99993.77,100128.29
1706302800000,99993.77,100129.37
1706302800000,99993.77,100127.2
1706302800000,99993.77,100129.37
1706302800000,99993.77,100131.54
1706302800000,99993.77,100134.79
1706302800000,99993.77,100138.04
1706302800000,99993.77,100142.38
1706302800000,99993.77,100141.29
1706302800000,99993.77,100142.37
1706302800000,99993.77,100141.29
1706302800000,99993.77,100144.54
1706302800000,99993.77,100147.8
1706302800000,99993.77,100152.13
1706302800000,99993.77,100151.05
1706302800000,99993.77,100152.13
1706302800000,99993.77,100151.04
1706302800000,99993.77,100154.29
1706302800000,99993.77,100157.55
1706302800000,99993.77,100161.89
1706302800000,99993.77,100160.8
1706302800000,99993.77,100161.88
1706302800000,99993.77,100160.79
1706302800000,99993.77,100165.13
1706302800000,99993.77,100169.46
1706302800000,99993.77,100174.89
1706302800000,99993.77,100172.72
1706302800000,99993.77,100170.55
1706302800000,99993.77,100168.38
1706302800000,99993.77,100169.46
1706302800000,99993.77,100168.37
1706302800000,99993.77,100170.54
1706302800000,99993.77,100169.46
1706302800000,99993.77,100170.55
1706302800000,99993.77,100168.37
1706302800000,99993.77,100169.46
1706302800000,99993.77,100168.37
1706302800000,99993.77,100169.46
1706302800000,99993.77,100166.21
1706302800000,99993.77,100167.3
1706302800000,99993.77,100169.46
1706302800000,99993.77,100170.55
1706302800000,99993.77,100172.72
1706302800000,99993.77,100173.79
1706302800000,99993.77,100172.71
1706302800000,99993.77,100173.79
1706302800000,99993.77,100170.54
1706302800000,99993.77,100171.63
1706302800000,99993.77,100172.72
1706302800000,99993.77,100173.8
1706302800000,99993.77,100174.88
1706302800000,99993.77,100173.79
1706302800000,99993.77,100171.63
1706302800000,99993.77,100169.46
1706302800000,99993.77,100167.29
1706302800000,99993.77,100166.21
1706302800000,99993.77,100167.3
1706302800000,99993.77,100166.21
1706302800000,99993.77,100168.37
1706302800000,99993.77,100167.29
1706302800000,99993.77,100165.12
1706302800000,99993.77,100162.95
1706302800000,99993.77,100160.79
1706302800000,99993.77,100159.7
1706302800000,99993.77,100160.79
1706302800000,99993.77,100159.71
1706302800000,99993.77,100161.88
1706302800000,99993.77,100159.7
1706302800000,99993.77,100157.53
1706302800000,99993.77,100155.37
1706302800000,99993.77,100153.2
1706302800000,99993.77,100154.28
1706302800000,99993.77,100156.45
1706302800000,99993.77,100158.62
1706302800000,99993.77,100160.79
1706302800000,99993.77,100161.87
1706302800000,99993.77,100160.79
1706302800000,99993.77,100161.88
1706302800000,99993.77,100158.62
1706302800000,99993.77,100159.7
1706302800000,99993.77,100158.62
1706302800000,99993.77,100159.7
1706302800000,99993.77,100158.62
1706302800000,99993.77,100160.79
1706302800000,99993.77,100159.71
1706302800000,99993.77,100160.8
1706302800000,99993.77,100159.71
1706302800000,99993.77,100161.88
1706302800000,99993.77,100160.8
1706302800000,99993.77,100164.05
1706302800000,99993.77,100164.06
1706302800000,99993.77,100161.89
1706302800000,99993.77,100158.64
1706302800000,99993.77,100157.55
1706302800000,99993.77,100159.72
1706302800000,99993.77,100157.55
1706302800000,99993.77,100154.29
1706302800000,99993.77,100155.38
1706302800000,99993.77,100149.96
1706302800000,99993.77,100151.04
1706302800000,99993.77,100143.45
1706302800000,99993.77,100149.96
1706302800000,99993.77,100147.79
1706302800000,99993.77,100149.96
1706302800000,99993.77,100153.22
1706302800000,99993.77,100143.46
1706302800000,99993.77,100145.63
1706302800000,99993.77,100147.8
1706302800000,99993.77,100149.97
1706302800000,99993.77,100148.89
1706302800000,99993.77,100149.97
1706302800000,99993.77,100147.8
1706302800000,99993.77,100148.89
1706302800000,99993.77,100151.06
1706302800000,99993.77,100153.23
1706302800000,99993.77,100151.06
1706302800000,99993.77,100147.8
1706302800000,99993.77,100144.55
1706302800000,99993.77,100145.63
1706302800000,99993.77,100144.55
1706302800000,99993.77,100145.63
1706302800000,99993.77,100143.47
1706302800000,99993.77,100140.22
1706302800000,99993.77,100136.96
1706302800000,99993.77,100138.04
1706302800000,99993.77,100136.96
1706302800000,99993.77,100138.04
1706302800000,99993.77,100134.79
1706302800000,99993.77,100131.54
1706302800000,99993.77,100128.29
1706302800000,99993.77,100131.54
1706302800000,99993.77,100134.8
1706302800000,99993.77,100138.05
1706302800000,99993.77,100136.96
1706302800000,99993.77,100135.88
1706302800000,99993.77,100134.8
1706302800000,99993.77,100135.89
1706302800000,99993.77,100134.8
1706302800000,99993.77,100136.97
1706302800000,99993.77,100135.88
1706302800000,99993.77,100136.97
1706302800000,99993.77,100135.88
1706302800000,99993.77,100138.05
1706302800000,99993.77,100136.97
1706302800000,99993.77,100138.06
1706302800000,99993.77,100136.97
1706302800000,99993.77,100139.14
1706302800000,99993.77,100138.06
1706302800000,99993.77,100142.4
1706302800000,99993.77,100142.39
1706302800000,99993.77,100140.22
1706302800000,99993.77,100138.05
1706302800000,99993.77,100135.88
1706302800000,99993.77,100136.96
1706302800000,99993.77,100135.87
1706302800000,99993.77,100136.96
1706302800000,99993.77,100134.79
1706302800000,99993.77,100132.62
1706302800000,99993.77,100130.46
1706302800000,99993.77,100131.54
1706302800000,99993.77,100130.45
1706302800000,99993.77,100131.54
1706302800000,99993.77,100129.37
1706302800000,99993.77,100127.2
1706302800000,99993.77,100125.04
1706302800000,99993.77,100126.12
1706302800000,99993.77,100125.03
1706302800000,99993.77,100126.12
1706302800000,99993.77,100123.95
1706302800000,99993.77,100121.78
1706302800000,99993.77,100119.61
1706302800000,99993.77,100120.7
1706302800000,99993.77,100119.62
1706302800000,99993.77,100120.7
1706302800000,99993.77,100118.53
1706302800000,99993.77,100116.36
1706302800000,99993.77,100114.19
1706302800000,99993.77,100115.28
1706302800000,99993.77,100114.19
1706302800000,99993.77,100115.28
1706302800000,99993.77,100116.36
1706302800000,99993.77,100115.28
1706302800000,99993.77,100116.36
1706302800000,99993.77,100114.19
1706302800000,99993.77,100115.28
1706302800000,99993.77,100113.11
1706302800000,99993.77,100114.2
1706302800000,99993.77,100107.69
1706302800000,99993.77,100109.86
1706302800000,99993.77,100108.78
1706302800000,99993.77,100107.69
1706302800000,99993.77,100106.61
1706302800000,99993.77,100105.52
1706302800000,99993.77,100104.44
1706302800000,99993.77,100103.35
1706302800000,99993.77,100102.27
1706302800000,99993.77,100103.35
1706302800000,99993.77,100102.27
1706302800000,99993.77,100103.35
1706302800000,99993.77,100102.27
1706302800000,99993.77,100105.53
1706302800000,99993.77,100106.61
1706302800000,99993.77,100105.53
1706302800000,99993.77,100106.61
1706302800000,99993.77,100104.44
1706302800000,99993.77,100105.52
1706302800000,99993.77,100101.18
1706302800000,99993.77,100102.27
1706302800000,99993.77,100103.35
1706302800000,99993.77,100105.52
1706302800000,99993.77,100106.61
1706302800000,99993.77,100107.69
1706302800000,99993.77,100109.87
1706302800000,99993.77,100110.95
1706302800000,99993.77,100109.87
1706302800000,99993.77,100110.95
1706302800000,99993.77,100109.87
1706302800000,99993.77,100110.95
1706302800000,99993.77,100108.78
1706302800000,99993.77,100109.86
1706302800000,99993.77,100110.95
1706302800000,99993.77,100113.12
1706302800000,99993.77,100114.2
1706302800000,99993.77,100115.29
1706302800000,99993.77,100117.46
1706302800000,99993.77,100118.54
1706302800000,99993.77,100117.46
1706302800000,99993.77,100118.54
1706302800000,99993.77,100117.46
1706302800000,99993.77,100118.54
1706302800000,99993.77,100116.37
1706302800000,99993.77,100117.46
1706302800000,99993.77,100119.63
1706302800000,99993.77,100120.71
1706302800000,99993.77,100122.88
1706302800000,99993.77,100123.97
1706302800000,99993.77,100126.14
1706302800000,99993.77,100123.97
1706302800000,99993.77,100121.8
1706302800000,99993.77,100119.63
1706302800000,99993.77,100117.46
1706302800000,99993.77,100115.29
1706302800000,99993.77,100113.11
1706302800000,99993.77,100112.03
1706302800000,99993.77,100113.11
1706302800000,99993.77,100112.03
1706302800000,99993.77,100114.2
1706302800000,99993.77,100113.11
1706302800000,99993.77,100117.45
1706302800000,99993.77,100116.37
1706302800000,99993.77,100117.45
1706302800000,99993.77,100116.37
1706302800000,99993.77,100117.45
1706302800000,99993.77,100115.28
1706302800000,99993.77,100116.37
1706302800000,99993.77,100115.28
1706302800000,99993.77,100116.37
1706302800000,99993.77,100114.2
1706302800000,99993.77,100115.28
1706302800000,99993.77,100114.2
1706302800000,99993.77,100115.28
1706302800000,99993.77,100114.2
1706302800000,99993.77,100115.28
1706302800000,99993.77,100113.11
1706302800000,99993.77,100114.2
1706302800000,99993.77,100109.86
1706302800000,99993.77,100110.95
1706302800000,99993.77,100112.03
1706302800000,99993.77,100113.12
1706302800000,99993.77,100112.03
1706302800000,99993.77,100113.11
1706302800000,99993.77,100112.03
1706302800000,99993.77,100113.11
1706302800000,99993.77,100114.2
1706302800000,99993.77,100115.29
1706302800000,99993.77,100114.2
1706302800000,99993.77,100115.29
1706302800000,99993.77,100114.2
1706302800000,99993.77,100115.28
1706302800000,99993.77,100116.37
1706302800000,99993.77,100117.45
1706302800000,99993.77,100116.37
1706302800000,99993.77,100117.46
1706302800000,99993.77,100116.37
1706302800000,99993.77,100117.46
1706302800000,99993.77,100118.54
1706302800000,99993.77,100120.7
1706302800000,99993.77,100118.53
1706302800000,99993.77,100115.28
1706302800000,99993.77,100112.03
1706302800000,99993.77,100113.11
1706302800000,99993.77,100114.2
1706302800000,99993.77,100115.28
1706302800000,99993.77,100116.37
1706302800000,99993.77,100115.28
1706302800000,99993.77,100116.37
1706302800000,99993.77,100114.2
1706302800000,99993.77,100115.28
1706302800000,99993.77,100114.2
1706302800000,99993.77,100115.28
1706302800000,99993.77,100109.86
1706302800000,99993.77,100108.77
1706302800000,99993.77,100110.94
1706302800000,99993.77,100109.85
1706302800000,99993.77,100112.02
1706302800000,99993.77,100110.94
1706302800000,99993.77,100113.11
1706302800000,99993.77,100112.02
1706302800000,99993.77,100114.19
1706302800000,99993.77,100113.11
1706302800000,99993.77,100115.28
1706302800000,99993.77,100114.19
1706302800000,99993.77,100120.7
1706302800000,99993.77,100117.45
1706302800000,99993.77,100118.53
1706302800000,99993.77,100115.28
1706302800000,99993.77,100116.37
1706302800000,99993.77,100113.11
1706302800000,99993.77,100114.2
1706302800000,99993.77,100109.86
1706302800000,99993.77,100117.45
1706302800000,99993.77,100115.28
1706302800000,99993.77,100120.7
1706302800000,99993.77,100116.36
1706302800000,99993.77,100112.02
1706302800000,99993.77,100113.1
1706302800000,99993.77,100115.27
1706302800000,99993.77,100113.1
1706302800000,99993.77,100109.85
1706302800000,99993.77,100113.1
1706302800000,99993.77,100117.44
1706302800000,99993.77,100118.53
1706302800000,99993.77,100116.35
1706302800000,99993.77,100119.61
1706302800000,99993.77,100123.95
1706302800000,99993.77,100122.87
1706302800000,99993.77,100123.95
1706302800000,99993.77,100122.86
1706302800000,99993.77,100125.03
1706302800000,99993.77,100128.29
1706302800000,99993.77,100131.54
1706302800000,99993.77,100129.37
1706302800000,99993.77,100127.2
1706302800000,99993.77,100125.02
1706302800000,99993.77,100126.11
1706302800000,99993.77,100125.03
1706302800000,99993.77,100127.2
1706302800000,99993.77,100126.11
1706302800000,99993.77,100125.03
1706302800000,99993.77,100123.94
1706302800000,99993.77,100122.86
1706302800000,99993.77,100121.78
1706302800000,99993.77,100122.87
1706302800000,99993.77,100120.69
1706302800000,99993.77,100121.77
1706302800000,99993.77,100122.86
1706302800000,99993.77,100120.69
1706302800000,99993.77,100126.11
1706302800000,99993.77,100131.53
1706302800000,99993.77,100132.62
1706302800000,99993.77,100130.45
1706302800000,99993.77,100135.87
1706302800000,99993.77,100141.3
1706302800000,99993.77,100142.38
1706302800000,99993.77,100140.2
1706302800000,99993.77,100144.55
1706302800000,99993.77,100148.88
1706302800000,99993.77,100153.22
1706302800000,99993.77,100148.88
1706302800000,99993.77,100144.54
1706302800000,99993.77,100139.12
1706302800000,99993.77,100140.2
1706302800000,99993.77,100141.29
1706302800000,99993.77,100143.46
1706302800000,99993.77,100141.28
1706302800000,99993.77,100139.12
1706302800000,99993.77,100136.95
1706302800000,99993.77,100134.78
1706302800000,99993.77,100133.7
1706302800000,99993.77,100134.78
1706302800000,99993.77,100133.7
1706302800000,99993.77,100134.78
1706302800000,99993.77,100133.7
1706302800000,99993.77,100134.78
1706302800000,99993.77,100131.53
1706302800000,99993.77,100132.62
1706302800000,99993.77,100131.53
1706302800000,99993.77,100132.62
1706302800000,99993.77,100131.53
1706302800000,99993.77,100132.62
1706302800000,99993.77,100133.7
1706302800000,99993.77,100132.61
1706302800000,99993.77,100133.7
1706302800000,99993.77,100132.61
1706302800000,99993.77,100133.7
1706302800000,99993.77,100131.53
1706302800000,99993.77,100132.62
1706302800000,99993.77,100131.53
1706302800000,99993.77,100133.7
1706302800000,99993.77,100132.62
1706302800000,99993.77,100136.96
1706302800000,99993.77,100138.04
1706302800000,99993.77,100136.95
1706302800000,99993.77,100138.04
1706302800000,99993.77,100136.95
1706302800000,99993.77,100138.03
1706302800000,99993.77,100135.87
1706302800000,99993.77,100134.78
1706302800000,99993.77,100135.86
1706302800000,99993.77,100134.78
1706302800000,99993.77,100136.95
1706302800000,99993.77,100135.87
1706302800000,99993.77,100141.29
1706302800000,99993.77,100142.38
1706302800000,99993.77,100141.29
1706302800000,99993.77,100142.37
1706302800000,99993.77,100141.29
1706302800000,99993.77,100142.37
1706302800000,99993.77,100140.2
1706302800000,99993.77,100139.11
1706302800000,99993.77,100140.2
1706302800000,99993.77,100139.11
1706302800000,99993.77,100141.28
1706302800000,99993.77,100140.2
1706302800000,99993.77,100145.63
1706302800000,99993.77,100146.71
1706302800000,99993.77,100145.63
1706302800000,99993.77,100146.71
1706302800000,99993.77,100145.62
1706302800000,99993.77,100146.71
1706302800000,99993.77,100144.53
1706302800000,99993.77,100143.45
1706302800000,99993.77,100144.53
1706302800000,99993.77,100143.45
1706302800000,99993.77,100144.53
1706302800000,99993.77,100143.45
1706302800000,99993.77,100145.62
1706302800000,99993.77,100144.54
1706302800000,99993.77,100145.62
1706302800000,99993.77,100144.54
1706302800000,99993.77,100146.7
1706302800000,99993.77,100145.62
1706302800000,99993.77,100146.7
1706302800000,99993.77,100145.62
1706302800000,99993.77,100147.78
1706302800000,99993.77,100146.7
1706302800000,99993.77,100147.78
1706302800000,99993.77,100146.7
1706302800000,99993.77,100153.2
1706302800000,99993.77,100152.11
1706302800000,99993.77,100151.03
1706302800000,99993.77,100149.95
1706302800000,99993.77,100151.03
1706302800000,99993.77,100149.95
1706302800000,99993.77,100151.04
1706302800000,99993.77,100149.95
1706302800000,99993.77,100148.86
1706302800000,99993.77,100147.78
1706302800000,99993.77,100148.86
1706302800000,99993.77,100147.78
1706302800000,99993.77,100148.87
1706302800000,99993.77,100147.78
1706302800000,99993.77,100146.7
1706302800000,99993.77,100145.62
1706302800000,99993.77,100146.69
1706302800000,99993.77,100145.61
1706302800000,99993.77,100146.7
1706302800000,99993.77,100145.62
1706302800000,99993.77,100144.53
1706302800000,99993.77,100142.36
1706302800000,99993.77,100143.45
1706302800000,99993.77,100144.53
1706302800000,99993.77,100145.61
1706302800000,99993.77,100144.54
1706302800000,99993.77,100145.62
1706302800000,99993.77,100144.53
1706302800000,99993.77,100143.45
1706302800000,99993.77,100144.54
1706302800000,99993.77,100143.45
1706302800000,99993.77,100145.62
1706302800000,99993.77,100144.54
1706302800000,99993.77,100147.79
1706302800000,99993.77,100153.21
1706302800000,99993.77,100151.04
1706302800000,99993.77,100147.78
1706302800000,99993.77,100144.53
1706302800000,99993.77,100145.62
1706302800000,99993.77,100146.71
1706302800000,99993.77,100147.79
1706302800000,99993.77,100146.7
1706302800000,99993.77,100144.53
1706302800000,99993.77,100142.37
1706302800000,99993.77,100144.54
1706302800000,99993.77,100146.71
1706302800000,99993.77,100149.96
1706302800000,99993.77,100148.87
1706302800000,99993.77,100149.96
1706302800000,99993.77,100148.87
1706302800000,99993.77,100151.04
1706302800000,99993.77,100153.21
1706302800000,99993.77,100156.46
1706302800000,99993.77,100155.38
1706302800000,99993.77,100156.46
1706302800000,99993.77,100155.37
1706302800000,99993.77,100157.54
1706302800000,99993.77,100160.8
1706302800000,99993.77,100164.05
1706302800000,99993.77,100161.88
1706302800000,99993.77,100158.62
1706302800000,99993.77,100155.37
1706302800000,99993.77,100156.46
1706302800000,99993.77,100157.54
1706302800000,99993.77,100158.62
1706302800000,99993.77,100157.54
1706302800000,99993.77,100156.46
1706302800000,99993.77,100155.37
1706302800000,99993.77,100153.2
1706302800000,99993.77,100156.46
1706302800000,99993.77,100160.8
1706302800000,99993.77,100159.71
1706302800000,99993.77,100158.63
1706302800000,99993.77,100160.8
1706302800000,99993.77,100164.05
1706302800000,99993.77,100159.71
1706302800000,99993.77,100154.29
1706302800000,99993.77,100153.2
1706302800000,99993.77,100155.38
1706302800000,99993.77,100145.62
1706302800000,99993.77,100146.7
1706302800000,99993.77,100134.77
1706302800000,99993.77,100140.19
1706302800000,99993.77,100138.02
1706302800000,99993.77,100140.19
1706302800000,99993.77,100142.36
1706302800000,99993.77,100142.37
1706302800000,99993.77,100139.11
1706302800000,99993.77,100135.86
1706302800000,99993.77,100136.94
1706302800000,99993.77,100138.03
1706302800000,99993.77,100136.95
1706302800000,99993.77,100134.77
1706302800000,99993.77,100135.86
1706302800000,99993.77,100136.94
1706302800000,99993.77,100138.03
1706302800000,99993.77,100135.86
1706302800000,99993.77,100136.95
1706302800000,99993.77,100138.03
1706302800000,99993.77,100139.11
1706302800000,99993.77,100136.94
1706302800000,99993.77,100139.11
1706302800000,99993.77,100138.02
1706302800000,99993.77,100140.19
1706302800000,99993.77,100142.36
1706302800000,99993.77,100135.85
1706302800000,99993.77,100129.34
1706302800000,99993.77,100131.51
1706302800000,99993.77,100133.68
1706302800000,99993.77,100130.43
1706302800000,99993.77,100126.09
1706302800000,99993.77,100130.43
1706302800000,99993.77,100135.85
1706302800000,99993.77,100136.94
1706302800000,99993.77,100134.77
1706302800000,99993.77,100139.11
1706302800000,99993.77,100144.53
1706302800000,99993.77,100143.45
1706302800000,99993.77,100153.22
1706302800000,99993.77,100144.53
1706302800000,99993.77,100147.79
1706302800000,99993.77,100145.62
1706302800000,99993.77,100142.36
1706302800000,99993.77,100140.19
1706302800000,99993.77,100136.94
1706302800000,99993.77,100135.85
1706302800000,99993.77,100138.02
1706302800000,99993.77,100135.85
1706302800000,99993.77,100132.6
1706302800000,99993.77,100131.51
1706302800000,99993.77,100133.69
1706302800000,99993.77,100131.52
1706302800000,99993.77,100128.26
1706302800000,99993.77,100127.18
1706302800000,99993.77,100129.35
1706302800000,99993.77,100125.02
1706302800000,99993.77,100120.67
1706302800000,99993.77,100123.93
1706302800000,99993.77,100128.27
1706302800000,99993.77,100126.1
1706302800000,99993.77,100128.27
1706302800000,99993.77,100131.52
1706302800000,99993.77,100120.67
1706302800000,99993.77,100121.76
1706302800000,99993.77,100119.58
1706302800000,99993.77,100120.66
1706302800000,99993.77,100121.75
1706302800000,99993.77,100119.58
1706302800000,99993.77,100121.75
1706302800000,99993.77,100123.92
1706302800000,99993.77,100125.01
1706302800000,99993.77,100122.84
1706302800000,99993.77,100127.18
1706302800000,99993.77,100126.09
1706302800000,99993.77,100131.52
1706302800000,99993.77,100122.84
1706302800000,99993.77,100126.1
1706302800000,99993.77,100123.93
1706302800000,99993.77,100120.68
1706302800000,99993.77,100120.67
1706302800000,99993.77,100109.83
1706302800000,99993.77,100120.68
1706302800000,99993.77,100119.59
1706302800000,99993.77,100125.01
1706302800000,99993.77,100131.52
1706302800000,99993.77,100129.35
1706302800000,99993.77,100127.18
1706302800000,99993.77,100126.1
1706302800000,99993.77,100128.27
1706302800000,99993.77,100126.1
1706302800000,99993.77,100123.93
1706302800000,99993.77,100122.85
1706302800000,99993.77,100125.01
1706302800000,99993.77,100122.85
1706302800000,99993.77,100120.68
1706302800000,99993.77,100119.59
1706302800000,99993.77,100121.76
1706302800000,99993.77,100115.25
1706302800000,99993.77,100118.5
1706302800000,99993.77,100117.42
1706302800000,99993.77,100118.5
1706302800000,99993.77,100120.67
1706302800000,99993.77,100131.52
1706302800000,99993.77,100127.18
1706302800000,99993.77,100122.84
1706302800000,99993.77,100123.92
1706302800000,99993.77,100126.09
1706302800000,99993.77,100123.92
1706302800000,99993.77,100120.67
1706302800000,99993.77,100125.0
1706302800000,99993.77,100129.34
1706302800000,99993.77,100130.43
1706302800000,99993.77,100128.25
1706302800000,99993.77,100132.6
1706302800000,99993.77,100136.93
1706302800000,99993.77,100138.01
1706302800000,99993.77,100135.84
1706302800000,99993.77,100140.18
1706302800000,99993.77,100144.51
1706302800000,99993.77,100143.43
1706302800000,99993.77,100147.77
1706302800000,99993.77,100153.19
1706302800000,99993.77,100151.02
1706302800000,99993.77,100148.86
1706302800000,99993.77,100147.77
1706302800000,99993.77,100149.94
1706302800000,99993.77,100145.6
1706302800000,99993.77,100146.68
1706302800000,99993.77,100142.35
1706302800000,99993.77,100143.43
1706302800000,99993.77,100136.92
1706302800000,99993.77,100138.01
1706302800000,99993.77,100136.92
1706302800000,99993.77,100138.01
1706302800000,99993.77,100139.1
1706302800000,99993.77,100141.27
1706302800000,99993.77,100142.35
1706302800000,99993.77,100140.19
1706302800000,99993.77,100141.28
1706302800000,99993.77,100142.36
1706302800000,99993.77,100139.1
1706302800000,99993.77,100135.85
1706302800000,99993.77,100134.77
1706302800000,99993.77,100136.94
1706302800000,99993.77,100133.68
1706302800000,99993.77,100130.43
1706302800000,99993.77,100129.34
1706302800000,99993.77,100131.51
1706302800000,99993.77,100129.33
1706302800000,99993.77,100127.17
1706302800000,99993.77,100124.99
1706302800000,99993.77,100127.16
1706302800000,99993.77,100129.33
1706302800000,99993.77,100131.5
1706302800000,99993.77,100130.41
1706302800000,99993.77,100131.5
1706302800000,99993.77,100129.33
1706302800000,99993.77,100130.41
1706302800000,99993.77,100131.5
1706302800000,99993.77,100132.58
1706302800000,99993.77,100134.75
1706302800000,99993.77,100139.09
1706302800000,99993.77,100144.51
1706302800000,99993.77,100149.94
1706302800000,99993.77,100148.85
1706302800000,99993.77,100146.68
1706302800000,99993.77,100144.51
1706302800000,99993.77,100147.76
1706302800000,99993.77,100151.01
1706302800000,99993.77,100155.35
1706302800000,99993.77,100153.18
1706302800000,99993.77,100151.01
1706302800000,99993.77,100148.85
1706302800000,99993.77,100149.93
1706302800000,99993.77,100148.85
1706302800000,99993.77,100149.93
1706302800000,99993.77,100147.76
1706302800000,99993.77,100145.59
1706302800000,99993.77,100143.43
1706302800000,99993.77,100144.51
1706302800000,99993.77,100143.42
1706302800000,99993.77,100144.51
1706302800000,99993.77,100142.34
1706302800000,99993.77,100140.18
1706302800000,99993.77,100138.01
1706302800000,99993.77,100139.09
1706302800000,99993.77,100138.0
1706302800000,99993.77,100139.09
1706302800000,99993.77,100140.17
1706302800000,99993.77,100139.09
1706302800000,99993.77,100140.18
1706302800000,99993.77,100138.01
1706302800000,99993.77,100139.09
1706302800000,99993.77,100138.01
1706302800000,99993.77,100139.1
1706302800000,99993.77,100136.93
1706302800000,99993.77,100138.01
1706302800000,99993.77,100136.93
1706302800000,99993.77,100138.01
1706302800000,99993.77,100131.5
1706302800000,99993.77,100131.51
1706302800000,99993.77,100132.59
1706302800000,99993.77,100131.51
1706302800000,99993.77,100132.59
1706302800000,99993.77,100131.51
1706302800000,99993.77,100132.59
1706302800000,99993.77,100131.51
1706302800000,99993.77,100132.59
1706302800000,99993.77,100131.5
1706302800000,99993.77,100132.59
1706302800000,99993.77,100131.5
1706302800000,99993.77,100132.59
1706302800000,99993.77,100131.51
1706302800000,99993.77,100132.59
1706302800000,99993.77,100131.51
1706302800000,99993.77,100133.68
1706302800000,99993.77,100132.59
1706302800000,99993.77,100131.51
1706302800000,99993.77,100130.42
1706302800000,99993.77,100129.33
1706302800000,99993.77,100128.25
1706302800000,99993.77,100129.33
1706302800000,99993.77,100128.25
1706302800000,99993.77,100129.34
1706302800000,99993.77,100128.26
1706302800000,99993.77,100129.34
1706302800000,99993.77,100128.26
1706302800000,99993.77,100127.17
1706302800000,99993.77,100126.09
1706302800000,99993.77,100125.0
1706302800000,99993.77,100123.93
1706302800000,99993.77,100125.01
1706302800000,99993.77,100123.93
1706302800000,99993.77,100125.01
1706302800000,99993.77,100123.93
1706302800000,99993.77,100125.01
1706302800000,99993.77,100123.93
1706302800000,99993.77,100122.85
1706302800000,99993.77,100121.76
1706302800000,99993.77,100120.68
1706302800000,99993.77,100119.59
1706302800000,99993.77,100120.68
1706302800000,99993.77,100119.59
1706302800000,99993.77,100120.68
1706302800000,99993.77,100119.6
1706302800000,99993.77,100120.68
1706302800000,99993.77,100119.6
1706302800000,99993.77,100118.51
1706302800000,99993.77,100116.34
1706302800000,99993.77,100115.26
1706302800000,99993.77,100114.17
1706302800000,99993.77,100112.0
1706302800000,99993.77,100115.26
1706302800000,99993.77,100114.18
1706302800000,99993.77,100116.34
1706302800000,99993.77,100117.43
1706302800000,99993.77,100115.26
1706302800000,99993.77,100116.34
1706302800000,99993.77,100117.43
1706302800000,99993.77,100115.26
1706302800000,99993.77,100113.09
1706302800000,99993.77,100112.0
1706302800000,99993.77,100114.18
1706302800000,99993.77,100112.01
1706302800000,99993.77,100109.84
1706302800000,99993.77,100108.76
1706302800000,99993.77,100110.93
1706302800000,99993.77,100108.76
1706302800000,99993.77,100106.59
1706302800000,99993.77,100107.68
1706302800000,99993.77,100108.76
1706302800000,99993.77,100109.85
1706302800000,99993.77,100107.68
1706302800000,99993.77,100106.59
1706302800000,99993.77,100107.68
1706302800000,99993.77,100106.59
1706302800000,99993.77,100109.85
1706302800000,99993.77,100105.5
1706302800000,99993.77,100106.59
1706302800000,99993.77,100104.42
1706302800000,99993.77,100108.76
1706302800000,99993.77,100107.68
1706302800000,99993.77,100112.01
1706302800000,99993.77,100110.93
1706302800000,99993.77,100115.27
1706302800000,99993.77,100114.18
1706302800000,99993.77,100117.44
1706302800000,99993.77,100120.69
1706302800000,99993.77,100120.68
1706302800000,99993.77,100119.6
1706302800000,99993.77,100118.51
1706302800000,99993.77,100117.43
1706302800000,99993.77,100116.34
1706302800000,99993.77,100114.18
1706302800000,99993.77,100115.26
1706302800000,99993.77,100114.18
1706302800000,99993.77,100115.26
1706302800000,99993.77,100114.18
1706302800000,99993.77,100115.26
1706302800000,99993.77,100114.18
1706302800000,99993.77,100113.1
1706302800000,99993.77,100112.01
1706302800000,99993.77,100110.93
1706302800000,99993.77,100108.75
1706302800000,99993.77,100109.84
1706302800000,99993.77,100108.75
1706302800000,99993.77,100109.84
1706302800000,99993.77,100108.76
1706302800000,99993.77,100109.84
1706302800000,99993.77,100108.76
1706302800000,99993.77,100107.67
1706302800000,99993.77,100106.59
1706302800000,99993.77,100105.5
1706302800000,99993.77,100103.34
1706302800000,99993.77,100104.42
1706302800000,99993.77,100103.34
1706302800000,99993.77,100104.42
1706302800000,99993.77,100103.33
1706302800000,99993.77,100104.42
1706302800000,99993.77,100103.34
1706302800000,99993.77,100102.25
1706302800000,99993.77,100100.08
1706302800000,99993.77,100099.0
1706302800000,99993.77,100096.83
1706302800000,99993.77,100099.0
1706302800000,99993.77,100101.17
1706302800000,99993.77,100103.34
1706302800000,99993.77,100105.51
1706302800000,99993.77,100107.68
1706302800000,99993.77,100106.6
1706302800000,99993.77,100107.67
1706302800000,99993.77,100105.5
1706302800000,99993.77,100106.59
1706302800000,99993.77,100104.42
1706302800000,99993.77,100105.51
1706302800000,99993.77,100104.42
1706302800000,99993.77,100106.59
1706302800000,99993.77,100105.5
1706302800000,99993.77,100106.59
1706302800000,99993.77,100105.5
1706302800000,99993.77,100107.67
1706302800000,99993.77,100106.59
1706302800000,99993.77,100108.76
1706302800000,99993.77,100107.67
1706302800000,99993.77,100112.01
1706302800000,99993.77,100110.92
1706302800000,99993.77,100109.84
1706302800000,99993.77,100110.92
1706302800000,99993.77,100108.76
1706302800000,99993.77,100109.84
1706302800000,99993.77,100108.76
1706302800000,99993.77,100109.84
1706302800000,99993.77,100106.59
1706302800000,99993.77,100107.67
1706302800000,99993.77,100106.59
1706302800000,99993.77,100107.67
1706302800000,99993.77,100106.58
1706302800000,99993.77,100107.67
1706302800000,99993.77,100106.58
1706302800000,99993.77,100107.67
1706302800000,99993.77,100106.58
1706302800000,99993.77,100107.67
1706302800000,99993.77,100106.59
1706302800000,99993.77,100107.67
1706302800000,99993.77,100106.59
1706302800000,99993.77,100107.67
1706302800000,99993.77,100105.5
1706302800000,99993.77,100106.59
1706302800000,99993.77,100105.5
1706302800000,99993.77,100107.67
1706302800000,99993.77,100106.59
1706302800000,99993.77,100108.76
1706302800000,99993.77,100107.67
1706302800000,99993.77,100110.92
1706302800000,99993.77,100109.84
1706302800000,99993.77,100110.92
1706302800000,99993.77,100109.84
1706302800000,99993.77,100110.93
1706302800000,99993.77,100109.84
1706302800000,99993.77,100110.93
1706302800000,99993.77,100109.84
1706302800000,99993.77,100110.93
1706302800000,99993.77,100109.84
1706302800000,99993.77,100112.01
1706302800000,99993.77,100110.92
1706302800000,99993.77,100113.09
1706302800000,99993.77,100112.01
1706302800000,99993.77,100115.26
1706302800000,99993.77,100114.18
1706302800000,99993.77,100115.27
1706302800000,99993.77,100114.18
1706302800000,99993.77,100115.27
1706302800000,99993.77,100114.18
1706302800000,99993.77,100115.27
1706302800000,99993.77,100114.18
1706302800000,99993.77,100115.27
1706302800000,99993.77,100116.35
1706302800000,99993.77,100117.44
1706302800000,99993.77,100118.52
1706302800000,99993.77,100119.61
1706302800000,99993.77,100120.7
1706302800000,99993.77,100121.78
1706302800000,99993.77,100120.7
1706302800000,99993.77,100119.61
1706302800000,99993.77,100118.53
1706302800000,99993.77,100117.44
1706302800000,99993.77,100116.35
1706302800000,99993.77,100115.27
1706302800000,99993.77,100114.18
1706302800000,99993.77,100115.27
1706302800000,99993.77,100114.18
1706302800000,99993.77,100115.27
1706302800000,99993.77,100114.18
1706302800000,99993.77,100115.27
1706302800000,99993.77,100114.18
1706302800000,99993.77,100116.35
1706302800000,99993.77,100115.27
1706302800000,99993.77,100116.35
1706302800000,99993.77,100115.27
1706302800000,99993.77,100116.35
1706302800000,99993.77,100115.27
1706302800000,99993.77,100116.35
1706302800000,99993.77,100114.19
1706302800000,99993.77,100115.27
1706302800000,99993.77,100114.19
1706302800000,99993.77,100115.27
1706302800000,99993.77,100114.19
1706302800000,99993.77,100115.27
1706302800000,99993.77,100114.19
1706302800000,99993.77,100115.27
1706302800000,99993.77,100112.01
1706302800000,99993.77,100110.93
1706302800000,99993.77,100108.76
1706302800000,99993.77,100106.59
1706302800000,99993.77,100104.42
1706302800000,99993.77,100102.25
1706302800000,99993.77,100100.08
1706302800000,99993.77,100098.99
1706302800000,99993.77,100100.08
1706302800000,99993.77,100098.99
1706302800000,99993.77,100101.16
1706302800000,99993.77,100100.08
1706302800000,99993.77,100104.42
1706302800000,99993.77,100103.35
1706302800000,99993.77,100102.26
1706302800000,99993.77,100101.18
1706302800000,99993.77,100100.09
1706302800000,99993.77,100099.01
1706302800000,99993.77,100096.84
1706302800000,99993.77,100097.92
1706302800000,99993.77,100099.0
1706302800000,99993.77,100100.09
1706302800000,99993.77,100101.17
1706302800000,99993.77,100102.26
1706302800000,99993.77,100104.43
1706302800000,99993.77,100105.51
1706302800000,99993.77,100104.43
1706302800000,99993.77,100105.51
1706302800000,99993.77,100104.43
1706302800000,99993.77,100105.51
1706302800000,99993.77,100103.34
1706302800000,99993.77,100104.43
1706302800000,99993.77,100105.51
1706302800000,99993.77,100106.6
1706302800000,99993.77,100107.68
1706302800000,99993.77,100108.76
1706302800000,99993.77,100110.93
1706302800000,99993.77,100112.02
1706302800000,99993.77,100110.93
1706302800000,99993.77,100112.02
1706302800000,99993.77,100110.93
1706302800000,99993.77,100112.02
1706302800000,99993.77,100109.85
1706302800000,99993.77,100110.93
1706302800000,99993.77,100113.1
1706302800000,99993.77,100114.19
1706302800000,99993.77,100116.36
1706302800000,99993.77,100117.43
1706302800000,99993.77,100119.6
1706302800000,99993.77,100118.52
1706302800000,99993.77,100119.6
1706302800000,99993.77,100118.52
1706302800000,99993.77,100119.6
1706302800000,99993.77,100117.43
1706302800000,99993.77,100116.35
1706302800000,99993.77,100117.44
1706302800000,99993.77,100116.35
1706302800000,99993.77,100117.44
1706302800000,99993.77,100116.35
1706302800000,99993.77,100118.52
1706302800000,99993.77,100117.44
1706302800000,99993.77,100118.52
1706302800000,99993.77,100117.44
1706302800000,99993.77,100118.52
1706302800000,99993.77,100117.44
1706302800000,99993.77,100118.52
1706302800000,99993.77,100117.44
1706302800000,99993.77,100118.52
1706302800000,99993.77,100117.44
1706302800000,99993.77,100118.52
1706302800000,99993.77,100117.44
1706302800000,99993.77,100118.52
1706302800000,99993.77,100117.44
1706302800000,99993.77,100120.69
1706302800000,99993.77,100119.6
1706302800000,99993.77,100120.69
1706302800000,99993.77,100119.6
1706302800000,99993.77,100121.77
1706302800000,99993.77,100120.69
1706302800000,99993.77,100125.03
1706302800000,99993.77,100126.11
1706302800000,99993.77,100125.03
1706302800000,99993.77,100126.11
1706302800000,99993.77,100125.03
1706302800000,99993.77,100126.11
1706302800000,99993.77,100123.94
1706302800000,99993.77,100122.86
1706302800000,99993.77,100123.94
1706302800000,99993.77,100122.86
1706302800000,99993.77,100125.03
1706302800000,99993.77,100123.94
1706302800000,99993.77,100127.19
1706302800000,99993.77,100126.11
1706302800000,99993.77,100125.02
1706302800000,99993.77,100123.94
1706302800000,99993.77,100122.85
1706302800000,99993.77,100121.77
1706302800000,99993.77,100120.68
1706302800000,99993.77,100119.6
1706302800000,99993.77,100120.69
1706302800000,99993.77,100119.6
1706302800000,99993.77,100120.69
1706302800000,99993.77,100119.6
1706302800000,99993.77,100121.77
1706302800000,99993.77,100120.69
1706302800000,99993.77,100119.6
1706302800000,99993.77,100118.52
1706302800000,99993.77,100117.43
1706302800000,99993.77,100116.35
1706302800000,99993.77,100115.26
1706302800000,99993.77,100114.18
1706302800000,99993.77,100115.26
1706302800000,99993.77,100114.18
1706302800000,99993.77,100115.26
1706302800000,99993.77,100114.18
1706302800000,99993.77,100116.35
1706302800000,99993.77,100115.27
1706302800000,99993.77,100114.18
1706302800000,99993.77,100112.01
1706302800000,99993.77,100110.93
1706302800000,99993.77,100109.84
1706302800000,99993.77,100107.67
1706302800000,99993.77,100108.76
1706302800000,99993.77,100107.67
1706302800000,99993.77,100109.84
1706302800000,99993.77,100108.76
1706302800000,99993.77,100112.01
1706302800000,99993.77,100113.1
1706302800000,99993.77,100112.01
1706302800000,99993.77,100113.1
1706302800000,99993.77,100112.01
1706302800000,99993.77,100113.1
1706302800000,99993.77,100110.93
1706302800000,99993.77,100109.84
1706302800000,99993.77,100110.93
1706302800000,99993.77,100109.84
1706302800000,99993.77,100110.93
1706302800000,99993.77,100109.84
1706302800000,99993.77,100110.93
1706302800000,99993.77,100109.84
1706302800000,99993.77,100110.93
1706302800000,99993.77,100109.84
1706302800000,99993.77,100112.01
1706302800000,99993.77,100110.93
1706302800000,99993.77,100112.01
1706302800000,99993.77,100110.93
1706302800000,99993.77,100114.19
1706302800000,99993.77,100112.02
1706302800000,99993.77,100110.93
1706302800000,99993.77,100112.02
1706302800000,99993.77,100110.93
1706302800000,99993.77,100112.02
1706302800000,99993.77,100110.93
1706302800000,99993.77,100114.19
1706302800000,99993.77,100115.27
1706302800000,99993.77,100114.19
1706302800000,99993.77,100115.27
1706302800000,99993.77,100114.19
1706302800000,99993.77,100115.27
1706302800000,99993.77,100113.1
1706302800000,99993.77,100112.02
1706302800000,99993.77,100113.1
1706302800000,99993.77,100112.02
1706302800000,99993.77,100113.1
1706302800000,99993.77,100112.02
1706302800000,99993.77,100115.27
1706302800000,99993.77,100114.19
1706302800000,99993.77,100112.02
1706302800000,99993.77,100109.85
1706302800000,99993.77,100108.76
1706302800000,99993.77,100106.6
1706302800000,99993.77,100104.43
1706302800000,99993.77,100103.35
1706302800000,99993.77,100104.43
1706302800000,99993.77,100103.35
1706302800000,99993.77,100104.43
1706302800000,99993.77,100103.35
1706302800000,99993.77,100105.51
1706302800000,99993.77,100104.43
1706302800000,99993.77,100102.26
1706302800000,99993.77,100100.09
1706302800000,99993.77,100099.01
1706302800000,99993.77,100096.84
1706302800000,99993.77,100094.67
1706302800000,99993.77,100093.59
1706302800000,99993.77,100094.67
1706302800000,99993.77,100093.59
1706302800000,99993.77,100094.67
1706302800000,99993.77,100093.59
1706302800000,99993.77,100095.76
1706302800000,99993.77,100094.67
1706302800000,99993.77,100092.5
1706302800000,99993.77,100090.33
1706302800000,99993.77,100088.16
1706302800000,99993.77,100086.0
1706302800000,99993.77,100083.83
1706302800000,99993.77,100086.0
1706302800000,99993.77,100088.17
1706302800000,99993.77,100090.34
1706302800000,99993.77,100092.51
1706302800000,99993.77,100094.68
1706302800000,99993.77,100096.85
1706302800000,99993.77,100097.94
1706302800000,99993.77,100096.85
1706302800000,99993.77,100097.94
1706302800000,99993.77,100095.76
1706302800000,99993.77,100096.85
1706302800000,99993.77,100092.51
1706302800000,99993.77,100091.43
1706302800000,99993.77,100092.51
1706302800000,99993.77,100091.43
1706302800000,99993.77,100093.59
1706302800000,99993.77,100092.51
1706302800000,99993.77,100093.59
1706302800000,99993.77,100092.51
1706302800000,99993.77,100094.68
1706302800000,99993.77,100093.6
1706302800000,99993.77,100094.68
1706302800000,99993.77,100093.6
1706302800000,99993.77,100095.77
1706302800000,99993.77,100094.68
1706302800000,99993.77,100095.77
1706302800000,99993.77,100094.68
1706302800000,99993.77,100102.28
1706302800000,99993.77,100101.19
1706302800000,99993.77,100100.11
1706302800000,99993.77,100101.19
1706302800000,99993.77,100100.11
1706302800000,99993.77,100101.19
1706302800000,99993.77,100099.02
1706302800000,99993.77,100100.1
1706302800000,99993.77,100097.93
1706302800000,99993.77,100099.02
1706302800000,99993.77,100097.94
1706302800000,99993.77,100099.02
1706302800000,99993.77,100097.94
1706302800000,99993.77,100099.02
1706302800000,99993.77,100097.94
1706302800000,99993.77,100099.02
1706302800000,99993.77,100097.94
1706302800000,99993.77,100099.02
1706302800000,99993.77,100097.94
1706302800000,99993.77,100099.02
1706302800000,99993.77,100097.94
1706302800000,99993.77,100099.02
1706302800000,99993.77,100096.85
1706302800000,99993.77,100097.94
1706302800000,99993.77,100096.85
1706302800000,99993.77,100097.94
1706302800000,99993.77,100096.85
1706302800000,99993.77,100097.94
1706302800000,99993.77,100096.85
1706302800000,99993.77,100099.02
1706302800000,99993.77,100097.94
1706302800000,99993.77,100099.02
1706302800000,99993.77,100097.94
1706302800000,99993.77,100099.02
1706302800000,99993.77,100097.94
1706302800000,99993.77,100099.02
1706302800000,99993.77,100097.94
1706302800000,99993.77,100099.02
1706302800000,99993.77,100097.94
1706302800000,99993.77,100099.02
1706302800000,99993.77,100097.94
1706302800000,99993.77,100099.02
1706302800000,99993.77,100097.94
1706302800000,99993.77,100100.11
1706302800000,99993.77,100099.02
1706302800000,99993.77,100100.11
1706302800000,99993.77,100099.02
1706302800000,99993.77,100100.11
1706302800000,99993.77,100099.02
1706302800000,99993.77,100100.11
1706302800000,99993.77,100099.02
1706302800000,99993.77,100100.11
1706302800000,99993.77,100099.02
1706302800000,99993.77,100100.11
1706302800000,99993.77,100099.02
1706302800000,99993.77,100100.11
1706302800000,99993.77,100099.02
1706302800000,99993.77,100101.19
1706302800000,99993.77,100100.11
1706302800000,99993.77,100101.19
1706302800000,99993.77,100100.11
1706302800000,99993.77,100101.19
1706302800000,99993.77,100100.11
1706302800000,99993.77,100101.19
1706302800000,99993.77,100100.11
1706302800000,99993.77,100099.02
1706302800000,99993.77,100100.11
1706302800000,99993.77,100099.02
1706302800000,99993.77,100101.19
1706302800000,99993.77,100100.11
1706302800000,99993.77,100101.19
1706302800000,99993.77,100100.11
1706302800000,99993.77,100102.28
1706302800000,99993.77,100101.19
1706302800000,99993.77,100105.53
1706302800000,99993.77,100102.27
1706302800000,99993.77,100101.19
1706302800000,99993.77,100102.27
1706302800000,99993.77,100100.1
1706302800000,99993.77,100101.19
1706302800000,99993.77,100100.11
1706302800000,99993.77,100101.19
1706302800000,99993.77,100097.94
1706302800000,99993.77,100096.85
1706302800000,99993.77,100097.94
1706302800000,99993.77,100096.86
1706302800000,99993.77,100097.94
1706302800000,99993.77,100096.86
1706302800000,99993.77,100097.94
1706302800000,99993.77,100096.86
1706302800000,99993.77,100099.03
1706302800000,99993.77,100100.11
1706302800000,99993.77,100099.03
1706302800000,99993.77,100100.11
1706302800000,99993.77,100097.94
1706302800000,99993.77,100099.03
1706302800000,99993.77,100097.94
1706302800000,99993.77,100099.02
1706302800000,99993.77,100094.68
1706302800000,99993.77,100093.6
1706302800000,99993.77,100094.68
1706302800000,99993.77,100093.6
1706302800000,99993.77,100094.69
1706302800000,99993.77,100093.6
1706302800000,99993.77,100094.69
1706302800000,99993.77,100093.6
1706302800000,99993.77,100095.77
1706302800000,99993.77,100096.86
1706302800000,99993.77,100095.77
1706302800000,99993.77,100096.86
1706302800000,99993.77,100094.69
1706302800000,99993.77,100095.77
1706302800000,99993.77,100094.69
1706302800000,99993.77,100095.77
1706302800000,99993.77,100091.43
1706302800000,99993.77,100090.35
1706302800000,99993.77,100091.43
1706302800000,99993.77,100090.35
1706302800000,99993.77,100091.44
1706302800000,99993.77,100090.35
1706302800000,99993.77,100091.44
1706302800000,99993.77,100090.35
1706302800000,99993.77,100092.52
1706302800000,99993.77,100093.61
1706302800000,99993.77,100092.52
1706302800000,99993.77,100093.61
1706302800000,99993.77,100091.44
1706302800000,99993.77,100092.52
1706302800000,99993.77,100090.36
1706302800000,99993.77,100091.44
1706302800000,99993.77,100086.02
1706302800000,99993.77,100087.1
1706302800000,99993.77,100086.02
1706302800000,99993.77,100088.19
1706302800000,99993.77,100087.1
1706302800000,99993.77,100089.27
1706302800000,99993.77,100088.19
1706302800000,99993.77,100092.53
1706302800000,99993.77,100093.61
1706302800000,99993.77,100092.53
1706302800000,99993.77,100093.61
1706302800000,99993.77,100092.53
1706302800000,99993.77,100093.61
1706302800000,99993.77,100092.53
1706302800000,99993.77,100093.61
1706302800000,99993.77,100090.36
1706302800000,99993.77,100091.44
1706302800000,99993.77,100090.36
1706302800000,99993.77,100091.44
1706302800000,99993.77,100090.36
1706302800000,99993.77,100091.44
1706302800000,99993.77,100090.36
1706302800000,99993.77,100092.53
1706302800000,99993.77,100091.44
1706302800000,99993.77,100092.53
1706302800000,99993.77,100091.44
1706302800000,99993.77,100092.53
1706302800000,99993.77,100091.44
1706302800000,99993.77,100094.7
1706302800000,99993.77,100095.78
1706302800000,99993.77,100094.7
1706302800000,99993.77,100095.78
1706302800000,99993.77,100094.7
1706302800000,99993.77,100095.78
1706302800000,99993.77,100094.69
1706302800000,99993.77,100095.78
1706302800000,99993.77,100094.69
1706302800000,99993.77,100096.87
1706302800000,99993.77,100097.95
1706302800000,99993.77,100096.86
1706302800000,99993.77,100097.95
1706302800000,99993.77,100096.86
1706302800000,99993.77,100097.95
1706302800000,99993.77,100096.86
1706302800000,99993.77,100097.95
1706302800000,99993.77,100095.78
1706302800000,99993.77,100094.69
1706302800000,99993.77,100095.78
1706302800000,99993.77,100094.69
1706302800000,99993.77,100095.78
1706302800000,99993.77,100094.69
1706302800000,99993.77,100095.78
1706302800000,99993.77,100094.69
1706302800000,99993.77,100097.95
1706302800000,99993.77,100096.87
1706302800000,99993.77,100097.95
1706302800000,99993.77,100095.78
1706302800000,99993.77,100096.86
1706302800000,99993.77,100095.78
1706302800000,99993.77,100096.86
1706302800000,99993.77,100092.52
1706302800000,99993.77,100091.44
1706302800000,99993.77,100092.52
1706302800000,99993.77,100091.44
1706302800000,99993.77,100092.52
1706302800000,99993.77,100091.44
1706302800000,99993.77,100092.53
1706302800000,99993.77,100091.44
1706302800000,99993.77,100093.61
1706302800000,99993.77,100094.7
1706302800000,99993.77,100093.61
1706302800000,99993.77,100094.7
1706302800000,99993.77,100092.53
1706302800000,99993.77,100093.61
1706302800000,99993.77,100092.53
1706302800000,99993.77,100093.61
1706302800000,99993.77,100088.18
1706302800000,99993.77,100087.1
1706302800000,99993.77,100088.18
1706302800000,99993.77,100087.1
1706302800000,99993.77,100088.18
1706302800000,99993.77,100087.1
1706302800000,99993.77,100088.19
1706302800000,99993.77,100087.1
1706302800000,99993.77,100089.27
1706302800000,99993.77,100090.36
1706302800000,99993.77,100089.27
1706302800000,99993.77,100090.36
1706302800000,99993.77,100088.19
1706302800000,99993.77,100089.27
1706302800000,99993.77,100087.1
1706302800000,99993.77,100088.19
1706302800000,99993.77,100081.68
1706302800000,99993.77,100082.76
1706302800000,99993.77,100081.68
1706302800000,99993.77,100082.76
1706302800000,99993.77,100081.68
1706302800000,99993.77,100082.76
1706302800000,99993.77,100081.68
1706302800000,99993.77,100082.76
1706302800000,99993.77,100083.85
1706302800000,99993.77,100082.76
1706302800000,99993.77,100083.85
1706302800000,99993.77,100082.76
1706302800000,99993.77,100083.85
1706302800000,99993.77,100082.76
1706302800000,99993.77,100083.85
1706302800000,99993.77,100081.68
1706302800000,99993.77,100082.76
1706302800000,99993.77,100081.68
1706302800000,99993.77,100082.76
1706302800000,99993.77,100081.68
1706302800000,99993.77,100082.76
1706302800000,99993.77,100081.68
1706302800000,99993.77,100082.76
1706302800000,99993.77,100081.68
1706302800000,99993.77,100082.76
1706302800000,99993.77,100081.68
1706302800000,99993.77,100082.76
1706302800000,99993.77,100081.68
1706302800000,99993.77,100082.76
1706302800000,99993.77,100081.68
1706302800000,99993.77,100083.85
1706302800000,99993.77,100082.76
1706302800000,99993.77,100081.68
1706302800000,99993.77,100082.76
1706302800000,99993.77,100081.68
1706302800000,99993.77,100083.85
1706302800000,99993.77,100082.76
1706302800000,99993.77,100086.02
1706302800000,99993.77,100087.11
1706302800000,99993.77,100086.02
1706302800000,99993.77,100087.11
1706302800000,99993.77,100086.02
1706302800000,99993.77,100087.11
1706302800000,99993.77,100084.94
1706302800000,99993.77,100083.85
1706302800000,99993.77,100084.94
1706302800000,99993.77,100083.85
1706302800000,99993.77,100086.02
1706302800000,99993.77,100084.94
1706302800000,99993.77,100088.19
1706302800000,99993.77,100087.11
1706302800000,99993.77,100086.02
1706302800000,99993.77,100084.94
1706302800000,99993.77,100083.85
1706302800000,99993.77,100082.77
1706302800000,99993.77,100080.6
1706302800000,99993.77,100079.51
1706302800000,99993.77,100080.6
1706302800000,99993.77,100079.51
1706302800000,99993.77,100080.6
1706302800000,99993.77,100079.51
1706302800000,99993.77,100081.68
1706302800000,99993.77,100080.6
1706302800000,99993.77,100079.51
1706302800000,99993.77,100078.42
1706302800000,99993.77,100077.34
1706302800000,99993.77,100076.26
1706302800000,99993.77,100074.08
1706302800000,99993.77,100073.0
1706302800000,99993.77,100074.09
1706302800000,99993.77,100073.0
1706302800000,99993.77,100074.09
1706302800000,99993.77,100073.0
1706302800000,99993.77,100075.17
1706302800000,99993.77,100074.09
1706302800000,99993.77,100071.91
1706302800000,99993.77,100070.83
1706302800000,99993.77,100068.66
1706302800000,99993.77,100067.57
1706302800000,99993.77,100065.4
1706302800000,99993.77,100066.49
1706302800000,99993.77,100068.66
1706302800000,99993.77,100069.75
1706302800000,99993.77,100071.92
1706302800000,99993.77,100073.0
1706302800000,99993.77,100075.17
1706302800000,99993.77,100076.26
1706302800000,99993.77,100075.17
1706302800000,99993.77,100076.26
1706302800000,99993.77,100074.09
1706302800000,99993.77,100075.17
1706302800000,99993.77,100071.92
1706302800000,99993.77,100073.0
1706302800000,99993.77,100071.92
1706302800000,99993.77,100074.09
1706302800000,99993.77,100073.0
1706302800000,99993.77,100075.18
1706302800000,99993.77,100074.09
1706302800000,99993.77,100076.26
1706302800000,99993.77,100075.18
1706302800000,99993.77,100079.51
1706302800000,99993.77,100078.43
1706302800000,99993.77,100076.26
1706302800000,99993.77,100074.09
1706302800000,99993.77,100071.92
1706302800000,99993.77,100073.0
1706302800000,99993.77,100071.92
1706302800000,99993.77,100074.09
1706302800000,99993.77,100073.0
1706302800000,99993.77,100071.92
1706302800000,99993.77,100070.84
1706302800000,99993.77,100071.92
1706302800000,99993.77,100073.0
1706302800000,99993.77,100075.18
1706302800000,99993.77,100074.09
1706302800000,99993.77,100075.18
1706302800000,99993.77,100074.09
1706302800000,99993.77,100075.18
1706302800000,99993.77,100076.26
1706302800000,99993.77,100078.43
1706302800000,99993.77,100077.34
1706302800000,99993.77,100078.43
1706302800000,99993.77,100077.35
1706302800000,99993.77,100078.43
1706302800000,99993.77,100079.52
1706302800000,99993.77,100081.68
1706302800000,99993.77,100080.6
1706302800000,99993.77,100081.68
1706302800000,99993.77,100080.6
1706302800000,99993.77,100079.51
1706302800000,99993.77,100080.59
1706302800000,99993.77,100079.51
1706302800000,99993.77,100081.68
1706302800000,99993.77,100080.6
1706302800000,99993.77,100082.76
1706302800000,99993.77,100081.68
1706302800000,99993.77,100082.76
1706302800000,99993.77,100081.68
1706302800000,99993.77,100088.19
1706302800000,99993.77,100089.27
1706302800000,99993.77,100088.19
1706302800000,99993.77,100089.27
1706302800000,99993.77,100088.19
1706302800000,99993.77,100089.28
1706302800000,99993.77,100088.19
1706302800000,99993.77,100089.28
1706302800000,99993.77,100088.19
1706302800000,99993.77,100089.28
1706302800000,99993.77,100088.19
1706302800000,99993.77,100089.28
1706302800000,99993.77,100088.19
1706302800000,99993.77,100089.28
1706302800000,99993.77,100088.2
1706302800000,99993.77,100089.28
1706302800000,99993.77,100088.2
1706302800000,99993.77,100087.11
1706302800000,99993.77,100086.02
1706302800000,99993.77,100084.93
1706302800000,99993.77,100083.85
1706302800000,99993.77,100084.93
1706302800000,99993.77,100083.85
1706302800000,99993.77,100084.93
1706302800000,99993.77,100083.85
1706302800000,99993.77,100084.94
1706302800000,99993.77,100083.85
1706302800000,99993.77,100082.76
1706302800000,99993.77,100081.67
1706302800000,99993.77,100080.59
1706302800000,99993.77,100079.5
1706302800000,99993.77,100080.59
1706302800000,99993.77,100079.5
1706302800000,99993.77,100080.59
1706302800000,99993.77,100079.5
1706302800000,99993.77,100080.59
1706302800000,99993.77,100079.5
1706302800000,99993.77,100078.41
1706302800000,99993.77,100077.33
1706302800000,99993.77,100076.24
1706302800000,99993.77,100075.16
1706302800000,99993.77,100076.24
1706302800000,99993.77,100078.41
1706302800000,99993.77,100079.5
1706302800000,99993.77,100081.67
1706302800000,99993.77,100083.84
1706302800000,99993.77,100082.75
1706302800000,99993.77,100083.84
1706302800000,99993.77,100081.67
1706302800000,99993.77,100082.75
1706302800000,99993.77,100080.58
1706302800000,99993.77,100081.67
1706302800000,99993.77,100080.58
1706302800000,99993.77,100082.75
1706302800000,99993.77,100081.67
1706302800000,99993.77,100082.75
1706302800000,99993.77,100081.67
1706302800000,99993.77,100083.84
1706302800000,99993.77,100082.75
1706302800000,99993.77,100087.1
1706302800000,99993.77,100086.01
1706302800000,99993.77,100087.1
1706302800000,99993.77,100084.93
1706302800000,99993.77,100086.01
1706302800000,99993.77,100083.84
1706302800000,99993.77,100084.93
1706302800000,99993.77,100080.59
1706302800000,99993.77,100081.67
1706302800000,99993.77,100080.59
1706302800000,99993.77,100081.68
1706302800000,99993.77,100080.59
1706302800000,99993.77,100081.68
1706302800000,99993.77,100080.59
1706302800000,99993.77,100082.76
1706302800000,99993.77,100081.68
1706302800000,99993.77,100082.76
1706302800000,99993.77,100080.59
1706302800000,99993.77,100081.68
1706302800000,99993.77,100080.59
1706302800000,99993.77,100081.67
1706302800000,99993.77,100078.42
1706302800000,99993.77,100079.5
1706302800000,99993.77,100080.59
1706302800000,99993.77,100081.68
1706302800000,99993.77,100082.76
1706302800000,99993.77,100083.85
1706302800000,99993.77,100084.93
1706302800000,99993.77,100086.02
1706302800000,99993.77,100084.93
1706302800000,99993.77,100086.02
1706302800000,99993.77,100084.93
1706302800000,99993.77,100086.02
1706302800000,99993.77,100084.93
1706302800000,99993.77,100086.02
1706302800000,99993.77,100084.93
1706302800000,99993.77,100086.02
1706302800000,99993.77,100087.1
1706302800000,99993.77,100088.19
1706302800000,99993.77,100089.27
1706302800000,99993.77,100090.36
1706302800000,99993.77,100091.44
1706302800000,99993.77,100092.53
1706302800000,99993.77,100091.44
1706302800000,99993.77,100092.52
1706302800000,99993.77,100091.44
1706302800000,99993.77,100092.52
1706302800000,99993.77,100091.44
1706302800000,99993.77,100092.52
1706302800000,99993.77,100091.44
1706302800000,99993.77,100092.53
1706302800000,99993.77,100093.61
1706302800000,99993.77,100094.7
1706302800000,99993.77,100095.78
1706302800000,99993.77,100096.87
1706302800000,99993.77,100097.95
1706302800000,99993.77,100100.12
1706302800000,99993.77,100099.04
1706302800000,99993.77,100100.12
1706302800000,99993.77,100099.04
1706302800000,99993.77,100100.12
1706302800000,99993.77,100099.04
1706302800000,99993.77,100100.12
1706302800000,99993.77,100099.04
1706302800000,99993.77,100100.12
1706302800000,99993.77,100099.03
1706302800000,99993.77,100100.12
1706302800000,99993.77,100099.03
1706302800000,99993.77,100100.12
1706302800000,99993.77,100099.04
1706302800000,99993.77,100100.12
1706302800000,99993.77,100099.04
1706302800000,99993.77,100100.12
1706302800000,99993.77,100099.03
1706302800000,99993.77,100100.12
1706302800000,99993.77,100099.03
1706302800000,99993.77,100100.12
1706302800000,99993.77,100099.03
1706302800000,99993.77,100100.12
1706302800000,99993.77,100099.03
1706302800000,99993.77,100100.12
1706302800000,99993.77,100099.03
1706302800000,99993.77,100100.12
1706302800000,99993.77,100099.03
1706302800000,99993.77,100100.12
1706302800000,99993.77,100099.03
1706302800000,99993.77,100100.12
1706302800000,99993.77,100099.03
1706302800000,99993.77,100097.94
1706302800000,99993.77,100096.86
1706302800000,99993.77,100097.94
1706302800000,99993.77,100096.86
1706302800000,99993.77,100099.03
1706302800000,99993.77,100097.94
1706302800000,99993.77,100101.2
1706302800000,99993.77,100102.28
1706302800000,99993.77,100101.19
1706302800000,99993.77,100102.28
1706302800000,99993.77,100101.2
1706302800000,99993.77,100102.28
1706302800000,99993.77,100100.11
1706302800000,99993.77,100099.03
1706302800000,99993.77,100100.11
1706302800000,99993.77,100099.03
1706302800000,99993.77,100100.11
1706302800000,99993.77,100099.02
1706302800000,99993.77,100102.28
1706302800000,99993.77,100101.2
1706302800000,99993.77,100100.11
1706302800000,99993.77,100099.03
1706302800000,99993.77,100097.94
1706302800000,99993.77,100096.86
1706302800000,99993.77,100095.77
1706302800000,99993.77,100094.69
1706302800000,99993.77,100095.77
1706302800000,99993.77,100094.69
1706302800000,99993.77,100095.77
1706302800000,99993.77,100094.68
1706302800000,99993.77,100096.86
1706302800000,99993.77,100095.77
1706302800000,99993.77,100094.69
1706302800000,99993.77,100093.6
1706302800000,99993.77,100092.52
1706302800000,99993.77,100091.43
1706302800000,99993.77,100090.35
1706302800000,99993.77,100089.26
1706302800000,99993.77,100090.35
1706302800000,99993.77,100089.26
1706302800000,99993.77,100090.35
1706302800000,99993.77,100089.26
1706302800000,99993.77,100091.43
1706302800000,99993.77,100090.35
1706302800000,99993.77,100089.26
1706302800000,99993.77,100087.09
1706302800000,99993.77,100086.01
1706302800000,99993.77,100084.93
1706302800000,99993.77,100082.76
1706302800000,99993.77,100083.84
1706302800000,99993.77,100082.76
1706302800000,99993.77,100083.84
1706302800000,99993.77,100082.75
1706302800000,99993.77,100083.84
1706302800000,99993.77,100084.92
1706302800000,99993.77,100083.84
1706302800000,99993.77,100084.92
1706302800000,99993.77,100083.84
1706302800000,99993.77,100084.92
1706302800000,99993.77,100082.75
1706302800000,99993.77,100083.84
1706302800000,99993.77,100082.75
1706302800000,99993.77,100083.84
1706302800000,99993.77,100082.75
1706302800000,99993.77,100083.84
1706302800000,99993.77,100082.75
1706302800000,99993.77,100083.84
1706302800000,99993.77,100082.75
1706302800000,99993.77,100083.84
1706302800000,99993.77,100082.75
1706302800000,99993.77,100083.84
1706302800000,99993.77,100082.75
1706302800000,99993.77,100084.92
1706302800000,99993.77,100086.01
1706302800000,99993.77,100084.92
1706302800000,99993.77,100083.84
1706302800000,99993.77,100082.75
1706302800000,99993.77,100081.66
1706302800000,99993.77,100080.58
1706302800000,99993.77,100081.66
1706302800000,99993.77,100080.57
1706302800000,99993.77,100081.66
1706302800000,99993.77,100080.57
1706302800000,99993.77,100082.74
1706302800000,99993.77,100081.66
1706302800000,99993.77,100082.74
1706302800000,99993.77,100080.57
1706302800000,99993.77,100081.66
1706302800000,99993.77,100079.49
1706302800000,99993.77,100081.66
1706302800000,99993.77,100083.83
1706302800000,99993.77,100086.0
1706302800000,99993.77,100088.17
1706302800000,99993.77,100090.34
1706302800000,99993.77,100089.25
1706302800000,99993.77,100090.33
1706302800000,99993.77,100089.25
1706302800000,99993.77,100090.33
1706302800000,99993.77,100089.25
1706302800000,99993.77,100091.42
1706302800000,99993.77,100093.59
1706302800000,99993.77,100095.76
1706302800000,99993.77,100097.93
1706302800000,99993.77,100100.1
1706302800000,99993.77,100099.01
1706302800000,99993.77,100100.1
1706302800000,99993.77,100099.01
1706302800000,99993.77,100100.1
1706302800000,99993.77,100099.01
1706302800000,99993.77,100101.18
1706302800000,99993.77,100103.35
1706302800000,99993.77,100105.51
1706302800000,99993.77,100107.68
1706302800000,99993.77,100109.85
1706302800000,99993.77,100108.77
1706302800000,99993.77,100107.69
1706302800000,99993.77,100105.52
1706302800000,99993.77,100104.43
1706302800000,99993.77,100102.26
1706302800000,99993.77,100103.34
1706302800000,99993.77,100102.26
1706302800000,99993.77,100103.34
1706302800000,99993.77,100102.25
1706302800000,99993.77,100104.42
1706302800000,99993.77,100105.51
1706302800000,99993.77,100104.43
1706302800000,99993.77,100105.51
1706302800000,99993.77,100104.43
1706302800000,99993.77,100105.51
1706302800000,99993.77,100104.43
1706302800000,99993.77,100105.51
1706302800000,99993.77,100103.34
1706302800000,99993.77,100104.43
1706302800000,99993.77,100103.34
1706302800000,99993.77,100104.43
1706302800000,99993.77,100103.34
1706302800000,99993.77,100104.43
1706302800000,99993.77,100103.34
1706302800000,99993.77,100104.43
1706302800000,99993.77,100100.09
1706302800000,99993.77,100099.01
1706302800000,99993.77,100100.09
1706302800000,99993.77,100099.01
1706302800000,99993.77,100100.09
1706302800000,99993.77,100099.01
1706302800000,99993.77,100100.09
1706302800000,99993.77,100099.01
1706302800000,99993.77,100100.1
1706302800000,99993.77,100099.01
1706302800000,99993.77,100100.1
1706302800000,99993.77,100099.01
1706302800000,99993.77,100100.09
1706302800000,99993.77,100099.01
1706302800000,99993.77,100100.09
1706302800000,99993.77,100099.01
1706302800000,99993.77,100101.18
1706302800000,99993.77,100100.1
1706302800000,99993.77,100099.01
1706302800000,99993.77,100097.93
1706302800000,99993.77,100096.84
1706302800000,99993.77,100095.76
1706302800000,99993.77,100096.84
1706302800000,99993.77,100095.76
1706302800000,99993.77,100096.84
1706302800000,99993.77,100095.76
1706302800000,99993.77,100096.84
1706302800000,99993.77,100095.76
1706302800000,99993.77,100094.67
1706302800000,99993.77,100093.59
1706302800000,99993.77,100092.51
1706302800000,99993.77,100091.42
1706302800000,99993.77,100092.51
1706302800000,99993.77,100091.42
1706302800000,99993.77,100092.5
1706302800000,99993.77,100091.42
1706302800000,99993.77,100092.5
1706302800000,99993.77,100091.42
1706302800000,99993.77,100090.34
1706302800000,99993.77,100088.17
1706302800000,99993.77,100087.08
1706302800000,99993.77,100084.91
1706302800000,99993.77,100085.99
1706302800000,99993.77,100088.16
1706302800000,99993.77,100090.33
1706302800000,99993.77,100092.5
1706302800000,99993.77,100094.67
1706302800000,99993.77,100093.58
1706302800000,99993.77,100094.67
1706302800000,99993.77,100092.5
1706302800000,99993.77,100093.59
1706302800000,99993.77,100091.42
1706302800000,99993.77,100090.33
1706302800000,99993.77,100091.42
1706302800000,99993.77,100090.33
1706302800000,99993.77,100092.5
1706302800000,99993.77,100091.42
1706302800000,99993.77,100093.59
1706302800000,99993.77,100092.5
1706302800000,99993.77,100097.93
1706302800000,99993.77,100093.58
1706302800000,99993.77,100090.33
1706302800000,99993.77,100087.08
1706302800000,99993.77,100083.82
1706302800000,99993.77,100084.91
1706302800000,99993.77,100085.99
1706302800000,99993.77,100087.08
1706302800000,99993.77,100086.0
1706302800000,99993.77,100083.83
1706302800000,99993.77,100081.65
1706302800000,99993.77,100083.82
1706302800000,99993.77,100087.08
1706302800000,99993.77,100090.33
1706302800000,99993.77,100089.25
1706302800000,99993.77,100090.34
1706302800000,99993.77,100089.25
1706302800000,99993.77,100091.42
1706302800000,99993.77,100094.67
1706302800000,99993.77,100097.92
1706302800000,99993.77,100096.84
1706302800000,99993.77,100097.93
1706302800000,99993.77,100096.84
1706302800000,99993.77,100100.09
1706302800000,99993.77,100103.35
1706302800000,99993.77,100107.69
1706302800000,99993.77,100106.6
1706302800000,99993.77,100107.68
1706302800000,99993.77,100105.51
1706302800000,99993.77,100106.6
1706302800000,99993.77,100105.52
1706302800000,99993.77,100106.59
1706302800000,99993.77,100105.51
1706302800000,99993.77,100106.6
1706302800000,99993.77,100105.51
1706302800000,99993.77,100106.59
1706302800000,99993.77,100105.51
1706302800000,99993.77,100106.6
1706302800000,99993.77,100105.51
1706302800000,99993.77,100106.6
1706302800000,99993.77,100105.51
1706302800000,99993.77,100107.68
1706302800000,99993.77,100109.85
1706302800000,99993.77,100110.94
1706302800000,99993.77,100108.77
1706302800000,99993.77,100109.85
1706302800000,99993.77,100112.02
1706302800000,99993.77,100109.86
1706302800000,99993.77,100107.69
1706302800000,99993.77,100106.6
1706302800000,99993.77,100108.77
1706302800000,99993.77,100106.6
1706302800000,99993.77,100104.43
1706302800000,99993.77,100103.34
1706302800000,99993.77,100105.51
1706302800000,99993.77,100102.26
1706302800000,99993.77,100099.0
1706302800000,99993.77,100100.08
1706302800000,99993.77,100101.17
1706302800000,99993.77,100099.0
1706302800000,99993.77,100100.08
1706302800000,99993.77,100099.0
1706302800000,99993.77,100097.92
1706302800000,99993.77,100095.74
1706302800000,99993.77,100094.66
1706302800000,99993.77,100096.83
1706302800000,99993.77,100095.74
1706302800000,99993.77,100094.66
1706302800000,99993.77,100096.83
1706302800000,99993.77,100099.0
1706302800000,99993.77,100100.08
1706302800000,99993.77,100097.91
1706302800000,99993.77,100100.08
1706302800000,99993.77,100102.25
1706302800000,99993.77,100103.34
1706302800000,99993.77,100101.17
1706302800000,99993.77,100102.25
1706302800000,99993.77,100103.34
1706302800000,99993.77,100105.51
1706302800000,99993.77,100104.43
1706302800000,99993.77,100103.34
1706302800000,99993.77,100102.26
1706302800000,99993.77,100103.34
1706302800000,99993.77,100102.26
1706302800000,99993.77,100103.34
1706302800000,99993.77,100104.43
1706302800000,99993.77,100103.35
1706302800000,99993.77,100104.43
1706302800000,99993.77,100101.18
1706302800000,99993.77,100101.17
1706302800000,99993.77,100097.92
1706302800000,99993.77,100094.67
1706302800000,99993.77,100095.75
1706302800000,99993.77,100094.67
1706302800000,99993.77,100096.84
1706302800000,99993.77,100095.75
1706302800000,99993.77,100094.67
1706302800000,99993.77,100092.5
1706302800000,99993.77,100093.58
1706302800000,99993.77,100095.76
1706302800000,99993.77,100097.92
1706302800000,99993.77,100096.84
1706302800000,99993.77,100097.92
1706302800000,99993.77,100096.84
1706302800000,99993.77,100097.92
1706302800000,99993.77,100100.09
1706302800000,99993.77,100102.26
1706302800000,99993.77,100101.18
1706302800000,99993.77,100102.27
1706302800000,99993.77,100101.18
1706302800000,99993.77,100102.27
1706302800000,99993.77,100104.43
1706302800000,99993.77,100106.6
1706302800000,99993.77,100105.52
1706302800000,99993.77,100106.61
1706302800000,99993.77,100105.52
1706302800000,99993.77,100106.6
1706302800000,99993.77,100108.77
1706302800000,99993.77,100110.94
1706302800000,99993.77,100113.11
1706302800000,99993.77,100108.77
1706302800000,99993.77,100104.43
1706302800000,99993.77,100103.35
1706302800000,99993.77,100105.52
1706302800000,99993.77,100101.18
1706302800000,99993.77,100096.84
1706302800000,99993.77,100095.75
1706302800000,99993.77,100097.92
1706302800000,99993.77,100095.76
1706302800000,99993.77,100092.5
1706302800000,99993.77,100089.25
1706302800000,99993.77,100090.33
1706302800000,99993.77,100089.25
1706302800000,99993.77,100090.33
1706302800000,99993.77,100087.08
1706302800000,99993.77,100083.82
1706302800000,99993.77,100079.48
1706302800000,99993.77,100081.65
1706302800000,99993.77,100083.82
1706302800000,99993.77,100085.99
1706302800000,99993.77,100084.91
1706302800000,99993.77,100085.99
1706302800000,99993.77,100083.82
1706302800000,99993.77,100084.91
1706302800000,99993.77,100085.99
1706302800000,99993.77,100087.08
1706302800000,99993.77,100089.25
1706306400000,99993.77,100084.9
1706306400000,99993.77,100083.82
1706306400000,99993.77,100081.65
1706306400000,99993.77,100082.74
1706306400000,99993.77,100081.65
1706306400000,99993.77,100082.74
1706306400000,99993.77,100081.65
1706306400000,99993.77,100082.74
1706306400000,99993.77,100081.65
1706306400000,99993.77,100082.74
1706306400000,99993.77,100083.82
1706306400000,99993.77,100085.99
1706306400000,99993.77,100084.91
1706306400000,99993.77,100085.99
1706306400000,99993.77,100084.91
1706306400000,99993.77,100085.99
1706306400000,99993.77,100087.08
1706306400000,99993.77,100089.24
1706306400000,99993.77,100088.16
1706306400000,99993.77,100089.24
1706306400000,99993.77,100088.16
1706306400000,99993.77,100089.24
1706306400000,99993.77,100091.41
1706306400000,99993.77,100093.58
1706306400000,99993.77,100092.49
1706306400000,99993.77,100091.41
1706306400000,99993.77,100090.32
1706306400000,99993.77,100091.41
1706306400000,99993.77,100090.32
1706306400000,99993.77,100091.41
1706306400000,99993.77,100092.49
1706306400000,99993.77,100091.41
1706306400000,99993.77,100092.49
1706306400000,99993.77,100089.24
1706306400000,99993.77,100085.98
1706306400000,99993.77,100084.9
1706306400000,99993.77,100082.73
1706306400000,99993.77,100083.82
1706306400000,99993.77,100082.73
1706306400000,99993.77,100083.82
1706306400000,99993.77,100082.73
1706306400000,99993.77,100083.82
1706306400000,99993.77,100081.65
1706306400000,99993.77,100083.81
1706306400000,99993.77,100085.98
1706306400000,99993.77,100088.15
1706306400000,99993.77,100087.07
1706306400000,99993.77,100088.15
1706306400000,99993.77,100087.06
1706306400000,99993.77,100089.24
1706306400000,99993.77,100091.4
1706306400000,99993.77,100093.58
1706306400000,99993.77,100092.49
1706306400000,99993.77,100093.57
1706306400000,99993.77,100092.49
1706306400000,99993.77,100094.66
1706306400000,99993.77,100096.82
1706306400000,99993.77,100098.99
1706306400000,99993.77,100096.82
1706306400000,99993.77,100094.66
1706306400000,99993.77,100092.49
1706306400000,99993.77,100093.57
1706306400000,99993.77,100092.49
1706306400000,99993.77,100094.66
1706306400000,99993.77,100093.57
1706306400000,99993.77,100092.49
1706306400000,99993.77,100091.4
1706306400000,99993.77,100090.31
1706306400000,99993.77,100091.4
1706306400000,99993.77,100090.32
1706306400000,99993.77,100091.4
1706306400000,99993.77,100089.23
1706306400000,99993.77,100090.31
1706306400000,99993.77,100089.23
1706306400000,99993.77,100090.32
1706306400000,99993.77,100089.23
1706306400000,99993.77,100090.32
1706306400000,99993.77,100089.23
1706306400000,99993.77,100091.4
1706306400000,99993.77,100094.66
1706306400000,99993.77,100097.91
1706306400000,99993.77,100096.83
1706306400000,99993.77,100097.91
1706306400000,99993.77,100096.83
1706306400000,99993.77,100099.0
1706306400000,99993.77,100102.25
1706306400000,99993.77,100105.51
1706306400000,99993.77,100104.42
1706306400000,99993.77,100105.51
1706306400000,99993.77,100104.42
1706306400000,99993.77,100107.68
1706306400000,99993.77,100110.94
1706306400000,99993.77,100115.27
1706306400000,99993.77,100113.11
1706306400000,99993.77,100110.93
1706306400000,99993.77,100108.77
1706306400000,99993.77,100109.85
1706306400000,99993.77,100108.76
1706306400000,99993.77,100110.94
1706306400000,99993.77,100109.85
1706306400000,99993.77,100108.77
1706306400000,99993.77,100107.68
1706306400000,99993.77,100106.6
1706306400000,99993.77,100109.85
1706306400000,99993.77,100113.1
1706306400000,99993.77,100112.02
1706306400000,99993.77,100110.93
1706306400000,99993.77,100113.1
1706306400000,99993.77,100116.36
1706306400000,99993.77,100114.19
1706306400000,99993.77,100112.02
1706306400000,99993.77,100110.93
1706306400000,99993.77,100113.1
1706306400000,99993.77,100112.02
1706306400000,99993.77,100110.93
1706306400000,99993.77,100108.76
1706306400000,99993.77,100109.85
1706306400000,99993.77,100108.76
1706306400000,99993.77,100109.84
1706306400000,99993.77,100108.76
1706306400000,99993.77,100107.67
1706306400000,99993.77,100105.5
1706306400000,99993.77,100106.59
1706306400000,99993.77,100105.5
1706306400000,99993.77,100106.59
1706306400000,99993.77,100105.5
1706306400000,99993.77,100104.42
1706306400000,99993.77,100103.34
1706306400000,99993.77,100101.16
1706306400000,99993.77,100101.17
1706306400000,99993.77,100100.08
1706306400000,99993.77,100099.0
1706306400000,99993.77,100100.08
1706306400000,99993.77,100101.17
1706306400000,99993.77,100099.0
1706306400000,99993.77,100102.25
1706306400000,99993.77,100106.59
1706306400000,99993.77,100105.5
1706306400000,99993.77,100113.1
1706306400000,99993.77,100112.01
1706306400000,99993.77,100120.68
1706306400000,99993.77,100117.43
1706306400000,99993.77,100118.51
1706306400000,99993.77,100119.6
1706306400000,99993.77,100117.43
1706306400000,99993.77,100114.18
1706306400000,99993.77,100110.92
1706306400000,99993.77,100112.01
1706306400000,99993.77,100113.1
1706306400000,99993.77,100112.01
1706306400000,99993.77,100109.84
1706306400000,99993.77,100112.01
1706306400000,99993.77,100115.27
1706306400000,99993.77,100116.35
1706306400000,99993.77,100114.18
1706306400000,99993.77,100116.35
1706306400000,99993.77,100119.6
1706306400000,99993.77,100120.68
1706306400000,99993.77,100118.51
1706306400000,99993.77,100121.76
1706306400000,99993.77,100126.1
1706306400000,99993.77,100122.85
1706306400000,99993.77,100123.93
1706306400000,99993.77,100125.02
1706306400000,99993.77,100122.85
1706306400000,99993.77,100118.51
1706306400000,99993.77,100119.6
1706306400000,99993.77,100115.26
1706306400000,99993.77,100116.35
1706306400000,99993.77,100112.01
1706306400000,99993.77,100113.09
1706306400000,99993.77,100105.5
1706306400000,99993.77,100108.76
1706306400000,99993.77,100107.68
1706306400000,99993.77,100104.43
1706306400000,99993.77,100100.09
1706306400000,99993.77,100101.17
1706306400000,99993.77,100102.26
1706306400000,99993.77,100100.09
1706306400000,99993.77,100097.92
1706306400000,99993.77,100100.09
1706306400000,99993.77,100102.26
1706306400000,99993.77,100103.34
1706306400000,99993.77,100101.17
1706306400000,99993.77,100103.34
1706306400000,99993.77,100105.51
1706306400000,99993.77,100106.6
1706306400000,99993.77,100104.43
1706306400000,99993.77,100106.59
1706306400000,99993.77,100109.85
1706306400000,99993.77,100108.76
1706306400000,99993.77,100107.68
1706306400000,99993.77,100106.6
1706306400000,99993.77,100108.77
1706306400000,99993.77,100109.85
1706306400000,99993.77,100108.77
1706306400000,99993.77,100109.85
1706306400000,99993.77,100107.68
1706306400000,99993.77,100105.51
1706306400000,99993.77,100103.35
1706306400000,99993.77,100102.26
1706306400000,99993.77,100104.43
1706306400000,99993.77,100103.35
1706306400000,99993.77,100102.26
1706306400000,99993.77,100105.51
1706306400000,99993.77,100109.85
1706306400000,99993.77,100108.76
1706306400000,99993.77,100116.35
1706306400000,99993.77,100115.27
1706306400000,99993.77,100122.86
1706306400000,99993.77,100119.61
1706306400000,99993.77,100120.69
1706306400000,99993.77,100121.77
1706306400000,99993.77,100119.61
1706306400000,99993.77,100120.69
1706306400000,99993.77,100121.78
1706306400000,99993.77,100120.69
1706306400000,99993.77,100122.86
1706306400000,99993.77,100121.78
1706306400000,99993.77,100123.95
1706306400000,99993.77,100122.86
1706306400000,99993.77,100125.02
1706306400000,99993.77,100123.94
1706306400000,99993.77,100126.11
1706306400000,99993.77,100125.03
1706306400000,99993.77,100126.11
1706306400000,99993.77,100128.28
1706306400000,99993.77,100126.11
1706306400000,99993.77,100123.95
1706306400000,99993.77,100122.86
1706306400000,99993.77,100125.03
1706306400000,99993.77,100122.86
1706306400000,99993.77,100120.69
1706306400000,99993.77,100119.61
1706306400000,99993.77,100121.78
1706306400000,99993.77,100119.61
1706306400000,99993.77,100117.44
1706306400000,99993.77,100118.53
1706306400000,99993.77,100112.02
1706306400000,99993.77,100113.11
1706306400000,99993.77,100112.02
1706306400000,99993.77,100113.11
1706306400000,99993.77,100114.19
1706306400000,99993.77,100114.2
1706306400000,99993.77,100115.28
1706306400000,99993.77,100112.02
1706306400000,99993.77,100115.28
1706306400000,99993.77,100114.19
1706306400000,99993.77,100117.44
1706306400000,99993.77,100116.36
1706306400000,99993.77,100119.61
1706306400000,99993.77,100118.53
1706306400000,99993.77,100121.78
1706306400000,99993.77,100120.7
1706306400000,99993.77,100118.53
1706306400000,99993.77,100117.45
1706306400000,99993.77,100119.61
1706306400000,99993.77,100118.53
1706306400000,99993.77,100117.45
1706306400000,99993.77,100118.53
1706306400000,99993.77,100120.7
1706306400000,99993.77,100121.78
1706306400000,99993.77,100119.62
1706306400000,99993.77,100120.7
1706306400000,99993.77,100122.87
1706306400000,99993.77,100123.95
1706306400000,99993.77,100121.78
1706306400000,99993.77,100126.12
1706306400000,99993.77,100123.95
1706306400000,99993.77,100125.03
1706306400000,99993.77,100126.12
1706306400000,99993.77,100123.95
1706306400000,99993.77,100126.12
1706306400000,99993.77,100123.95
1706306400000,99993.77,100121.78
1706306400000,99993.77,100120.69
1706306400000,99993.77,100122.87
1706306400000,99993.77,100120.69
1706306400000,99993.77,100118.53
1706306400000,99993.77,100117.45
1706306400000,99993.77,100119.61
1706306400000,99993.77,100115.28
1706306400000,99993.77,100116.37
1706306400000,99993.77,100110.94
1706306400000,99993.77,100114.2
1706306400000,99993.77,100113.12
1706306400000,99993.77,100114.2
1706306400000,99993.77,100115.29
1706306400000,99993.77,100115.28
1706306400000,99993.77,100119.62
1706306400000,99993.77,100125.04
1706306400000,99993.77,100126.13
1706306400000,99993.77,100123.96
1706306400000,99993.77,100128.3
1706306400000,99993.77,100133.73
1706306400000,99993.77,100134.81
1706306400000,99993.77,100132.64
1706306400000,99993.77,100136.98
1706306400000,99993.77,100142.41
1706306400000,99993.77,100141.32
1706306400000,99993.77,100153.25
1706306400000,99993.77,100151.07
1706306400000,99993.77,100152.16
1706306400000,99993.77,100153.24
1706306400000,99993.77,100151.08
1706306400000,99993.77,100148.91
1706306400000,99993.77,100147.82
1706306400000,99993.77,100146.74
1706306400000,99993.77,100147.82
1706306400000,99993.77,100148.91
1706306400000,99993.77,100146.74
1706306400000,99993.77,100151.08
1706306400000,99993.77,100149.99
1706306400000,99993.77,100154.33
1706306400000,99993.77,100153.25
1706306400000,99993.77,100158.66
1706306400000,99993.77,100154.33
1706306400000,99993.77,100155.41
1706306400000,99993.77,100154.32
1706306400000,99993.77,100153.24
1706306400000,99993.77,100154.32
1706306400000,99993.77,100155.41
1706306400000,99993.77,100156.5
1706306400000,99993.77,100154.32
1706306400000,99993.77,100155.41
1706306400000,99993.77,100156.5
1706306400000,99993.77,100157.58
1706306400000,99993.77,100155.41
1706306400000,99993.77,100157.58
1706306400000,99993.77,100156.5
1706306400000,99993.77,100158.66
1706306400000,99993.77,100157.58
1706306400000,99993.77,100159.75
1706306400000,99993.77,100158.66
1706306400000,99993.77,100160.83
1706306400000,99993.77,100164.08
1706306400000,99993.77,100160.83
1706306400000,99993.77,100161.92
1706306400000,99993.77,100164.08
1706306400000,99993.77,100165.17
1706306400000,99993.77,100163.0
1706306400000,99993.77,100164.09
1706306400000,99993.77,100165.18
1706306400000,99993.77,100160.83
1706306400000,99993.77,100156.5
1706306400000,99993.77,100155.41
1706306400000,99993.77,100157.58
1706306400000,99993.77,100153.24
1706306400000,99993.77,100148.9
1706306400000,99993.77,100147.82
1706306400000,99993.77,100149.98
1706306400000,99993.77,100145.64
1706306400000,99993.77,100141.31
1706306400000,99993.77,100140.22
1706306400000,99993.77,100142.39
1706306400000,99993.77,100140.22
1706306400000,99993.77,100136.96
1706306400000,99993.77,100133.71
1706306400000,99993.77,100140.21
1706306400000,99993.77,100146.72
1706306400000,99993.77,100144.56
1706306400000,99993.77,100142.39
1706306400000,99993.77,100146.73
1706306400000,99993.77,100151.07
1706306400000,99993.77,100148.9
1706306400000,99993.77,100145.65
1706306400000,99993.77,100144.57
1706306400000,99993.77,100146.73
1706306400000,99993.77,100144.56
1706306400000,99993.77,100141.32
1706306400000,99993.77,100140.23
1706306400000,99993.77,100142.4
1706306400000,99993.77,100140.23
1706306400000,99993.77,100136.98
1706306400000,99993.77,100135.89
1706306400000,99993.77,100138.06
1706306400000,99993.77,100135.89
1706306400000,99993.77,100132.64
1706306400000,99993.77,100132.65
1706306400000,99993.77,100133.73
1706306400000,99993.77,100135.9
1706306400000,99993.77,100134.82
1706306400000,99993.77,100138.07
1706306400000,99993.77,100136.99
1706306400000,99993.77,100140.24
1706306400000,99993.77,100139.16
1706306400000,99993.77,100144.58
1706306400000,99993.77,100142.41
1706306400000,99993.77,100143.49
1706306400000,99993.77,100144.58
1706306400000,99993.77,100142.41
1706306400000,99993.77,100139.16
1706306400000,99993.77,100134.82
1706306400000,99993.77,100133.75
1706306400000,99993.77,100135.92
1706306400000,99993.77,100132.66
1706306400000,99993.77,100128.32
1706306400000,99993.77,100129.41
1706306400000,99993.77,100128.33
1706306400000,99993.77,100129.41
1706306400000,99993.77,100127.24
1706306400000,99993.77,100125.07
1706306400000,99993.77,100121.81
1706306400000,99993.77,100122.9
1706306400000,99993.77,100121.81
1706306400000,99993.77,100122.89
1706306400000,99993.77,100120.72
1706306400000,99993.77,100117.46
1706306400000,99993.77,100114.21
1706306400000,99993.77,100115.29
1706306400000,99993.77,100116.37
1706306400000,99993.77,100118.54
1706306400000,99993.77,100117.46
1706306400000,99993.77,100118.54
1706306400000,99993.77,100117.45
1706306400000,99993.77,100116.37
1706306400000,99993.77,100117.46
1706306400000,99993.77,100116.37
1706306400000,99993.77,100120.71
1706306400000,99993.77,100118.54
1706306400000,99993.77,100115.28
1706306400000,99993.77,100112.03
1706306400000,99993.77,100113.11
1706306400000,99993.77,100114.2
1706306400000,99993.77,100115.28
1706306400000,99993.77,100114.2
1706306400000,99993.77,100112.03
1706306400000,99993.77,100109.86
1706306400000,99993.77,100112.03
1706306400000,99993.77,100115.28
1706306400000,99993.77,100118.54
1706306400000,99993.77,100117.46
1706306400000,99993.77,100118.54
1706306400000,99993.77,100117.45
1706306400000,99993.77,100119.63
1706306400000,99993.77,100122.88
1706306400000,99993.77,100126.14
1706306400000,99993.77,100125.05
1706306400000,99993.77,100126.14
1706306400000,99993.77,100125.05
1706306400000,99993.77,100128.31
1706306400000,99993.77,100131.56
1706306400000,99993.77,100134.82
1706306400000,99993.77,100133.73
1706306400000,99993.77,100134.82
1706306400000,99993.77,100132.65
1706306400000,99993.77,100133.74
1706306400000,99993.77,100132.66
1706306400000,99993.77,100133.74
1706306400000,99993.77,100132.65
1706306400000,99993.77,100133.73
1706306400000,99993.77,100132.65
1706306400000,99993.77,100133.73
1706306400000,99993.77,100132.65
1706306400000,99993.77,100133.73
1706306400000,99993.77,100132.65
1706306400000,99993.77,100133.74
1706306400000,99993.77,100132.65
1706306400000,99993.77,100133.74
1706306400000,99993.77,100132.65
1706306400000,99993.77,100133.74
1706306400000,99993.77,100132.65
1706306400000,99993.77,100133.73
1706306400000,99993.77,100136.99
1706306400000,99993.77,100141.33
1706306400000,99993.77,100140.24
1706306400000,99993.77,100139.16
1706306400000,99993.77,100140.25
1706306400000,99993.77,100142.41
1706306400000,99993.77,100144.58
1706306400000,99993.77,100142.42
1706306400000,99993.77,100140.25
1706306400000,99993.77,100136.99
1706306400000,99993.77,100138.07
1706306400000,99993.77,100136.98
1706306400000,99993.77,100138.07
1706306400000,99993.77,100135.9
1706306400000,99993.77,100133.73
1706306400000,99993.77,100130.47
1706306400000,99993.77,100131.55
1706306400000,99993.77,100130.46
1706306400000,99993.77,100131.55
1706306400000,99993.77,100129.38
1706306400000,99993.77,100126.12
1706306400000,99993.77,100122.86
1706306400000,99993.77,100125.04
1706306400000,99993.77,100127.22
1706306400000,99993.77,100129.38
1706306400000,99993.77,100128.3
1706306400000,99993.77,100129.38
1706306400000,99993.77,100127.21
1706306400000,99993.77,100128.3
1706306400000,99993.77,100129.39
1706306400000,99993.77,100130.47
1706306400000,99993.77,100131.56
1706306400000,99993.77,100130.48
1706306400000,99993.77,100131.56
1706306400000,99993.77,100130.48
1706306400000,99993.77,100131.56
1706306400000,99993.77,100130.48
1706306400000,99993.77,100131.56
1706306400000,99993.77,100130.48
1706306400000,99993.77,100131.56
1706306400000,99993.77,100130.48
1706306400000,99993.77,100131.56
1706306400000,99993.77,100132.65
1706306400000,99993.77,100133.73
1706306400000,99993.77,100132.65
1706306400000,99993.77,100133.73
1706306400000,99993.77,100132.65
1706306400000,99993.77,100133.73
1706306400000,99993.77,100134.82
1706306400000,99993.77,100135.9
1706306400000,99993.77,100134.82
1706306400000,99993.77,100135.9
1706306400000,99993.77,100134.81
1706306400000,99993.77,100135.9
1706306400000,99993.77,100136.99
1706306400000,99993.77,100138.07
1706306400000,99993.77,100136.98
1706306400000,99993.77,100134.81
1706306400000,99993.77,100132.64
1706306400000,99993.77,100133.73
1706306400000,99993.77,100132.64
1706306400000,99993.77,100134.81
1706306400000,99993.77,100133.72
1706306400000,99993.77,100134.81
1706306400000,99993.77,100133.73
1706306400000,99993.77,100134.81
1706306400000,99993.77,100132.64
1706306400000,99993.77,100133.73
1706306400000,99993.77,100131.56
1706306400000,99993.77,100130.47
1706306400000,99993.77,100132.65
1706306400000,99993.77,100131.56
1706306400000,99993.77,100132.65
1706306400000,99993.77,100129.39
1706306400000,99993.77,100130.48
1706306400000,99993.77,100127.22
1706306400000,99993.77,100128.31
1706306400000,99993.77,100125.05
1706306400000,99993.77,100126.14
1706306400000,99993.77,100123.97
1706306400000,99993.77,100120.72
1706306400000,99993.77,100121.81
1706306400000,99993.77,100122.89
1706306400000,99993.77,100123.98
1706306400000,99993.77,100125.06
1706306400000,99993.77,100126.15
1706306400000,99993.77,100125.06
1706306400000,99993.77,100126.15
1706306400000,99993.77,100123.98
1706306400000,99993.77,100125.06
1706306400000,99993.77,100126.15
1706306400000,99993.77,100127.23
1706306400000,99993.77,100128.32
1706306400000,99993.77,100129.4
1706306400000,99993.77,100128.32
1706306400000,99993.77,100129.4
1706306400000,99993.77,100127.23
1706306400000,99993.77,100128.31
1706306400000,99993.77,100129.4
1706306400000,99993.77,100130.48
1706306400000,99993.77,100131.57
1706306400000,99993.77,100132.65
1706306400000,99993.77,100131.57
1706306400000,99993.77,100132.65
1706306400000,99993.77,100130.48
1706306400000,99993.77,100131.56
1706306400000,99993.77,100132.65
1706306400000,99993.77,100133.73
1706306400000,99993.77,100134.82
1706306400000,99993.77,100133.73
1706306400000,99993.77,100134.81
1706306400000,99993.77,100133.73
1706306400000,99993.77,100132.64
1706306400000,99993.77,100133.73
1706306400000,99993.77,100132.65
1706306400000,99993.77,100134.82
1706306400000,99993.77,100133.73
1706306400000,99993.77,100134.82
1706306400000,99993.77,100133.73
1706306400000,99993.77,100134.82
1706306400000,99993.77,100133.73
1706306400000,99993.77,100134.82
1706306400000,99993.77,100133.73
1706306400000,99993.77,100134.82
1706306400000,99993.77,100133.73
1706306400000,99993.77,100134.82
1706306400000,99993.77,100133.73
1706306400000,99993.77,100133.74
1706306400000,99993.77,100136.99
1706306400000,99993.77,100140.25
1706306400000,99993.77,100139.16
1706306400000,99993.77,100138.08
1706306400000,99993.77,100140.26
1706306400000,99993.77,100142.43
1706306400000,99993.77,100139.17
1706306400000,99993.77,100134.83
1706306400000,99993.77,100133.75
1706306400000,99993.77,100135.91
1706306400000,99993.77,100132.65
1706306400000,99993.77,100128.31
1706306400000,99993.77,100127.22
1706306400000,99993.77,100129.39
1706306400000,99993.77,100126.14
1706306400000,99993.77,100121.79
1706306400000,99993.77,100125.04
1706306400000,99993.77,100129.39
1706306400000,99993.77,100128.31
1706306400000,99993.77,100127.22
1706306400000,99993.77,100128.31
1706306400000,99993.77,100130.48
1706306400000,99993.77,100132.65
1706306400000,99993.77,100129.39
1706306400000,99993.77,100130.47
1706306400000,99993.77,100129.38
1706306400000,99993.77,100136.98
1706306400000,99993.77,100135.88
1706306400000,99993.77,100143.48
1706306400000,99993.77,100142.4
1706306400000,99993.77,100149.98
1706306400000,99993.77,100145.64
1706306400000,99993.77,100146.73
1706306400000,99993.77,100145.64
1706306400000,99993.77,100144.56
1706306400000,99993.77,100143.47
1706306400000,99993.77,100142.39
1706306400000,99993.77,100143.48
1706306400000,99993.77,100144.56
1706306400000,99993.77,100142.39
1706306400000,99993.77,100143.47
1706306400000,99993.77,100145.64
1706306400000,99993.77,100146.72
1706306400000,99993.77,100144.55
1706306400000,99993.77,100145.63
1706306400000,99993.77,100147.8
1706306400000,99993.77,100148.89
1706306400000,99993.77,100146.71
1706306400000,99993.77,100152.13
1706306400000,99993.77,100148.88
1706306400000,99993.77,100149.96
1706306400000,99993.77,100151.05
1706306400000,99993.77,100148.88
1706306400000,99993.77,100147.79
1706306400000,99993.77,100153.22
1706306400000,99993.77,100149.97
1706306400000,99993.77,100151.05
1706306400000,99993.77,100147.8
1706306400000,99993.77,100148.88
1706306400000,99993.77,100144.54
1706306400000,99993.77,100147.79
1706306400000,99993.77,100146.71
1706306400000,99993.77,100147.8
1706306400000,99993.77,100146.71
1706306400000,99993.77,100147.8
1706306400000,99993.77,100146.71
1706306400000,99993.77,100147.8
1706306400000,99993.77,100146.72
1706306400000,99993.77,100147.8
1706306400000,99993.77,100146.72
1706306400000,99993.77,100148.88
1706306400000,99993.77,100147.8
1706306400000,99993.77,100145.63
1706306400000,99993.77,100143.47
1706306400000,99993.77,100144.55
1706306400000,99993.77,100143.47
1706306400000,99993.77,100144.55
1706306400000,99993.77,100143.46
1706306400000,99993.77,100141.29
1706306400000,99993.77,100139.12
1706306400000,99993.77,100140.21
1706306400000,99993.77,100139.12
1706306400000,99993.77,100140.2
1706306400000,99993.77,100138.03
1706306400000,99993.77,100135.87
1706306400000,99993.77,100132.61
1706306400000,99993.77,100134.78
1706306400000,99993.77,100136.95
1706306400000,99993.77,100139.12
1706306400000,99993.77,100138.03
1706306400000,99993.77,100139.11
1706306400000,99993.77,100136.95
1706306400000,99993.77,100138.03
1706306400000,99993.77,100139.11
1706306400000,99993.77,100140.2
1706306400000,99993.77,100142.37
1706306400000,99993.77,100139.12
1706306400000,99993.77,100136.96
1706306400000,99993.77,100133.71
1706306400000,99993.77,100132.62
1706306400000,99993.77,100134.79
1706306400000,99993.77,100132.62
1706306400000,99993.77,100129.37
1706306400000,99993.77,100128.28
1706306400000,99993.77,100130.45
1706306400000,99993.77,100128.28
1706306400000,99993.77,100125.03
1706306400000,99993.77,100123.95
1706306400000,99993.77,100126.12
1706306400000,99993.77,100123.94
1706306400000,99993.77,100120.69
1706306400000,99993.77,100119.61
1706306400000,99993.77,100121.78
1706306400000,99993.77,100119.61
1706306400000,99993.77,100116.36
1706306400000,99993.77,100115.27
1706306400000,99993.77,100117.44
1706306400000,99993.77,100115.27
1706306400000,99993.77,100113.1
1706306400000,99993.77,100109.85
1706306400000,99993.77,100112.02
1706306400000,99993.77,100114.19
1706306400000,99993.77,100117.44
1706306400000,99993.77,100116.36
1706306400000,99993.77,100117.44
1706306400000,99993.77,100115.27
1706306400000,99993.77,100116.36
1706306400000,99993.77,100118.53
1706306400000,99993.77,100120.7
1706306400000,99993.77,100119.61
1706306400000,99993.77,100118.52
1706306400000,99993.77,100116.35
1706306400000,99993.77,100117.44
1706306400000,99993.77,100116.36
1706306400000,99993.77,100117.44
1706306400000,99993.77,100116.36
1706306400000,99993.77,100115.27
1706306400000,99993.77,100113.11
1706306400000,99993.77,100114.19
1706306400000,99993.77,100113.1
1706306400000,99993.77,100114.19
1706306400000,99993.77,100112.02
1706306400000,99993.77,100109.85
1706306400000,99993.77,100107.68
1706306400000,99993.77,100108.77
1706306400000,99993.77,100107.68
1706306400000,99993.77,100108.76
1706306400000,99993.77,100107.68
1706306400000,99993.77,100108.77
1706306400000,99993.77,100107.68
1706306400000,99993.77,100108.76
1706306400000,99993.77,100107.68
1706306400000,99993.77,100108.77
1706306400000,99993.77,100107.68
1706306400000,99993.77,100108.77
1706306400000,99993.77,100107.68
1706306400000,99993.77,100108.77
1706306400000,99993.77,100108.76
1706306400000,99993.77,100112.02
1706306400000,99993.77,100115.27
1706306400000,99993.77,100114.19
1706306400000,99993.77,100113.1
1706306400000,99993.77,100115.27
1706306400000,99993.77,100118.53
1706306400000,99993.77,100116.35
1706306400000,99993.77,100114.19
1706306400000,99993.77,100113.1
1706306400000,99993.77,100115.27
1706306400000,99993.77,100113.1
1706306400000,99993.77,100110.93
1706306400000,99993.77,100109.84
1706306400000,99993.77,100112.02
1706306400000,99993.77,100108.76
1706306400000,99993.77,100105.5
1706306400000,99993.77,100106.59
1706306400000,99993.77,100105.5
1706306400000,99993.77,100106.58
1706306400000,99993.77,100107.67
1706306400000,99993.77,100109.84
1706306400000,99993.77,100110.93
1706306400000,99993.77,100113.1
1706306400000,99993.77,100114.18
1706306400000,99993.77,100112.01
1706306400000,99993.77,100113.09
1706306400000,99993.77,100114.18
1706306400000,99993.77,100113.1
1706306400000,99993.77,100110.93
1706306400000,99993.77,100112.01
1706306400000,99993.77,100110.92
1706306400000,99993.77,100112.01
1706306400000,99993.77,100110.93
1706306400000,99993.77,100109.84
1706306400000,99993.77,100108.76
1706306400000,99993.77,100109.85
1706306400000,99993.77,100108.76
1706306400000,99993.77,100109.84
1706306400000,99993.77,100108.76
1706306400000,99993.77,100107.68
1706306400000,99993.77,100106.6
1706306400000,99993.77,100107.68
1706306400000,99993.77,100106.59
1706306400000,99993.77,100107.68
1706306400000,99993.77,100106.6
1706306400000,99993.77,100105.51
1706306400000,99993.77,100104.43
1706306400000,99993.77,100102.26
1706306400000,99993.77,100103.34
1706306400000,99993.77,100102.25
1706306400000,99993.77,100100.08
1706306400000,99993.77,100099.0
1706306400000,99993.77,100101.17
1706306400000,99993.77,100100.08
1706306400000,99993.77,100099.0
1706306400000,99993.77,100101.17
1706306400000,99993.77,100103.34
1706306400000,99993.77,100104.42
1706306400000,99993.77,100102.25
1706306400000,99993.77,100104.42
1706306400000,99993.77,100106.59
1706306400000,99993.77,100107.68
1706306400000,99993.77,100105.51
1706306400000,99993.77,100107.68
1706306400000,99993.77,100110.93
1706306400000,99993.77,100109.84
1706306400000,99993.77,100110.93
1706306400000,99993.77,100109.85
1706306400000,99993.77,100110.93
1706306400000,99993.77,100109.84
1706306400000,99993.77,100110.93
1706306400000,99993.77,100109.84
1706306400000,99993.77,100110.93
1706306400000,99993.77,100109.84
1706306400000,99993.77,100109.85
1706306400000,99993.77,100108.76
1706306400000,99993.77,100107.68
1706306400000,99993.77,100108.76
1706306400000,99993.77,100109.85
1706306400000,99993.77,100107.68
1706306400000,99993.77,100108.76
1706306400000,99993.77,100110.93
1706306400000,99993.77,100112.01
1706306400000,99993.77,100109.84
1706306400000,99993.77,100110.93
1706306400000,99993.77,100113.1
1706306400000,99993.77,100114.19
1706306400000,99993.77,100112.01
1706306400000,99993.77,100114.18
1706306400000,99993.77,100116.35
1706306400000,99993.77,100115.27
1706306400000,99993.77,100114.18
1706306400000,99993.77,100116.35
1706306400000,99993.77,100115.27
1706306400000,99993.77,100115.26
1706306400000,99993.77,100113.09
1706306400000,99993.77,100110.92
1706306400000,99993.77,100109.84
1706306400000,99993.77,100112.01
1706306400000,99993.77,100109.84
1706306400000,99993.77,100107.67
1706306400000,99993.77,100106.59
1706306400000,99993.77,100108.76
1706306400000,99993.77,100106.59
1706306400000,99993.77,100104.42
1706306400000,99993.77,100103.33
1706306400000,99993.77,100105.5
1706306400000,99993.77,100103.34
1706306400000,99993.77,100101.17
1706306400000,99993.77,100104.42
1706306400000,99993.77,100107.68
1706306400000,99993.77,100106.59
1706306400000,99993.77,100105.5
1706306400000,99993.77,100106.59
1706306400000,99993.77,100107.68
1706306400000,99993.77,100108.76
1706306400000,99993.77,100110.93
1706306400000,99993.77,100112.01
1706306400000,99993.77,100110.93
1706306400000,99993.77,100108.76
1706306400000,99993.77,100107.67
1706306400000,99993.77,100109.84
1706306400000,99993.77,100108.76
1706306400000,99993.77,100106.59
1706306400000,99993.77,100105.5
1706306400000,99993.77,100107.67
1706306400000,99993.77,100106.59
1706306400000,99993.77,100104.42
1706306400000,99993.77,100103.33
1706306400000,99993.77,100105.5
1706306400000,99993.77,100102.25
1706306400000,99993.77,100099.0
1706306400000,99993.77,100102.25
1706306400000,99993.77,100106.59
1706306400000,99993.77,100105.5
1706306400000,99993.77,100104.42
1706306400000,99993.77,100105.5
1706306400000,99993.77,100106.59
1706306400000,99993.77,100107.67
1706306400000,99993.77,100109.84
1706306400000,99993.77,100106.59
1706306400000,99993.77,100103.33
1706306400000,99993.77,100104.42
1706306400000,99993.77,100105.5
1706306400000,99993.77,100103.33
1706306400000,99993.77,100101.16
1706306400000,99993.77,100104.41
1706306400000,99993.77,100108.75
1706306400000,99993.77,100107.67
1706306400000,99993.77,100108.75
1706306400000,99993.77,100107.66
1706306400000,99993.77,100109.83
1706306400000,99993.77,100112.0
1706306400000,99993.77,100115.26
1706306400000,99993.77,100114.17
1706306400000,99993.77,100115.25
1706306400000,99993.77,100114.17
1706306400000,99993.77,100117.42
1706306400000,99993.77,100120.68
1706306400000,99993.77,100123.93
1706306400000,99993.77,100121.75
1706306400000,99993.77,100119.58
1706306400000,99993.77,100117.42
1706306400000,99993.77,100118.51
1706306400000,99993.77,100117.43
1706306400000,99993.77,100119.59
1706306400000,99993.77,100120.68
1706306400000,99993.77,100119.59
1706306400000,99993.77,100120.68
1706306400000,99993.77,100116.34
1706306400000,99993.77,100121.76
1706306400000,99993.77,100127.19
1706306400000,99993.77,100126.09
1706306400000,99993.77,100125.01
1706306400000,99993.77,100123.92
1706306400000,99993.77,100126.09
1706306400000,99993.77,100128.26
1706306400000,99993.77,100131.51
1706306400000,99993.77,100130.42
1706306400000,99993.77,100128.25
1706306400000,99993.77,100126.09
1706306400000,99993.77,100127.17
1706306400000,99993.77,100126.08
1706306400000,99993.77,100127.16
1706306400000,99993.77,100126.08
1706306400000,99993.77,100123.91
1706306400000,99993.77,100121.74
1706306400000,99993.77,100122.82
1706306400000,99993.77,100121.73
1706306400000,99993.77,100122.83
1706306400000,99993.77,100121.75
1706306400000,99993.77,100119.58
1706306400000,99993.77,100117.41
1706306400000,99993.77,100118.49
1706306400000,99993.77,100117.41
1706306400000,99993.77,100118.5
1706306400000,99993.77,100117.41
1706306400000,99993.77,100115.24
1706306400000,99993.77,100113.07
1706306400000,99993.77,100110.9
1706306400000,99993.77,100110.91
1706306400000,99993.77,100107.66
1706306400000,99993.77,100103.32
1706306400000,99993.77,100104.4
1706306400000,99993.77,100105.49
1706306400000,99993.77,100103.32
1706306400000,99993.77,100101.15
1706306400000,99993.77,100103.32
1706306400000,99993.77,100106.57
1706306400000,99993.77,100107.65
1706306400000,99993.77,100105.48
1706306400000,99993.77,100107.66
1706306400000,99993.77,100110.91
1706306400000,99993.77,100111.99
1706306400000,99993.77,100109.82
1706306400000,99993.77,100112.0
1706306400000,99993.77,100115.25
1706306400000,99993.77,100116.33
1706306400000,99993.77,100114.16
1706306400000,99993.77,100116.33
1706306400000,99993.77,100118.5
1706306400000,99993.77,100120.67
1706306400000,99993.77,100119.59
1706306400000,99993.77,100131.52
1706306400000,99993.77,100126.09
1706306400000,99993.77,100127.18
1706306400000,99993.77,100121.76
1706306400000,99993.77,100122.84
1706306400000,99993.77,100115.25
1706306400000,99993.77,100121.76
1706306400000,99993.77,100120.68
1706306400000,99993.77,100112.0
1706306400000,99993.77,100115.26
1706306400000,99993.77,100109.83
1706306400000,99993.77,100117.43
1706306400000,99993.77,100116.34
1706306400000,99993.77,100123.93
1706306400000,99993.77,100122.84
1706306400000,99993.77,100131.52
1706306400000,99993.77,100125.02
1706306400000,99993.77,100126.1
1706306400000,99993.77,100122.85
1706306400000,99993.77,100119.59
1706306400000,99993.77,100120.68
1706306400000,99993.77,100121.77
1706306400000,99993.77,100120.68
1706306400000,99993.77,100118.51
1706306400000,99993.77,100130.45
1706306400000,99993.77,100129.36
1706306400000,99993.77,100141.29
1706306400000,99993.77,100140.21
1706306400000,99993.77,100153.22
1706306400000,99993.77,100144.54
1706306400000,99993.77,100147.79
1706306400000,99993.77,100145.63
1706306400000,99993.77,100142.37
1706306400000,99993.77,100138.03
1706306400000,99993.77,100139.11
1706306400000,99993.77,100134.78
1706306400000,99993.77,100135.86
1706306400000,99993.77,100131.52
1706306400000,99993.77,100132.6
1706306400000,99993.77,100129.35
1706306400000,99993.77,100125.01
1706306400000,99993.77,100123.92
1706306400000,99993.77,100126.09
1706306400000,99993.77,100125.01
1706306400000,99993.77,100127.18
1706306400000,99993.77,100121.75
1706306400000,99993.77,100122.84
1706306400000,99993.77,100117.42
1706306400000,99993.77,100118.5
1706306400000,99993.77,100113.09
1706306400000,99993.77,100114.18
1706306400000,99993.77,100112.0
1706306400000,99993.77,100108.75
1706306400000,99993.77,100110.92
1706306400000,99993.77,100112.0
1706306400000,99993.77,100113.09
1706306400000,99993.77,100114.17
1706306400000,99993.77,100112.01
1706306400000,99993.77,100113.09
1706306400000,99993.77,100114.17
1706306400000,99993.77,100112.01
1706306400000,99993.77,100108.75
1706306400000,99993.77,100107.67
1706306400000,99993.77,100109.84
1706306400000,99993.77,100107.67
1706306400000,99993.77,100104.41
1706306400000,99993.77,100103.32
1706306400000,99993.77,100105.5
1706306400000,99993.77,100102.24
1706306400000,99993.77,100097.9
1706306400000,99993.77,100098.98
1706306400000,99993.77,100101.15
1706306400000,99993.77,100102.23
1706306400000,99993.77,100100.07
1706306400000,99993.77,100098.98
1706306400000,99993.77,100100.07
1706306400000,99993.77,100098.98
1706306400000,99993.77,100102.24
1706306400000,99993.77,100107.66
1706306400000,99993.77,100106.58
1706306400000,99993.77,100105.49
1706306400000,99993.77,100106.57
1706306400000,99993.77,100107.66
1706306400000,99993.77,100105.49
1706306400000,99993.77,100107.66
1706306400000,99993.77,100109.83
1706306400000,99993.77,100110.91
1706306400000,99993.77,100108.74
1706306400000,99993.77,100110.91
1706306400000,99993.77,100113.08
1706306400000,99993.77,100114.16
1706306400000,99993.77,100111.99
1706306400000,99993.77,100114.16
1706306400000,99993.77,100117.41
1706306400000,99993.77,100116.33
1706306400000,99993.77,100115.25
1706306400000,99993.77,100114.16
1706306400000,99993.77,100116.33
1706306400000,99993.77,100115.25
1706306400000,99993.77,100116.33
1706306400000,99993.77,100115.25
1706306400000,99993.77,100114.17
1706306400000,99993.77,100111.99
1706306400000,99993.77,100110.91
1706306400000,99993.77,100113.08
1706306400000,99993.77,100111.99
1706306400000,99993.77,100109.82
1706306400000,99993.77,100108.74
1706306400000,99993.77,100110.91
1706306400000,99993.77,100109.82
1706306400000,99993.77,100107.66
1706306400000,99993.77,100106.57
1706306400000,99993.77,100108.74
1706306400000,99993.77,100107.66
1706306400000,99993.77,100105.49
1706306400000,99993.77,100104.41
1706306400000,99993.77,100106.57
1706306400000,99993.77,100105.49
1706306400000,99993.77,100103.32
1706306400000,99993.77,100104.41
1706306400000,99993.77,100103.32
1706306400000,99993.77,100104.41
1706306400000,99993.77,100105.49
1706306400000,99993.77,100104.41
1706306400000,99993.77,100105.49
1706306400000,99993.77,100101.15
1706306400000,99993.77,100102.23
1706306400000,99993.77,100101.15
1706306400000,99993.77,100098.98
1706306400000,99993.77,100097.9
1706306400000,99993.77,100100.06
1706306400000,99993.77,100098.98
1706306400000,99993.77,100096.81
1706306400000,99993.77,100095.73
1706306400000,99993.77,100097.9
1706306400000,99993.77,100096.81
1706306400000,99993.77,100094.65
1706306400000,99993.77,100093.56
1706306400000,99993.77,100095.73
1706306400000,99993.77,100094.65
1706306400000,99993.77,100092.48
1706306400000,99993.77,100091.39
1706306400000,99993.77,100093.56
1706306400000,99993.77,100090.31
1706306400000,99993.77,100091.39
1706306400000,99993.77,100089.22
1706306400000,99993.77,100085.97
1706306400000,99993.77,100089.22
1706306400000,99993.77,100090.3
1706306400000,99993.77,100088.13
1706306400000,99993.77,100089.22
1706306400000,99993.77,100090.3
1706306400000,99993.77,100088.13
1706306400000,99993.77,100090.3
1706306400000,99993.77,100092.47
1706306400000,99993.77,100093.56
1706306400000,99993.77,100091.39
1706306400000,99993.77,100093.55
1706306400000,99993.77,100095.72
1706306400000,99993.77,100096.81
1706306400000,99993.77,100094.64
1706306400000,99993.77,100097.89
1706306400000,99993.77,100101.15
1706306400000,99993.77,100098.98
1706306400000,99993.77,100096.8
1706306400000,99993.77,100095.72
1706306400000,99993.77,100097.89
1706306400000,99993.77,100098.98
1706306400000,99993.77,100097.89
1706306400000,99993.77,100098.98
1706306400000,99993.77,100095.72
1706306400000,99993.77,100100.06
1706306400000,99993.77,100101.14
1706306400000,99993.77,100098.97
1706306400000,99993.77,100100.06
1706306400000,99993.77,100098.97
1706306400000,99993.77,100100.05
1706306400000,99993.77,100098.97
1706306400000,99993.77,100101.14
1706306400000,99993.77,100103.3
1706306400000,99993.77,100105.48
1706306400000,99993.77,100104.39
1706306400000,99993.77,100105.48
1706306400000,99993.77,100104.39
1706306400000,99993.77,100106.56
1706306400000,99993.77,100108.72
1706306400000,99993.77,100110.89
1706306400000,99993.77,100109.81
1706306400000,99993.77,100110.9
1706306400000,99993.77,100109.81
1706306400000,99993.77,100111.97
1706306400000,99993.77,100114.15
1706306400000,99993.77,100117.4
1706306400000,99993.77,100115.22
1706306400000,99993.77,100113.05
1706306400000,99993.77,100110.89
1706306400000,99993.77,100111.97
1706306400000,99993.77,100110.89
1706306400000,99993.77,100113.06
1706306400000,99993.77,100114.14
1706306400000,99993.77,100113.06
1706306400000,99993.77,100114.14
1706306400000,99993.77,100109.8
1706306400000,99993.77,100109.81
1706306400000,99993.77,100106.55
1706306400000,99993.77,100102.22
1706306400000,99993.77,100103.3
1706306400000,99993.77,100104.39
1706306400000,99993.77,100102.22
1706306400000,99993.77,100100.05
1706306400000,99993.77,100102.22
1706306400000,99993.77,100105.48
1706306400000,99993.77,100106.56
1706306400000,99993.77,100104.39
1706306400000,99993.77,100106.56
1706306400000,99993.77,100109.81
1706306400000,99993.77,100110.9
1706306400000,99993.77,100108.72
1706306400000,99993.77,100111.98
1706306400000,99993.77,100116.31
1706306400000,99993.77,100115.23
1706306400000,99993.77,100113.06
1706306400000,99993.77,100114.14
1706306400000,99993.77,100113.06
1706306400000,99993.77,100114.15
1706306400000,99993.77,100115.23
1706306400000,99993.77,100114.15
1706306400000,99993.77,100115.23
1706306400000,99993.77,100113.06
1706306400000,99993.77,100108.72
1706306400000,99993.77,100106.55
1706306400000,99993.77,100104.39
1706306400000,99993.77,100103.3
1706306400000,99993.77,100105.47
1706306400000,99993.77,100101.13
1706306400000,99993.77,100102.22
1706306400000,99993.77,100097.88
1706306400000,99993.77,100098.96
1706306400000,99993.77,100093.55
1706306400000,99993.77,100100.05
1706306400000,99993.77,100097.89
1706306400000,99993.77,100100.06
1706306400000,99993.77,100103.31
1706306400000,99993.77,100106.56
1706306400000,99993.77,100109.81
1706306400000,99993.77,100113.07
1706306400000,99993.77,100111.98
1706306400000,99993.77,100110.9
1706306400000,99993.77,100113.07
1706306400000,99993.77,100116.32
1706306400000,99993.77,100114.16
1706306400000,99993.77,100110.9
1706306400000,99993.77,100109.81
1706306400000,99993.77,100111.98
1706306400000,99993.77,100109.81
1706306400000,99993.77,100106.56
1706306400000,99993.77,100107.64
1706306400000,99993.77,100100.05
1706306400000,99993.77,100103.3
1706306400000,99993.77,100102.22
1706306400000,99993.77,100103.3
1706306400000,99993.77,100105.47
1706306400000,99993.77,100111.97
1706306400000,99993.77,100110.88
1706306400000,99993.77,100117.39
1706306400000,99993.77,100116.3
1706306400000,99993.77,100122.81
1706306400000,99993.77,100121.73
1706306400000,99993.77,100124.97
1706306400000,99993.77,100129.31
1706306400000,99993.77,100129.32
1706306400000,99993.77,100136.91
1706306400000,99993.77,100145.58
1706306400000,99993.77,100143.4
1706306400000,99993.77,100140.15
1706306400000,99993.77,100145.58
1706306400000,99993.77,100151.0
1706306400000,99993.77,100147.74
1706306400000,99993.77,100144.48
1706306400000,99993.77,100143.39
1706306400000,99993.77,100145.57
1706306400000,99993.77,100142.31
1706306400000,99993.77,100139.06
1706306400000,99993.77,100137.97
1706306400000,99993.77,100140.13
1706306400000,99993.77,100136.89
1706306400000,99993.77,100133.63
1706306400000,99993.77,100134.71
1706306400000,99993.77,100133.63
1706306400000,99993.77,100134.71
1706306400000,99993.77,100132.55
1706306400000,99993.77,100130.38
1706306400000,99993.77,100128.21
1706306400000,99993.77,100126.04
1706306400000,99993.77,100127.13
1706306400000,99993.77,100126.05
1706306400000,99993.77,100128.21
1706306400000,99993.77,100127.14
1706306400000,99993.77,100126.05
1706306400000,99993.77,100128.22
1706306400000,99993.77,100124.97
1706306400000,99993.77,100121.72
1706306400000,99993.77,100120.63
1706306400000,99993.77,100122.8
1706306400000,99993.77,100119.56
1706306400000,99993.77,100116.3
1706306400000,99993.77,100117.38
1706306400000,99993.77,100110.88
1706306400000,99993.77,100114.13
1706306400000,99993.77,100113.05
1706306400000,99993.77,100114.13
1706306400000,99993.77,100116.3
1706306400000,99993.77,100118.47
1706306400000,99993.77,100119.55
1706306400000,99993.77,100120.64
1706306400000,99993.77,100121.72
1706306400000,99993.77,100120.63
1706306400000,99993.77,100121.72
1706306400000,99993.77,100120.63
1706306400000,99993.77,100121.72
1706306400000,99993.77,100122.8
1706306400000,99993.77,100123.89
1706306400000,99993.77,100122.8
1706306400000,99993.77,100123.88
1706306400000,99993.77,100122.8
1706306400000,99993.77,100123.88
1706306400000,99993.77,100124.97
1706306400000,99993.77,100126.05
1706306400000,99993.77,100124.97
1706306400000,99993.77,100126.05
1706306400000,99993.77,100124.96
1706306400000,99993.77,100126.05
1706306400000,99993.77,100127.14
1706306400000,99993.77,100128.22
1706306400000,99993.77,100127.14
1706306400000,99993.77,100128.22
1706306400000,99993.77,100127.13
1706306400000,99993.77,100128.22
1706306400000,99993.77,100129.31
1706306400000,99993.77,100130.39
1706306400000,99993.77,100129.31
1706306400000,99993.77,100130.39
1706306400000,99993.77,100129.31
1706306400000,99993.77,100128.22
1706306400000,99993.77,100129.3
1706306400000,99993.77,100128.22
1706306400000,99993.77,100130.39
1706306400000,99993.77,100129.3
1706306400000,99993.77,100134.72
1706310000000,99993.77,100134.73
1706310000000,99993.77,100135.81
1706310000000,99993.77,100137.98
1706310000000,99993.77,100139.06
1706310000000,99993.77,100136.89
1706310000000,99993.77,100137.98
1706310000000,99993.77,100139.06
1706310000000,99993.77,100135.81
1706310000000,99993.77,100131.47
1706310000000,99993.77,100130.39
1706310000000,99993.77,100132.56
1706310000000,99993.77,100129.31
1706310000000,99993.77,100124.97
1706310000000,99993.77,100123.89
1706310000000,99993.77,100126.06
1706310000000,99993.77,100122.81
1706310000000,99993.77,100118.48
1706310000000,99993.77,100119.56
1706310000000,99993.77,100121.72
1706310000000,99993.77,100120.64
1706310000000,99993.77,100121.73
1706310000000,99993.77,100122.81
1706310000000,99993.77,100121.73
1706310000000,99993.77,100117.39
1706310000000,99993.77,100118.48
1706310000000,99993.77,100114.14
1706310000000,99993.77,100115.23
1706310000000,99993.77,100110.89
1706310000000,99993.77,100111.98
1706310000000,99993.77,100107.64
1706310000000,99993.77,100108.72
1706310000000,99993.77,100104.39
1706310000000,99993.77,100105.47
1706310000000,99993.77,100097.88
1706310000000,99993.77,100097.89
1706310000000,99993.77,100096.8
1706310000000,99993.77,100098.97
1706310000000,99993.77,100100.05
1706310000000,99993.77,100097.88
1706310000000,99993.77,100098.96
1706310000000,99993.77,100100.05
1706310000000,99993.77,100098.96
1706310000000,99993.77,100097.88
1706310000000,99993.77,100095.71
1706310000000,99993.77,100096.8
1706310000000,99993.77,100095.71
1706310000000,99993.77,100096.79
1706310000000,99993.77,100095.71
1706310000000,99993.77,100094.63
1706310000000,99993.77,100092.46
1706310000000,99993.77,100093.54
1706310000000,99993.77,100092.46
1706310000000,99993.77,100093.54
1706310000000,99993.77,100092.46
1706310000000,99993.77,100091.38
1706310000000,99993.77,100089.21
1706310000000,99993.77,100090.29
1706310000000,99993.77,100089.21
1706310000000,99993.77,100090.29
1706310000000,99993.77,100089.21
1706310000000,99993.77,100087.04
1706310000000,99993.77,100084.87
1706310000000,99993.77,100082.7
1706310000000,99993.77,100089.21
1706310000000,99993.77,100088.13
1706310000000,99993.77,100094.63
1706310000000,99993.77,100093.55
1706310000000,99993.77,100102.23
1706310000000,99993.77,100095.71
1706310000000,99993.77,100097.88
1706310000000,99993.77,100094.63
1706310000000,99993.77,100095.71
1706310000000,99993.77,100094.63
1706310000000,99993.77,100096.8
1706310000000,99993.77,100091.38
1706310000000,99993.77,100092.46
1706310000000,99993.77,100087.04
1706310000000,99993.77,100091.38
1706310000000,99993.77,100090.29
1706310000000,99993.77,100090.3
1706310000000,99993.77,100092.46
1706310000000,99993.77,100095.72
1706310000000,99993.77,100093.55
1706310000000,99993.77,100095.72
1706310000000,99993.77,100098.97
1706310000000,99993.77,100097.88
1706310000000,99993.77,100101.14
1706310000000,99993.77,100100.05
1706310000000,99993.77,100103.31
1706310000000,99993.77,100102.22
1706310000000,99993.77,100106.56
1706310000000,99993.77,100098.97
1706310000000,99993.77,100100.06
1706310000000,99993.77,100105.48
1706310000000,99993.77,100095.72
1706310000000,99993.77,100098.97
1706310000000,99993.77,100093.55
1706310000000,99993.77,100097.89
1706310000000,99993.77,100096.8
1706310000000,99993.77,100101.14
1706310000000,99993.77,100100.05
1706310000000,99993.77,100104.4
1706310000000,99993.77,100103.31
1706310000000,99993.77,100106.57
1706310000000,99993.77,100109.82
1706310000000,99993.77,100106.57
1706310000000,99993.77,100109.82
1706310000000,99993.77,100114.16
1706310000000,99993.77,100111.99
1706310000000,99993.77,100116.33
1706310000000,99993.77,100115.24
1706310000000,99993.77,100119.58
1706310000000,99993.77,100118.49
1706310000000,99993.77,100123.92
1706310000000,99993.77,100117.4
1706310000000,99993.77,100119.58
1706310000000,99993.77,100115.24
1706310000000,99993.77,100111.99
1706310000000,99993.77,100113.07
1706310000000,99993.77,100111.99
1706310000000,99993.77,100115.24
1706310000000,99993.77,100114.16
1706310000000,99993.77,100117.41
1706310000000,99993.77,100116.33
1706310000000,99993.77,100119.58
1706310000000,99993.77,100118.5
1706310000000,99993.77,100121.75
1706310000000,99993.77,100125.0
1706310000000,99993.77,100128.26
1706310000000,99993.77,100129.35
1706310000000,99993.77,100131.51
1706310000000,99993.77,100132.6
1706310000000,99993.77,100130.43
1706310000000,99993.77,100133.68
1706310000000,99993.77,100132.59
1706310000000,99993.77,100135.85
1706310000000,99993.77,100134.76
1706310000000,99993.77,100139.1
1706310000000,99993.77,100132.59
1706310000000,99993.77,100134.76
1706310000000,99993.77,100132.59
1706310000000,99993.77,100130.42
1706310000000,99993.77,100128.25
1706310000000,99993.77,100122.83
1706310000000,99993.77,100123.91
1706310000000,99993.77,100118.49
1706310000000,99993.77,100119.57
1706310000000,99993.77,100113.07
1706310000000,99993.77,100118.49
1706310000000,99993.77,100116.32
1706310000000,99993.77,100120.66
1706310000000,99993.77,100115.23
1706310000000,99993.77,100117.4
1706310000000,99993.77,100114.15
1706310000000,99993.77,100117.4
1706310000000,99993.77,100116.32
1706310000000,99993.77,100119.57
1706310000000,99993.77,100118.49
1706310000000,99993.77,100122.83
1706310000000,99993.77,100120.66
1706310000000,99993.77,100121.74
1706310000000,99993.77,100120.66
1706310000000,99993.77,100111.98
1706310000000,99993.77,100107.65
1706310000000,99993.77,100108.73
1706310000000,99993.77,100104.39
1706310000000,99993.77,100105.48
1706310000000,99993.77,100102.22
1706310000000,99993.77,100098.97
1706310000000,99993.77,100106.56
1706310000000,99993.77,100105.47
1706310000000,99993.77,100113.07
1706310000000,99993.77,100107.65
1706310000000,99993.77,100102.22
1706310000000,99993.77,100095.71
1706310000000,99993.77,100097.88
1706310000000,99993.77,100094.63
1706310000000,99993.77,100100.05
1706310000000,99993.77,100098.97
1706310000000,99993.77,100104.4
1706310000000,99993.77,100103.31
1706310000000,99993.77,100108.73
1706310000000,99993.77,100104.39
1706310000000,99993.77,100101.14
1706310000000,99993.77,100103.3
1706310000000,99993.77,100102.22
1706310000000,99993.77,100104.39
1706310000000,99993.77,100107.64
1706310000000,99993.77,100108.73
1706310000000,99993.77,100106.55
1706310000000,99993.77,100111.98
1706310000000,99993.77,100110.89
1706310000000,99993.77,100116.31
1706310000000,99993.77,100115.23
1706310000000,99993.77,100120.65
1706310000000,99993.77,100114.13
1706310000000,99993.77,100116.3
1706310000000,99993.77,100114.14
1706310000000,99993.77,100111.97
1706310000000,99993.77,100111.96
1706310000000,99993.77,100108.7
1706310000000,99993.77,100109.79
1706310000000,99993.77,100106.55
1706310000000,99993.77,100107.63
1706310000000,99993.77,100102.21
1706310000000,99993.77,100102.2
1706310000000,99993.77,100107.63
1706310000000,99993.77,100106.54
1706310000000,99993.77,100111.96
1706310000000,99993.77,100110.88
1706310000000,99993.77,100116.31
1706310000000,99993.77,100115.22
1706310000000,99993.77,100120.65
1706310000000,99993.77,100120.64
1706310000000,99993.77,100116.31
1706310000000,99993.77,100113.06
1706310000000,99993.77,100114.14
1706310000000,99993.77,100111.97
1706310000000,99993.77,100113.05
1706310000000,99993.77,100110.88
1706310000000,99993.77,100111.97
1706310000000,99993.77,100108.72
1706310000000,99993.77,100105.46
1706310000000,99993.77,100113.06
1706310000000,99993.77,100111.97
1706310000000,99993.77,100116.3
1706310000000,99993.77,100120.64
1706310000000,99993.77,100119.55
1706310000000,99993.77,100131.47
1706310000000,99993.77,100123.89
1706310000000,99993.77,100124.97
1706310000000,99993.77,100117.38
1706310000000,99993.77,100118.47
1706310000000,99993.77,100109.79
1706310000000,99993.77,100115.22
1706310000000,99993.77,100114.13
1706310000000,99993.77,100114.14
1706310000000,99993.77,100108.72
1706310000000,99993.77,100109.8
1706310000000,99993.77,100103.3
1706310000000,99993.77,100111.98
1706310000000,99993.77,100110.89
1706310000000,99993.77,100120.65
1706310000000,99993.77,100131.5
1706310000000,99993.77,100119.56
1706310000000,99993.77,100120.65
1706310000000,99993.77,100108.71
1706310000000,99993.77,100120.64
1706310000000,99993.77,100128.23
1706310000000,99993.77,100126.06
1706310000000,99993.77,100131.49
1706310000000,99993.77,100120.64
1706310000000,99993.77,100121.73
1706310000000,99993.77,100109.8
1706310000000,99993.77,100121.73
1706310000000,99993.77,100120.65
1706310000000,99993.77,100119.56
1706310000000,99993.77,100121.73
1706310000000,99993.77,100120.66
1706310000000,99993.77,100119.57
1706310000000,99993.77,100121.74
1706310000000,99993.77,100115.23
1706310000000,99993.77,100108.73
1706310000000,99993.77,100107.65
1706310000000,99993.77,100109.82
1706310000000,99993.77,100103.31
1706310000000,99993.77,100096.8
1706310000000,99993.77,100095.72
1706310000000,99993.77,100097.89
1706310000000,99993.77,100091.38
1706310000000,99993.77,100083.79
1706310000000,99993.77,100090.29
1706310000000,99993.77,100088.12
1706310000000,99993.77,100090.29
1706310000000,99993.77,100093.55
1706310000000,99993.77,100098.97
1706310000000,99993.77,100100.05
1706310000000,99993.77,100098.97
1706310000000,99993.77,100101.14
1706310000000,99993.77,100098.97
1706310000000,99993.77,100100.05
1706310000000,99993.77,100097.88
1706310000000,99993.77,100098.97
1706310000000,99993.77,100095.71
1706310000000,99993.77,100097.88
1706310000000,99993.77,100092.46
1706310000000,99993.77,100095.71
1706310000000,99993.77,100094.63
1706310000000,99993.77,100098.97
1706310000000,99993.77,100097.88
1706310000000,99993.77,100096.8
1706310000000,99993.77,100098.97
1706310000000,99993.77,100101.14
1706310000000,99993.77,100098.97
1706310000000,99993.77,100108.73
1706310000000,99993.77,100119.57
1706310000000,99993.77,100116.31
1706310000000,99993.77,100113.06
1706310000000,99993.77,100119.57
1706310000000,99993.77,100127.16
1706310000000,99993.77,100121.74
1706310000000,99993.77,100115.23
1706310000000,99993.77,100114.14
1706310000000,99993.77,100116.31
1706310000000,99993.77,100110.89
1706310000000,99993.77,100104.38
1706310000000,99993.77,100103.3
1706310000000,99993.77,100105.46
1706310000000,99993.77,100092.44
1706310000000,99993.77,100093.53
1706310000000,99993.77,100092.44
1706310000000,99993.77,100093.53
1706310000000,99993.77,100094.61
1706310000000,99993.77,100094.62
1706310000000,99993.77,100093.54
1706310000000,99993.77,100092.45
1706310000000,99993.77,100093.54
1706310000000,99993.77,100094.62
1706310000000,99993.77,100092.45
1706310000000,99993.77,100095.7
1706310000000,99993.77,100098.96
1706310000000,99993.77,100100.04
1706310000000,99993.77,100097.87
1706310000000,99993.77,100101.12
1706310000000,99993.77,100104.38
1706310000000,99993.77,100105.46
1706310000000,99993.77,100103.29
1706310000000,99993.77,100106.55
1706310000000,99993.77,100109.8
1706310000000,99993.77,100108.71
1706310000000,99993.77,100106.54
1706310000000,99993.77,100105.46
1706310000000,99993.77,100107.63
1706310000000,99993.77,100106.54
1706310000000,99993.77,100107.63
1706310000000,99993.77,100105.46
1706310000000,99993.77,100103.29
1706310000000,99993.77,100101.12
1706310000000,99993.77,100100.04
1706310000000,99993.77,100102.2
1706310000000,99993.77,100101.12
1706310000000,99993.77,100100.04
1706310000000,99993.77,100103.29
1706310000000,99993.77,100106.54
1706310000000,99993.77,100107.62
1706310000000,99993.77,100105.46
1706310000000,99993.77,100108.71
1706310000000,99993.77,100111.96
1706310000000,99993.77,100110.88
1706310000000,99993.77,100111.96
1706310000000,99993.77,100110.87
1706310000000,99993.77,100113.04
1706310000000,99993.77,100116.3
1706310000000,99993.77,100119.55
1706310000000,99993.77,100117.38
1706310000000,99993.77,100115.21
1706310000000,99993.77,100113.04
1706310000000,99993.77,100114.13
1706310000000,99993.77,100113.04
1706310000000,99993.77,100115.21
1706310000000,99993.77,100114.13
1706310000000,99993.77,100113.04
1706310000000,99993.77,100111.96
1706310000000,99993.77,100110.87
1706310000000,99993.77,100107.62
1706310000000,99993.77,100108.7
1706310000000,99993.77,100110.87
1706310000000,99993.77,100111.96
1706310000000,99993.77,100109.78
1706310000000,99993.77,100110.87
1706310000000,99993.77,100111.96
1706310000000,99993.77,100110.87
1706310000000,99993.77,100108.7
1706310000000,99993.77,100109.79
1706310000000,99993.77,100106.53
1706310000000,99993.77,100107.62
1706310000000,99993.77,100104.37
1706310000000,99993.77,100105.45
1706310000000,99993.77,100104.37
1706310000000,99993.77,100105.45
1706310000000,99993.77,100107.62
1706310000000,99993.77,100106.53
1706310000000,99993.77,100108.71
1706310000000,99993.77,100107.62
1706310000000,99993.77,100109.79
1706310000000,99993.77,100108.7
1706310000000,99993.77,100110.87
1706310000000,99993.77,100109.78
1706310000000,99993.77,100111.96
1706310000000,99993.77,100114.13
1706310000000,99993.77,100110.87
1706310000000,99993.77,100111.96
1706310000000,99993.77,100110.87
1706310000000,99993.77,100113.04
1706310000000,99993.77,100111.96
1706310000000,99993.77,100114.12
1706310000000,99993.77,100113.04
1706310000000,99993.77,100114.12
1706310000000,99993.77,100113.04
1706310000000,99993.77,100114.12
1706310000000,99993.77,100113.04
1706310000000,99993.77,100114.13
1706310000000,99993.77,100113.04
1706310000000,99993.77,100114.12
1706310000000,99993.77,100113.04
1706310000000,99993.77,100115.21
1706310000000,99993.77,100114.12
1706310000000,99993.77,100115.21
1706310000000,99993.77,100113.04
1706310000000,99993.77,100114.12
1706310000000,99993.77,100110.87
1706310000000,99993.77,100111.96
1706310000000,99993.77,100110.87
1706310000000,99993.77,100111.96
1706310000000,99993.77,100110.87
1706310000000,99993.77,100111.95
1706310000000,99993.77,100110.87
1706310000000,99993.77,100111.96
1706310000000,99993.77,100109.78
1706310000000,99993.77,100110.87
1706310000000,99993.77,100107.62
1706310000000,99993.77,100108.7
1706310000000,99993.77,100107.62
1706310000000,99993.77,100108.7
1706310000000,99993.77,100107.62
1706310000000,99993.77,100108.7
1706310000000,99993.77,100107.62
1706310000000,99993.77,100106.53
1706310000000,99993.77,100105.45
1706310000000,99993.77,100104.36
1706310000000,99993.77,100103.28
1706310000000,99993.77,100104.37
1706310000000,99993.77,100103.28
1706310000000,99993.77,100104.36
1706310000000,99993.77,100103.28
1706310000000,99993.77,100104.37
1706310000000,99993.77,100103.28
1706310000000,99993.77,100104.37
1706310000000,99993.77,100103.28
1706310000000,99993.77,100104.36
1706310000000,99993.77,100103.28
1706310000000,99993.77,100104.37
1706310000000,99993.77,100103.28
1706310000000,99993.77,100104.36
1706310000000,99993.77,100103.28
1706310000000,99993.77,100104.36
1706310000000,99993.77,100103.28
1706310000000,99993.77,100104.36
1706310000000,99993.77,100103.28
1706310000000,99993.77,100105.45
1706310000000,99993.77,100107.62
1706310000000,99993.77,100106.54
1706310000000,99993.77,100108.71
1706310000000,99993.77,100109.79
1706310000000,99993.77,100107.62
1706310000000,99993.77,100108.71
1706310000000,99993.77,100109.79
1706310000000,99993.77,100108.71
1706310000000,99993.77,100107.62
1706310000000,99993.77,100106.54
1706310000000,99993.77,100108.71
1706310000000,99993.77,100107.62
1706310000000,99993.77,100106.54
1706310000000,99993.77,100105.45
1706310000000,99993.77,100107.62
1706310000000,99993.77,100106.54
1706310000000,99993.77,100105.45
1706310000000,99993.77,100104.37
1706310000000,99993.77,100106.54
1706310000000,99993.77,100105.45
1706310000000,99993.77,100104.37
1706310000000,99993.77,100102.2
1706310000000,99993.77,100103.28
1706310000000,99993.77,100101.12
1706310000000,99993.77,100102.2
1706310000000,99993.77,100103.29
1706310000000,99993.77,100101.12
1706310000000,99993.77,100102.2
1706310000000,99993.77,100104.37
1706310000000,99993.77,100105.45
1706310000000,99993.77,100103.28
1706310000000,99993.77,100104.37
1706310000000,99993.77,100106.54
1706310000000,99993.77,100105.45
1706310000000,99993.77,100108.7
1706310000000,99993.77,100105.45
1706310000000,99993.77,100106.53
1706310000000,99993.77,100105.45
1706310000000,99993.77,100104.37
1706310000000,99993.77,100102.2
1706310000000,99993.77,100104.37
1706310000000,99993.77,100103.28
1706310000000,99993.77,100105.45
1706310000000,99993.77,100104.37
1706310000000,99993.77,100105.45
1706310000000,99993.77,100106.54
1706310000000,99993.77,100106.53
1706310000000,99993.77,100107.62
1706310000000,99993.77,100106.54
1706310000000,99993.77,100108.71
1706310000000,99993.77,100107.62
1706310000000,99993.77,100108.7
1706310000000,99993.77,100107.62
1706310000000,99993.77,100108.7
1706310000000,99993.77,100105.45
1706310000000,99993.77,100106.54
1706310000000,99993.77,100105.45
1706310000000,99993.77,100107.62
1706310000000,99993.77,100108.7
1706310000000,99993.77,100106.53
1706310000000,99993.77,100107.62
1706310000000,99993.77,100108.7
1706310000000,99993.77,100106.53
1706310000000,99993.77,100104.37
1706310000000,99993.77,100103.28
1706310000000,99993.77,100105.45
1706310000000,99993.77,100103.28
1706310000000,99993.77,100101.11
1706310000000,99993.77,100100.03
1706310000000,99993.77,100102.2
1706310000000,99993.77,100100.03
1706310000000,99993.77,100096.78
1706310000000,99993.77,100098.95
1706310000000,99993.77,100101.11
1706310000000,99993.77,100103.28
1706310000000,99993.77,100102.2
1706310000000,99993.77,100103.28
1706310000000,99993.77,100101.11
1706310000000,99993.77,100102.2
1706310000000,99993.77,100103.28
1706310000000,99993.77,100104.37
1706310000000,99993.77,100105.45
1706310000000,99993.77,100104.37
1706310000000,99993.77,100101.12
1706310000000,99993.77,100096.78
1706310000000,99993.77,100097.86
1706310000000,99993.77,100098.95
1706310000000,99993.77,100096.78
1706310000000,99993.77,100094.61
1706310000000,99993.77,100096.78
1706310000000,99993.77,100098.95
1706310000000,99993.77,100100.04
1706310000000,99993.77,100097.86
1706310000000,99993.77,100100.03
1706310000000,99993.77,100102.2
1706310000000,99993.77,100103.28
1706310000000,99993.77,100101.12
1706310000000,99993.77,100104.37
1706310000000,99993.77,100107.62
1706310000000,99993.77,100105.45
1706310000000,99993.77,100106.53
1706310000000,99993.77,100107.62
1706310000000,99993.77,100105.45
1706310000000,99993.77,100107.62
1706310000000,99993.77,100110.87
1706310000000,99993.77,100109.79
1706310000000,99993.77,100113.04
1706310000000,99993.77,100111.96
1706310000000,99993.77,100115.21
1706310000000,99993.77,100114.12
1706310000000,99993.77,100118.46
1706310000000,99993.77,100115.21
1706310000000,99993.77,100116.29
1706310000000,99993.77,100114.12
1706310000000,99993.77,100120.63
1706310000000,99993.77,100118.46
1706310000000,99993.77,100115.21
1706310000000,99993.77,100114.13
1706310000000,99993.77,100116.3
1706310000000,99993.77,100114.13
1706310000000,99993.77,100110.88
1706310000000,99993.77,100109.8
1706310000000,99993.77,100111.97
1706310000000,99993.77,100109.79
1706310000000,99993.77,100106.54
1706310000000,99993.77,100105.46
1706310000000,99993.77,100107.63
1706310000000,99993.77,100105.45
1706310000000,99993.77,100102.2
1706310000000,99993.77,100105.46
1706310000000,99993.77,100108.71
1706310000000,99993.77,100107.62
1706310000000,99993.77,100108.7
1706310000000,99993.77,100106.54
1706310000000,99993.77,100107.62
1706310000000,99993.77,100108.71
1706310000000,99993.77,100109.79
1706310000000,99993.77,100110.87
1706310000000,99993.77,100108.7
1706310000000,99993.77,100107.62
1706310000000,99993.77,100109.78
1706310000000,99993.77,100108.7
1706310000000,99993.77,100107.61
1706310000000,99993.77,100109.78
1706310000000,99993.77,100108.7
1706310000000,99993.77,100107.61
1706310000000,99993.77,100106.53
1706310000000,99993.77,100108.7
1706310000000,99993.77,100106.54
1706310000000,99993.77,100107.62
1706310000000,99993.77,100105.45
1706310000000,99993.77,100106.54
1706310000000,99993.77,100104.37
1706310000000,99993.77,100102.2
1706310000000,99993.77,100101.11
1706310000000,99993.77,100100.02
1706310000000,99993.77,100101.11
1706310000000,99993.77,100102.2
1706310000000,99993.77,100100.02
1706310000000,99993.77,100103.28
1706310000000,99993.77,100107.62
1706310000000,99993.77,100108.7
1706310000000,99993.77,100106.53
1706310000000,99993.77,100109.78
1706310000000,99993.77,100114.12
1706310000000,99993.77,100115.2
1706310000000,99993.77,100113.03
1706310000000,99993.77,100117.37
1706310000000,99993.77,100122.79
1706310000000,99993.77,100115.2
1706310000000,99993.77,100107.61
1706310000000,99993.77,100109.77
1706310000000,99993.77,100113.02
1706310000000,99993.77,100110.86
1706310000000,99993.77,100108.69
1706310000000,99993.77,100106.52
1706310000000,99993.77,100103.27
1706310000000,99993.77,100106.53
1706310000000,99993.77,100105.45
1706310000000,99993.77,100103.28
1706310000000,99993.77,100104.36
1706310000000,99993.77,100105.45
1706310000000,99993.77,100103.28
1706310000000,99993.77,100105.45
1706310000000,99993.77,100108.7
1706310000000,99993.77,100109.78
1706310000000,99993.77,100107.62
1706310000000,99993.77,100109.79
1706310000000,99993.77,100113.04
1706310000000,99993.77,100114.12
1706310000000,99993.77,100111.96
1706310000000,99993.77,100114.12
1706310000000,99993.77,100117.38
1706310000000,99993.77,100116.3
1706310000000,99993.77,100115.21
1706310000000,99993.77,100116.29
1706310000000,99993.77,100117.38
1706310000000,99993.77,100115.21
1706310000000,99993.77,100117.38
1706310000000,99993.77,100120.63
1706310000000,99993.77,100118.46
1706310000000,99993.77,100122.8
1706310000000,99993.77,100119.55
1706310000000,99993.77,100120.63
1706310000000,99993.77,100117.38
1706310000000,99993.77,100118.46
1706310000000,99993.77,100113.04
1706310000000,99993.77,100114.13
1706310000000,99993.77,100113.04
1706310000000,99993.77,100114.12
1706310000000,99993.77,100115.21
1706310000000,99993.77,100118.46
1706310000000,99993.77,100117.38
1706310000000,99993.77,100115.21
1706310000000,99993.77,100113.04
1706310000000,99993.77,100114.12
1706310000000,99993.77,100113.04
1706310000000,99993.77,100115.21
1706310000000,99993.77,100114.12
1706310000000,99993.77,100113.04
1706310000000,99993.77,100111.95
1706310000000,99993.77,100114.12
1706310000000,99993.77,100116.29
1706310000000,99993.77,100118.46
1706310000000,99993.77,100117.37
1706310000000,99993.77,100118.46
1706310000000,99993.77,100117.37
1706310000000,99993.77,100119.54
1706310000000,99993.77,100121.71
1706310000000,99993.77,100123.88
1706310000000,99993.77,100122.79
1706310000000,99993.77,100123.88
1706310000000,99993.77,100122.79
1706310000000,99993.77,100124.96
1706310000000,99993.77,100128.21
1706310000000,99993.77,100131.46
1706310000000,99993.77,100128.21
1706310000000,99993.77,100124.96
1706310000000,99993.77,100121.71
1706310000000,99993.77,100122.79
1706310000000,99993.77,100123.87
1706310000000,99993.77,100124.96
1706310000000,99993.77,100123.88
1706310000000,99993.77,100122.79
1706310000000,99993.77,100121.71
1706310000000,99993.77,100119.54
1706310000000,99993.77,100118.46
1706310000000,99993.77,100114.11
1706310000000,99993.77,100109.78
1706310000000,99993.77,100110.87
1706310000000,99993.77,100113.03
1706310000000,99993.77,100110.87
1706310000000,99993.77,100107.61
1706310000000,99993.77,100109.78
1706310000000,99993.77,100113.03
1706310000000,99993.77,100114.12
1706310000000,99993.77,100111.95
1706310000000,99993.77,100114.12
1706310000000,99993.77,100117.37
1706310000000,99993.77,100118.46
1706310000000,99993.77,100116.29
1706310000000,99993.77,100119.55
1706310000000,99993.77,100123.88
1706310000000,99993.77,100120.63
1706310000000,99993.77,100121.71
1706310000000,99993.77,100120.63
1706310000000,99993.77,100119.54
1706310000000,99993.77,100123.88
1706310000000,99993.77,100122.8
1706310000000,99993.77,100121.71
1706310000000,99993.77,100120.63
1706310000000,99993.77,100122.79
1706310000000,99993.77,100121.71
1706310000000,99993.77,100120.63
1706310000000,99993.77,100119.55
1706310000000,99993.77,100121.72
1706310000000,99993.77,100120.63
1706310000000,99993.77,100119.55
1706310000000,99993.77,100118.46
1706310000000,99993.77,100120.63
1706310000000,99993.77,100118.46
1706310000000,99993.77,100116.29
1706310000000,99993.77,100118.46
1706310000000,99993.77,100120.63
1706310000000,99993.77,100119.55
1706310000000,99993.77,100120.63
1706310000000,99993.77,100119.55
1706310000000,99993.77,100118.46
1706310000000,99993.77,100119.55
1706310000000,99993.77,100118.46
1706310000000,99993.77,100122.8
1706310000000,99993.77,100118.46
1706310000000,99993.77,100117.38
1706310000000,99993.77,100119.55
1706310000000,99993.77,100118.46
1706310000000,99993.77,100117.38
1706310000000,99993.77,100119.55
1706310000000,99993.77,100111.96
1706310000000,99993.77,100104.37
1706310000000,99993.77,100103.28
1706310000000,99993.77,100105.46
1706310000000,99993.77,100097.86
1706310000000,99993.77,100090.28
1706310000000,99993.77,100089.19
1706310000000,99993.77,100091.36
1706310000000,99993.77,100085.94
1706310000000,99993.77,100080.52
1706310000000,99993.77,100074.02
1706310000000,99993.77,100079.44
1706310000000,99993.77,100084.86
1706310000000,99993.77,100090.29
1706310000000,99993.77,100089.2
1706310000000,99993.77,100087.03
1706310000000,99993.77,100084.86
1706310000000,99993.77,100087.03
1706310000000,99993.77,100090.28
1706310000000,99993.77,100093.54
1706310000000,99993.77,100096.79
1706310000000,99993.77,100094.62
1706310000000,99993.77,100095.72
1706310000000,99993.77,100093.55
1706310000000,99993.77,100094.63
1706310000000,99993.77,100095.72
1706310000000,99993.77,100093.55
1706310000000,99993.77,100095.72
1706310000000,99993.77,100098.97
1706310000000,99993.77,100100.05
1706310000000,99993.77,100097.89
1706310000000,99993.77,100100.06
1706310000000,99993.77,100103.31
1706310000000,99993.77,100102.23
1706310000000,99993.77,100107.65
1706310000000,99993.77,100106.57
1706310000000,99993.77,100109.82
1706310000000,99993.77,100113.08
1706486400000,99993.77,99523.87
1706486400000,99993.77,99512.82
1706486400000,99993.77,99601.83
1706486400000,99993.77,99600.42
1706486400000,99993.77,99644.95
1706486400000,99993.77,99689.47
1706486400000,99993.77,99517.51
1706486400000,99993.77,99539.25
1706486400000,99993.77,99562.07
1706486400000,99993.77,99584.89
1706486400000,99993.77,99607.71
1706486400000,99993.77,99600.11
1706486400000,99993.77,99592.5
1706486400000,99993.77,99584.89
1706486400000,99993.77,99577.28
1706486400000,99993.77,99592.5
1706486400000,99993.77,99607.71
1706486400000,99993.77,99622.93
1706486400000,99993.77,99638.15
1706486400000,99993.77,99628.36
1706486400000,99993.77,99617.5
1706486400000,99993.77,99607.71
1706486400000,99993.77,99596.85
1706486400000,99993.77,99595.76
1706486400000,99993.77,99596.85
1706486400000,99993.77,99595.76
1706486400000,99993.77,99597.93
1706486400000,99993.77,99588.15
1706486400000,99993.77,99577.28
1706486400000,99993.77,99567.5
1706486400000,99993.77,99556.63
1706486400000,99993.77,99555.55
1706486400000,99993.77,99556.59
1706486400000,99993.77,99555.51
1706486400000,99993.77,99557.68
1706486400000,99993.77,99546.81
1706486400000,99993.77,99535.94
1706486400000,99993.77,99525.07
1706486400000,99993.77,99514.2
1706486400000,99993.77,99515.29
1706486400000,99993.77,99514.2
1706486400000,99993.77,99515.29
1706486400000,99993.77,99516.38
1706486400000,99993.77,99515.29
1706486400000,99993.77,99516.38
1706486400000,99993.77,99514.2
1706486400000,99993.77,99515.29
1706486400000,99993.77,99514.2
1706486400000,99993.77,99515.29
1706486400000,99993.77,99514.2
1706486400000,99993.77,99515.29
1706486400000,99993.77,99514.2
1706486400000,99993.77,99515.29
1706486400000,99993.77,99633.76
1706486400000,99993.77,99633.21
1706486400000,99993.77,99635.38
1706486400000,99993.77,99634.29
1706486400000,99993.77,99635.38
1706486400000,99993.77,99634.29
1706486400000,99993.77,99635.38
1706486400000,99993.77,99634.29
1706486400000,99993.77,99635.38
1706486400000,99993.77,99623.44
1706486400000,99993.77,99610.42
1706486400000,99993.77,99597.39
1706486400000,99993.77,99598.48
1706486400000,99993.77,99597.39
1706486400000,99993.77,99598.48
1706486400000,99993.77,99586.54
1706486400000,99993.77,99573.51
1706486400000,99993.77,99560.49
1706486400000,99993.77,99561.58
1706486400000,99993.77,99560.29
1706486400000,99993.77,99561.38
1706486400000,99993.77,99548.35
1706486400000,99993.77,99535.32
1706486400000,99993.77,99521.21
1706486400000,99993.77,99540.75
1706486400000,99993.77,99560.29
1706486400000,99993.77,99579.84
1706486400000,99993.77,99573.32
1706486400000,99993.77,99566.81
1706486400000,99993.77,99560.29
1706486400000,99993.77,99570.07
1706486400000,99993.77,99579.84
1706486400000,99993.77,99589.61
1706486400000,99993.77,99600.47
1706486400000,99993.77,99568.79
1706486400000,99993.77,99560.71
1706486400000,99993.77,99662.8
1706486400000,99993.77,99661.61
1706486400000,99993.77,99712.59
1706486400000,99993.77,99764.65
1706486400000,99993.77,99764.57
1706486400000,99993.77,99710.32
1706486400000,99993.77,99742.87
1706486400000,99446.92,99446.92
